Date,EEM,GLD,SPY,TLT,VNQ
2010-01-04,30.194570541381836,109.80000305175781,84.36898803710938,55.07080841064453,23.145572662353516
2010-01-05,30.413715362548828,109.69999694824219,84.5923080444336,55.42646789550781,23.119598388671875
2010-01-06,30.477354049682617,111.51000213623047,84.65186309814453,54.68450164794922,23.078033447265625
2010-01-07,30.300600051879883,110.81999969482422,85.00921630859375,54.77648162841797,23.327417373657227
2010-01-08,30.540985107421875,111.37000274658203,85.29212188720703,54.75192642211914,23.15597152709961
2010-01-11,30.477354049682617,112.8499984741211,85.41124725341797,54.45148468017578,23.29104995727539
2010-01-12,29.989540100097656,110.48999786376953,84.61463928222656,55.38355255126953,22.90139389038086
2010-01-13,30.081451416015625,111.54000091552734,85.3293228149414,54.73967742919922,23.36379051208496
2010-01-14,30.00368881225586,112.02999877929688,85.5600814819336,55.50617599487305,23.343000411987305
2010-01-15,29.657270431518555,110.86000061035156,84.59976196289062,55.84956359863281,23.16636085510254
2010-01-19,30.25819206237793,111.5199966430664,85.65690612792969,55.69015121459961,23.63912582397461
2010-01-20,29.530017852783203,108.94000244140625,84.78588104248047,56.254302978515625,23.374176025390625
2010-01-21,28.639238357543945,107.37000274658203,83.15553283691406,56.51180648803711,22.703968048095703
2010-01-22,28.002967834472656,107.16999816894531,81.30180358886719,56.41371154785156,22.132471084594727
2010-01-25,28.207996368408203,107.4800033569336,81.7187271118164,56.15619659423828,22.288331985473633
2010-01-26,27.6212100982666,107.55999755859375,81.37623596191406,56.1745719909668,22.080516815185547
2010-01-27,27.55051040649414,106.52999877929688,81.76338195800781,56.1439094543457,22.27794075012207
2010-01-28,27.359628677368164,106.4800033569336,80.82537078857422,56.11328125,22.0856990814209
2010-01-29,27.062700271606445,105.95999908447266,79.9469223022461,56.60380935668945,21.961021423339844
2010-02-01,27.790884017944336,108.3499984741211,81.19013214111328,56.09001922607422,22.36107635498047
2010-02-02,28.017112731933594,109.12999725341797,82.17285919189453,56.24996566772461,22.66759490966797
2010-02-03,27.85449981689453,108.69999694824219,81.76338195800781,55.59771728515625,22.298725128173828
2010-02-04,26.596107482910156,104.37000274658203,79.23970031738281,56.477630615234375,21.472660064697266
2010-02-05,26.29917335510254,104.68000030517578,79.40345001220703,56.6007194519043,21.86750602722168
2010-02-08,26.037593841552734,104.04000091552734,78.83023834228516,56.6745719909668,21.38951873779297
2010-02-09,26.885953903198242,105.41000366210938,79.82035064697266,56.10842514038086,21.321983337402344
2010-02-10,26.815265655517578,105.12000274658203,79.66401672363281,55.57306671142578,21.363548278808594
2010-02-11,27.522220611572266,107.12999725341797,80.49785614013672,55.27157211303711,21.5661678314209
2010-02-12,27.175813674926758,107.04000091552734,80.43082427978516,55.499237060546875,21.820741653442383
2010-02-16,27.875713348388672,109.62000274658203,81.69638061523438,55.603816986083984,22.43899917602539
2010-02-17,27.974674224853516,109.25,82.08349609375,54.97003936767578,22.641618728637695
2010-02-18,28.08073616027832,109.9800033569336,82.56739807128906,54.74848175048828,22.979318618774414
2010-02-19,27.84035873413086,109.47000122070312,82.73863220214844,55.04388427734375,22.994911193847656
2010-02-22,27.875713348388672,109.06999969482422,82.75350952148438,54.816184997558594,23.05205726623535
2010-02-23,27.232364654541016,107.88999938964844,81.7485122680664,55.6715087890625,22.875408172607422
2010-02-24,27.49394989013672,107.36000061035156,82.50039672851562,55.80689239501953,23.109209060668945
2010-02-25,27.267715454101562,108.30999755859375,82.38871002197266,56.120731353759766,23.197538375854492
2010-02-26,27.54343605041504,109.43000030517578,82.44082641601562,56.40992736816406,23.18714714050293
2010-03-01,28.010034561157227,109.43000030517578,83.29696655273438,56.38520431518555,23.38456153869629
2010-03-02,28.328166961669922,111.0199966430664,83.52776336669922,56.311195373535156,23.394960403442383
2010-03-03,28.363525390625,111.62999725341797,83.60218811035156,56.16922378540039,23.332609176635742
2010-03-04,28.215059280395508,110.83000183105469,83.85533142089844,56.465545654296875,23.478084564208984
2010-03-05,28.950298309326172,110.80999755859375,85.05387115478516,55.7247314453125,24.117109298706055
2010-03-08,28.971515655517578,109.87999725341797,85.06875610351562,55.43458938598633,24.361318588256836
2010-03-09,29.13412857055664,109.72000122070312,85.2101821899414,55.44697570800781,24.4184513092041
2010-03-10,29.33913230895996,108.47000122070312,85.58988189697266,55.30499267578125,24.636661529541016
2010-03-11,29.346202850341797,108.5999984741211,85.94721984863281,55.50870132446289,24.78213882446289
2010-03-12,29.247224807739258,107.94999694824219,85.95465087890625,55.85438919067383,24.97954750061035
2010-03-15,29.035137176513672,108.36000061035156,85.97699737548828,55.7802848815918,24.922407150268555
2010-03-16,29.40983009338379,110.4000015258789,86.661865234375,56.224754333496094,25.52507972717285
2010-03-17,29.72796630859375,109.58999633789062,87.17556762695312,56.465545654296875,25.904335021972656
2010-03-18,29.50174331665039,110.33999633789062,87.13092803955078,56.28037643432617,25.76405906677246
2010-03-19,29.11996841430664,108.27999877929688,86.68986511230469,56.335899353027344,25.483516693115234
2010-03-22,29.22602081298828,107.75,87.15330505371094,56.39760208129883,25.805631637573242
2010-03-23,29.431026458740234,108.31999969482422,87.76630401611328,56.13213348388672,25.732891082763672
2010-03-24,28.992712020874023,106.30000305175781,87.34020233154297,55.107421875,25.8731632232666
2010-03-25,28.91495704650879,106.77999877929688,87.19818878173828,54.75557327270508,25.936511993408203
2010-03-26,29.056344985961914,108.58999633789062,87.14586639404297,54.90989303588867,25.800413131713867
2010-03-29,29.579509735107422,108.75,87.6989974975586,54.70003890991211,25.878931045532227
2010-03-30,29.69261932373047,107.97000122070312,87.7588119506836,54.87285614013672,25.84229850769043
2010-03-31,29.77744483947754,108.94999694824219,87.45980072021484,55.24940490722656,25.549156188964844
2010-04-01,30.555118560791016,110.26000213623047,88.05781555175781,55.11436462402344,25.680028915405273
2010-04-05,30.830835342407227,110.88999938964844,88.77545928955078,54.19732666015625,26.245325088500977
2010-04-06,30.922739028930664,111.02999877929688,88.98472595214844,54.2840461730957,26.8472900390625
2010-04-07,30.65410041809082,112.48999786376953,88.47643280029297,54.97802734375,26.255809783935547
2010-04-08,30.760143280029297,112.6500015258789,88.78291320800781,55.002830505371094,26.287212371826172
2010-04-09,30.95101547241211,113.63999938964844,89.36598205566406,55.1329345703125,26.658857345581055
2010-04-12,30.70357322692871,113.01000213623047,89.50799560546875,55.42414855957031,26.491352081298828
2010-04-13,30.63995361328125,112.69000244140625,89.57527923583984,55.60379409790039,27.140422821044922
2010-04-14,31.09241485595703,113.02999877929688,90.5919418334961,55.21347427368164,27.182294845581055
2010-04-15,30.922739028930664,113.6500015258789,90.66666412353516,55.275413513183594,26.43900489807129
2010-04-16,30.017824172973633,111.23999786376953,89.22396087646484,55.67821502685547,25.831819534301758
2010-04-19,29.897642135620117,111.1500015258789,89.56034088134766,55.5418815612793,25.946979522705078
2010-04-20,30.251117706298828,111.45999908447266,90.36021423339844,55.74017333984375,26.386667251586914
2010-04-21,30.152156829833984,112.30999755859375,90.19572448730469,56.19865798950195,26.8472900390625
2010-04-22,30.279403686523438,111.83999633789062,90.46480560302734,56.031349182128906,27.26081657409668
2010-04-23,30.442007064819336,113.19000244140625,91.05538177490234,55.83308792114258,27.621992111206055
2010-04-26,30.442007064819336,112.75,90.7115249633789,55.89502716064453,27.84183692932129
2010-04-27,29.353267669677734,114.62999725341797,88.56611633300781,56.68198013305664,26.951980590820312
2010-04-28,29.600704193115234,114.30999755859375,89.23892974853516,56.19865798950195,27.03573989868164
2010-04-29,30.088518142700195,114.27999877929688,90.34523010253906,56.434078216552734,28.255352020263672
2010-04-30,29.72796630859375,115.36000061035156,88.81282043457031,57.08467102050781,27.375959396362305
2010-05-03,29.89057159423828,115.7300033569336,89.9640121459961,57.01008224487305,28.28675651550293
2010-05-04,28.519058227539062,114.87000274658203,87.8484878540039,58.036014556884766,27.642925262451172
2010-05-05,28.002967834472656,115.08999633789062,87.32527160644531,58.377960205078125,27.271289825439453
2010-05-06,26.857677459716797,118.48999786376953,84.42488098144531,60.1811408996582,26.151124954223633
2010-05-07,26.999080657958984,118.2699966430664,83.16905975341797,59.42875289916992,25.711427688598633
2010-05-10,28.943235397338867,117.56999969482422,86.83189392089844,58.1976432800293,27.407379150390625
2010-05-11,28.420074462890625,120.66000366210938,86.58521270751953,58.048431396484375,27.569644927978516
2010-05-12,28.7735595703125,121.4000015258789,87.7961654663086,57.607025146484375,28.014558792114258
2010-05-13,28.504911422729492,120.55999755859375,86.7048110961914,57.98627853393555,27.559173583984375
2010-05-14,27.918121337890625,120.37000274658203,85.13501739501953,58.9935302734375,26.68502426147461
2010-05-17,27.748456954956055,119.36000061035156,85.17989349365234,58.7758903503418,26.721662521362305
2010-05-18,27.168745040893555,119.48999786376953,84.02120971679688,59.677486419677734,26.046422958374023
2010-05-19,26.907167434692383,116.62999725341797,83.54283142089844,59.87648391723633,25.805646896362305
2010-05-20,25.570999145507812,115.83999633789062,80.38825988769531,61.13862609863281,24.481338500976562
2010-05-21,26.39815330505371,115.22000122070312,81.56185913085938,61.20083236694336,25.30315589904785
2010-05-24,26.122432708740234,116.83999633789062,80.51536560058594,60.9893913269043,24.73782730102539
2010-05-25,25.839641571044922,117.36000061035156,80.59758758544922,61.287841796875,24.936737060546875
2010-05-26,25.82550811767578,118.47000122070312,80.1116943359375,61.1137809753418,24.884389877319336
2010-05-27,27.387908935546875,118.69000244140625,82.79530334472656,59.72721481323242,26.250577926635742
2010-05-28,26.935449600219727,118.87999725341797,81.7562255859375,60.00080490112305,25.915571212768555
2010-06-01,26.440568923950195,119.91000366210938,80.38081359863281,60.42258071899414,25.37643051147461
2010-06-02,27.366701126098633,119.77999877929688,82.4738540649414,59.848548889160156,25.873701095581055
2010-06-03,27.267715454101562,117.95999908447266,82.75787353515625,59.4118537902832,25.800413131713867
2010-06-04,26.29917335510254,119.19000244140625,79.85006713867188,61.00899124145508,24.340015411376953
2010-06-07,25.88913345336914,121.48999786376953,78.85586547851562,61.47683334350586,24.209156036376953
2010-06-08,26.482982635498047,121.0,79.70055389404297,61.171165466308594,24.643604278564453
2010-06-09,26.341590881347656,120.55999755859375,79.27446746826172,61.10254669189453,24.7901668548584
2010-06-10,27.260644912719727,118.97000122070312,81.59176635742188,60.010799407958984,25.863224029541016
2010-06-11,27.402040481567383,120.01000213623047,81.98798370361328,60.771888732910156,26.172061920166016
2010-06-14,27.409116744995117,119.5999984741211,81.86087036132812,60.45995330810547,26.496597290039062
2010-06-15,28.23625946044922,120.98999786376953,83.72219848632812,60.210418701171875,27.08807945251465
2010-06-16,28.23625946044922,120.33000183105469,83.69232177734375,60.55357360839844,26.842058181762695
2010-06-17,28.09486961364746,121.9000015258789,83.82686614990234,61.046409606933594,26.899642944335938
2010-06-18,28.22211456298828,122.83000183105469,83.91773223876953,60.946598052978516,26.815895080566406
2010-06-21,28.709938049316406,120.38999938964844,83.67742156982422,60.771888732910156,26.606510162353516
2010-06-22,28.15850257873535,121.44999694824219,82.29542541503906,61.49558639526367,25.81612205505371
2010-06-23,28.231090545654297,120.94999694824219,82.04005432128906,61.91362380981445,25.88416862487793
2010-06-24,27.73293685913086,121.30000305175781,80.68060302734375,61.54550552368164,25.336225509643555
2010-06-25,28.060293197631836,122.76000213623047,81.01859283447266,61.79507827758789,25.9755859375
2010-06-28,27.868146896362305,121.08999633789062,80.76322174072266,62.37527847290039,25.669109344482422
2010-06-29,26.736629486083984,121.2699966430664,78.26962280273438,63.05528259277344,24.828962326049805
2010-06-30,26.5587100982666,121.68000030517578,77.52606964111328,63.47953796386719,24.56477928161621
2010-07-01,26.7508544921875,117.04000091552734,77.18060302734375,63.579654693603516,24.48023223876953
2010-07-02,26.86472511291504,118.48999786376953,76.75999450683594,63.07279586791992,24.009965896606445
2010-07-06,27.362882614135742,116.51000213623047,77.2632064819336,63.59214782714844,23.476303100585938
2010-07-07,27.9677791595459,117.7300033569336,79.69671630859375,62.847503662109375,24.617616653442383
2010-07-08,28.102981567382812,117.20999908447266,80.48533630371094,62.447025299072266,24.924083709716797
2010-07-09,28.444583892822266,118.36000061035156,81.08618927001953,62.090301513671875,25.241117477416992
2010-07-12,28.216854095458984,117.33999633789062,81.13874053955078,62.065303802490234,25.320375442504883
2010-07-13,28.54421615600586,118.36000061035156,82.3630142211914,61.5333366394043,25.943876266479492
2010-07-14,28.487281799316406,118.30000305175781,82.35550689697266,62.15290451049805,25.7906436920166
2010-07-15,28.352067947387695,118.2300033569336,82.37804412841797,62.77235412597656,25.70610237121582
2010-07-16,27.50520896911621,116.66999816894531,80.10977935791016,63.07905578613281,24.871240615844727
2010-07-19,27.868146896362305,115.7300033569336,80.58295440673828,62.691017150878906,25.177709579467773
2010-07-20,28.522855758666992,116.6500015258789,81.47675323486328,62.784889221191406,25.647972106933594
2010-07-21,28.231090545654297,115.8499984741211,80.41771697998047,63.848690032958984,25.11429786682129
2010-07-22,29.085065841674805,116.86000061035156,82.2127914428711,63.11034393310547,26.05483627319336
2010-07-23,29.284330368041992,116.08999633789062,82.92631530761719,62.44074630737305,26.38772201538086
2010-07-26,29.48359489440918,115.5199966430664,83.79006958007812,62.33434295654297,27.048206329345703
2010-07-27,29.433767318725586,113.51000213623047,83.78257751464844,61.73359680175781,27.042919158935547
2010-07-28,29.270097732543945,113.77999877929688,83.24177551269531,61.933895111083984,26.99009132385254
2010-07-29,29.319908142089844,114.29000091552734,82.8362045288086,61.9150505065918,26.762863159179688
2010-07-30,29.462244033813477,115.48999786376953,82.82117462158203,62.87879180908203,26.921390533447266
2010-08-02,30.22369956970215,115.54000091552734,84.69134521484375,61.99607467651367,27.824935913085938
2010-08-03,30.081377029418945,115.98999786376953,84.28575134277344,62.35397720336914,27.55545997619629
2010-08-04,30.124069213867188,116.72000122070312,84.84909057617188,61.87682342529297,27.750961303710938
2010-08-05,29.98887062072754,116.9800033569336,84.75896453857422,62.16559982299805,27.40221405029297
2010-08-06,29.946163177490234,117.83999633789062,84.41346740722656,62.84365463256836,27.27541160583496
2010-08-09,30.10271453857422,117.4000015258789,84.86412811279297,62.6113395690918,27.587162017822266
2010-08-10,29.68996238708496,117.7300033569336,84.40594482421875,62.743167877197266,27.31768035888672
2010-08-11,28.74347496032715,117.33999633789062,82.0926513671875,63.58443832397461,26.636064529418945
2010-08-12,28.79328727722168,118.7699966430664,81.58942413330078,63.42750549316406,26.303173065185547
2010-08-13,28.94985580444336,118.73999786376953,81.34905242919922,64.2185287475586,26.303173065185547
2010-08-16,29.22026824951172,119.7300033569336,81.31149291992188,65.82575225830078,26.282033920288086
2010-08-17,29.526290893554688,119.75,82.3104248046875,65.4490737915039,26.8843994140625
2010-08-18,29.504934310913086,120.22000122070312,82.46064758300781,65.62486267089844,26.910818099975586
2010-08-19,29.277204513549805,120.38999938964844,81.0261001586914,66.64812469482422,26.223918914794922
2010-08-20,29.19182014465332,119.97000122070312,80.76322174072266,66.5727767944336,26.139371871948242
2010-08-23,28.928504943847656,119.77999877929688,80.45525360107422,66.58534240722656,26.001996994018555
2010-08-24,28.55844497680664,120.36000061035156,79.26105499267578,67.65265655517578,25.896310806274414
2010-08-25,28.3734130859375,121.36000061035156,79.56901550292969,67.43292999267578,26.30845832824707
2010-08-26,28.19550323486328,120.95999908447266,79.03578186035156,68.06697845458984,26.14994239807129
2010-08-27,28.814634323120117,121.01000213623047,80.25999450683594,66.13963317871094,26.583227157592773
2010-08-30,28.33783721923828,120.91000366210938,79.09583282470703,67.40776824951172,26.377155303955078
2010-08-31,28.508634567260742,122.08000183105469,79.09583282470703,68.15489196777344,26.57793617248535
2010-09-01,29.512052536010742,121.69000244140625,81.46170806884766,66.74566650390625,27.44449806213379
2010-09-02,29.561872482299805,122.29000091552734,82.22027587890625,66.04043579101562,27.793231964111328
2010-09-03,29.91058349609375,121.86000061035156,83.28682708740234,65.22186279296875,28.200088500976562
2010-09-07,29.476465225219727,122.69999694824219,82.34797668457031,66.55674743652344,27.76680564880371
2010-09-08,29.79670524597168,122.70999908447266,82.92631530761719,66.02784729003906,27.824935913085938
2010-09-09,29.96751594543457,121.55999755859375,83.30936431884766,64.72445678710938,27.502622604370117
2010-09-10,30.074254989624023,121.7300033569336,83.72997283935547,64.428466796875,27.650562286376953
2010-09-13,30.793027877807617,121.62000274658203,84.66132354736328,64.7432632446289,28.104990005493164
2010-09-14,30.778785705566406,124.0199966430664,84.60874938964844,65.36662292480469,27.999313354492188
2010-09-15,30.82149314880371,123.94000244140625,84.93169403076172,64.39703369140625,28.24235725402832
2010-09-16,30.664926528930664,124.62999725341797,84.9091796875,63.761016845703125,28.09440803527832
2010-09-17,30.615100860595703,124.54000091552734,84.94084930419922,64.01921081542969,28.178964614868164
2010-09-20,31.099023818969727,124.87000274658203,86.2396469116211,64.39070892333984,28.865863800048828
2010-09-21,31.00650978088379,126.01000213623047,86.06598663330078,65.28482055664062,28.44314193725586
2010-09-22,31.02786636352539,126.19999694824219,85.64312744140625,65.87042236328125,28.05742645263672
2010-09-23,30.8286075592041,126.30000305175781,84.94842529296875,66.059326171875,27.36524772644043
2010-09-24,31.39790916442871,126.69000244140625,86.70024108886719,65.1714859008789,28.13936996459961
2010-09-27,31.340993881225586,126.72000122070312,86.28495025634766,66.30494689941406,27.792814254760742
2010-09-28,31.568723678588867,127.8499984741211,86.58699798583984,66.75823974609375,27.90477180480957
2010-09-29,31.675466537475586,127.94999694824219,86.43595123291016,66.48125457763672,27.68619155883789
2010-09-30,31.860502243041992,127.91000366210938,86.17926788330078,66.43714141845703,27.766157150268555
2010-10-01,32.33018493652344,128.91000366210938,86.54167938232422,66.11605834960938,27.90477180480957
2010-10-04,32.23054504394531,128.4600067138672,85.89225769042969,66.28672790527344,28.16068458557129
2010-10-05,32.81410217285156,130.99000549316406,87.6214599609375,65.88858795166016,28.608530044555664
2010-10-06,32.79987335205078,131.80999755859375,87.6139144897461,66.71649932861328,28.453914642333984
2010-10-07,32.50809097290039,130.3699951171875,87.50820922851562,66.16026306152344,28.53389549255371
2010-10-08,32.89948654174805,131.66000366210938,87.99903106689453,65.86954498291016,28.613862991333008
2010-10-11,32.878150939941406,132.2899932861328,88.08212280273438,65.88224792480469,28.608530044555664
2010-10-12,32.742923736572266,131.9600067138672,88.3539047241211,65.23123168945312,28.811128616333008
2010-10-13,33.34782791137695,134.07000732421875,89.04106140136719,65.13009643554688,29.109691619873047
2010-10-14,33.2909049987793,134.75,88.69371032714844,64.15675354003906,29.035049438476562
2010-10-15,33.248199462890625,133.67999267578125,88.87494659423828,63.37309265136719,28.997716903686523
2010-10-18,33.262454986572266,134.27999877929688,89.31290435791016,63.88503646850586,29.370927810668945
2010-10-19,32.209205627441406,130.11000061035156,88.14248657226562,64.27058410644531,29.008392333984375
2010-10-20,32.721588134765625,131.32000732421875,89.00332641601562,64.40963745117188,29.6428279876709
2010-10-21,32.721588134765625,129.47000122070312,89.1996078491211,63.64480972290039,29.610843658447266
2010-10-22,32.757179260253906,129.72999572753906,89.36575317382812,64.07463073730469,29.626832962036133
2010-10-25,33.11298751831055,130.85000610351562,89.63004302978516,64.2579345703125,29.680147171020508
2010-10-26,33.08453369140625,130.8800048828125,89.6451187133789,63.26559829711914,29.466888427734375
2010-10-27,32.5223274230957,129.52000427246094,89.38839721679688,62.70939254760742,29.25896453857422
2010-10-28,32.72870635986328,131.24000549316406,89.40353393554688,62.880069732666016,29.07770538330078
2010-10-29,32.82121658325195,132.6199951171875,89.47145080566406,63.467857360839844,29.08302879333496
2010-11-01,33.18416213989258,131.9199981689453,89.50166320800781,63.19462203979492,29.3336124420166
2010-11-02,33.596900939941406,132.49000549316406,90.21146392822266,64.02517700195312,29.53620147705078
2010-11-03,33.80329132080078,131.57000732421875,90.57389068603516,62.71903610229492,29.53620147705078
2010-11-04,34.571876525878906,136.02999877929688,92.31819152832031,63.207313537597656,30.218626022338867
2010-11-05,34.50782012939453,136.3800048828125,92.66551971435547,62.12306594848633,30.543846130371094
2010-11-08,34.36549758911133,137.77999877929688,92.49185943603516,62.402095794677734,30.378568649291992
2010-11-09,33.93138885498047,135.58999633789062,91.8273696899414,61.02619934082031,29.147010803222656
2010-11-10,34.18046569824219,137.24000549316406,92.19734191894531,61.10863494873047,29.509552001953125
2010-11-11,33.84598159790039,137.66000366210938,91.85001373291016,61.076900482177734,29.27496337890625
2010-11-12,33.02759552001953,133.69000244140625,90.76270294189453,60.747215270996094,29.003063201904297
2010-11-15,33.01335906982422,132.4199981689453,90.63433837890625,59.47914505004883,28.725818634033203
2010-11-16,32.145145416259766,130.97000122070312,89.22229766845703,60.95646667480469,27.739505767822266
2010-11-17,32.3088264465332,130.3800048828125,89.26758575439453,60.620357513427734,27.95276641845703
2010-11-18,33.07741165161133,132.08999633789062,90.58142852783203,60.867706298828125,28.203351974487305
2010-11-19,33.0987548828125,132.1999969482422,90.83062744140625,61.24182891845703,28.35262680053711
2010-11-22,32.999122619628906,133.47999572753906,90.75513458251953,61.50174331665039,28.42725944519043
2010-11-23,31.95301628112793,134.41000366210938,89.44125366210938,61.80611801147461,28.203351974487305
2010-11-24,32.69312286376953,134.17999267578125,90.76270294189453,60.702857971191406,28.747150421142578
2010-11-26,31.881837844848633,133.11000061035156,89.70555114746094,61.54610061645508,28.688499450683594
2010-11-29,32.130924224853516,133.50999450683594,89.97736358642578,62.07238006591797,28.67250633239746
2010-11-30,31.86761474609375,135.4199981689453,89.47145080566406,62.39570617675781,28.544551849365234
2010-12-01,32.77853012084961,135.3800048828125,91.37430572509766,61.00873565673828,28.709823608398438
2010-12-02,33.426116943359375,135.1999969482422,92.54473114013672,60.84968948364258,29.152328491210938
2010-12-03,33.54711151123047,138.07000732421875,92.79390716552734,60.372501373291016,29.147010803222656
2010-12-06,33.49016571044922,139.11000061035156,92.69571685791016,61.22505569458008,29.205646514892578
2010-12-07,33.33361053466797,136.5,92.74857330322266,59.914390563964844,29.269636154174805
2010-12-08,33.12010955810547,134.7899932861328,93.08837127685547,59.33540725708008,28.837772369384766
2010-12-09,33.006248474121094,135.3699951171875,93.45082092285156,59.62809371948242,28.581867218017578
2010-12-10,33.155696868896484,135.41000366210938,93.9945068359375,59.26544952392578,28.768478393554688
2010-12-13,33.36918258666992,136.0500030517578,94.0549087524414,59.48811340332031,28.816450119018555
2010-12-14,33.41900634765625,136.17999267578125,94.13794708251953,58.622825622558594,28.53389549255371
2010-12-15,32.878150939941406,134.6999969482422,93.70753479003906,57.8593635559082,28.261980056762695
2010-12-16,32.97065734863281,133.80999755859375,94.25125885009766,58.26015853881836,28.309968948364258
2010-12-17,33.02047348022461,134.1999969482422,94.35220336914062,59.32269287109375,28.544551849365234
2010-12-20,32.87103271484375,135.11000061035156,94.57991027832031,59.259098052978516,28.885759353637695
2010-12-21,33.35084915161133,135.32000732421875,95.1795883178711,59.672637939453125,29.189661026000977
2010-12-22,33.46561813354492,135.0500030517578,95.4756088256836,59.24635314941406,29.413562774658203
2010-12-23,33.429752349853516,134.66000366210938,95.3389892578125,59.12544631958008,29.280290603637695
2010-12-27,33.32216262817383,135.02000427246094,95.3769302368164,59.65354537963867,29.64409637451172
2010-12-28,33.35084915161133,137.22000122070312,95.51355743408203,58.485267639160156,29.762670516967773
2010-12-29,33.77782440185547,137.7100067138672,95.58186340332031,59.47480773925781,29.821964263916016
2010-12-30,33.95006561279297,137.02999877929688,95.4300537109375,59.43007278442383,29.902812957763672
2010-12-31,34.186859130859375,138.72000122070312,95.45284271240234,60.08763122558594,29.843530654907227
2011-01-03,34.5169792175293,138.0,96.43963623046875,59.6343994140625,30.398679733276367
2011-01-04,34.674842834472656,134.75,96.38646697998047,59.70465850830078,29.816574096679688
2011-01-05,34.58872985839844,134.3699951171875,96.88745880126953,58.38951873779297,29.924362182617188
2011-01-06,34.22275161743164,133.8300018310547,96.69770812988281,58.64483642578125,29.64409637451172
2011-01-07,33.90699768066406,133.5800018310547,96.50794982910156,58.95766067504883,29.65489387512207
2011-01-10,33.55537033081055,134.1199951171875,96.38646697998047,59.27690124511719,29.649503707885742
2011-01-11,33.914180755615234,134.91000366210938,96.72808074951172,58.94487762451172,29.584814071655273
2011-01-12,34.595916748046875,135.4600067138672,97.60099792480469,58.485267639160156,29.708778381347656
2011-01-13,34.294517517089844,134.0500030517578,97.44157409667969,59.00874328613281,29.805803298950195
2011-01-14,34.39497756958008,132.69000244140625,98.14753723144531,58.632057189941406,30.00522804260254
2011-01-18,34.34474182128906,133.42999267578125,98.31452941894531,58.357540130615234,30.263938903808594
2011-01-19,34.07923126220703,133.72000122070312,97.3504867553711,58.77891540527344,29.86507797241211
2011-01-20,33.70606994628906,131.1999969482422,97.2214584350586,57.96812438964844,29.87049102783203
2011-01-21,33.35444641113281,131.02999877929688,97.44157409667969,58.427799224853516,29.89203453063965
2011-01-24,33.6127815246582,130.36000061035156,97.99569702148438,58.453346252441406,30.042951583862305
2011-01-25,33.411861419677734,130.10000610351562,98.0488510131836,59.00874328613281,30.393295288085938
2011-01-26,33.70606994628906,131.16000366210938,98.42835998535156,58.114952087402344,30.441816329956055
2011-01-27,33.59125900268555,127.93000030517578,98.67130279541016,58.3766975402832,30.921497344970703
2011-01-28,32.52919387817383,130.27999877929688,96.94820404052734,58.683128356933594,30.409460067749023
2011-01-31,32.87364959716797,129.8699951171875,97.67687225341797,58.23624038696289,30.813690185546875
2011-02-01,33.670188903808594,130.8000030517578,99.24059295654297,57.94796371459961,30.889163970947266
2011-02-02,33.41903305053711,130.4499969482422,99.05079650878906,57.96078109741211,30.889163970947266
2011-02-03,33.3759765625,132.1999969482422,99.27095794677734,57.48030090332031,30.975393295288086
2011-02-04,33.368804931640625,131.66000366210938,99.5517807006836,56.89727783203125,30.74901580810547
2011-02-07,33.411861419677734,131.67999267578125,100.17427062988281,57.19195556640625,31.050859451293945
2011-02-08,33.42620849609375,133.13999938964844,100.62968444824219,56.6666259765625,31.185588836669922
2011-02-09,32.65835952758789,133.07000732421875,100.4019546508789,57.159942626953125,31.2071475982666
2011-02-10,32.34979248046875,132.85000610351562,100.43993377685547,56.50008010864258,31.336505889892578
2011-02-11,32.744483947753906,132.32000732421875,101.03958892822266,57.31367874145508,31.541318893432617
2011-02-14,32.579437255859375,132.9499969482422,101.28247833251953,57.35209274291992,31.546716690063477
2011-02-15,32.64401626586914,133.97000122070312,100.96366119384766,57.60840606689453,31.42814064025879
2011-02-16,32.91670227050781,134.10000610351562,101.60130310058594,57.42256546020508,31.498201370239258
2011-02-17,33.03152084350586,135.0399932861328,101.9049301147461,57.5123291015625,31.530534744262695
2011-02-18,33.23245620727539,135.41000366210938,102.1174545288086,57.332881927490234,31.654521942138672
2011-02-22,32.17039489746094,136.2899932861328,100.06797790527344,58.19139862060547,31.37963104248047
2011-02-23,32.19908142089844,137.50999450683594,99.4531478881836,58.40285110473633,31.115524291992188
2011-02-24,32.278038024902344,136.47999572753906,99.38480377197266,58.77439498901367,30.878393173217773
2011-02-25,32.6655387878418,137.3800048828125,100.44751739501953,59.12034225463867,31.482046127319336
2011-02-28,32.859291076660156,137.66000366210938,101.06993103027344,59.197261810302734,32.26355743408203
2011-03-01,32.52202606201172,140.02999877929688,99.38480377197266,59.36882019042969,31.304197311401367
2011-03-02,32.9669303894043,139.9199981689453,99.59736633300781,58.45623016357422,31.018516540527344
2011-03-03,33.619964599609375,138.08999633789062,101.3128433227539,57.884151458740234,31.465871810913086
2011-03-04,33.655845642089844,139.35000610351562,100.55377960205078,58.366207122802734,31.164047241210938
2011-03-07,33.182220458984375,139.72000122070312,99.76434326171875,57.99340057373047,30.937664031982422
2011-03-08,33.627140045166016,139.36000061035156,100.6372299194336,57.63992691040039,31.37425422668457
2011-03-09,33.69172286987305,139.41000366210938,100.49308013916016,58.19908905029297,31.341903686523438
2011-03-10,32.694244384765625,137.77000427246094,98.63331604003906,59.17603302001953,30.862213134765625
2011-03-11,33.03152084350586,138.22000122070312,99.31649780273438,58.841835021972656,31.17481231689453
2011-03-14,33.22527313232422,138.86000061035156,98.71685028076172,58.81609344482422,30.862213134765625
2011-03-15,32.6727180480957,136.27000427246094,97.58580017089844,59.6966438293457,30.70051383972168
2011-03-16,32.00534439086914,136.24000549316406,95.77920532226562,60.371524810791016,30.24774742126465
2011-03-17,32.4000244140625,136.97000122070312,97.04690551757812,59.90875244140625,30.47953987121582
2011-03-18,32.45743179321289,138.3699951171875,97.39986419677734,60.069419860839844,30.786754608154297
2011-03-21,33.08174514770508,139.13999938964844,98.90933990478516,59.71592330932617,31.120908737182617
2011-03-22,33.182220458984375,139.0500030517578,98.56626892089844,59.91520690917969,30.921497344970703
2011-03-23,33.619964599609375,140.33999633789062,98.84833526611328,59.83808135986328,30.58193588256836
2011-03-24,34.00747299194336,139.22000122070312,99.79367065429688,59.388160705566406,30.711292266845703
2011-03-25,33.97158432006836,139.25999450683594,100.09864807128906,59.240325927734375,30.951255798339844
2011-03-28,33.79936218261719,138.5399932861328,99.85465240478516,59.323883056640625,30.91325569152832
2011-03-29,34.186859130859375,138.2100067138672,100.52558898925781,58.86753845214844,31.038114547729492
2011-03-30,34.62460708618164,138.6699981689453,101.21927642822266,59.33673095703125,31.488725662231445
2011-03-31,34.925994873046875,139.86000061035156,101.08208465576172,59.214603424072266,31.743898391723633
2011-04-01,35.48573684692383,139.1999969482422,101.50897216796875,59.502479553222656,31.792770385742188
2011-04-04,35.787139892578125,139.83999633789062,101.59285736083984,59.566986083984375,31.771041870117188
2011-04-05,35.715389251708984,142.0500030517578,101.57765197753906,59.328208923339844,31.803630828857422
2011-04-06,35.90913772583008,142.3800048828125,101.89779663085938,58.43753433227539,31.81991195678711
2011-04-07,35.87324905395508,142.50999450683594,101.63866424560547,58.32130813598633,31.46703338623047
2011-04-08,35.90913772583008,143.66000366210938,101.28792572021484,58.01152420043945,31.239002227783203
2011-04-11,35.48573684692383,142.63999938964844,100.98297882080078,58.063201904296875,31.26072120666504
2011-04-12,34.81837844848633,141.61000061035156,100.22821807861328,58.689239501953125,31.20642852783203
2011-04-13,35.10541915893555,141.89999389648438,100.22061157226562,59.05712890625,31.157560348510742
2011-04-14,35.21305847167969,143.80999755859375,100.29683685302734,59.01192092895508,31.608177185058594
2011-04-15,35.256103515625,145.0500030517578,100.66277313232422,59.812294006347656,32.015357971191406
2011-04-18,34.373443603515625,145.92999267578125,99.53448486328125,59.94779968261719,31.727609634399414
2011-04-19,34.868595123291016,145.92999267578125,100.10626220703125,60.20596694946289,31.97736358642578
2011-04-20,35.69385528564453,146.5,101.47087860107422,59.818702697753906,32.351959228515625
2011-04-21,36.009605407714844,146.74000549316406,101.98931884765625,59.767093658447266,32.56913375854492
2011-04-25,35.715389251708984,146.8699951171875,101.88255310058594,59.99299621582031,32.78629684448242
2011-04-26,36.02394104003906,146.3800048828125,102.75930786132812,60.57386779785156,33.07403564453125
2011-04-27,35.95935821533203,149.1999969482422,103.4301528930664,59.954280853271484,33.31834030151367
2011-04-28,35.665130615234375,149.82000732421875,103.76557159423828,60.412540435791016,33.76353454589844
2011-04-29,35.88042449951172,152.3699951171875,104.00957489013672,60.59973907470703,33.568092346191406
2011-05-02,35.887603759765625,150.41000366210938,103.84945678710938,60.696937561035156,33.616943359375
2011-05-03,35.091060638427734,149.8800048828125,103.47589874267578,61.040496826171875,33.3292121887207
2011-05-04,34.50979232788086,147.72999572753906,102.78980255126953,61.31273651123047,33.13917541503906
2011-05-05,34.17969512939453,143.47000122070312,101.85970306396484,61.896095275878906,33.11746597290039
2011-05-06,34.62460708618164,145.3000030517578,102.30950164794922,61.623836517333984,32.82429504394531
2011-05-09,34.6891975402832,147.3800048828125,102.7059097290039,61.55902862548828,32.99258804321289
2011-05-10,35.09823226928711,147.89999389648438,103.5826416015625,61.11824035644531,33.5137939453125
2011-05-11,34.32322311401367,146.5399932861328,102.49246215820312,61.46828842163086,33.16090774536133
2011-05-12,34.42367935180664,146.58999633789062,102.98038482666016,61.07937240600586,33.21518325805664
2011-05-13,33.670188903808594,145.6300048828125,102.18753051757812,61.63034439086914,32.86229705810547
2011-05-16,33.619964599609375,145.3699951171875,101.53951263427734,61.97386169433594,32.911170959472656
2011-05-17,33.72760009765625,144.74000549316406,101.52426147460938,62.60908889770508,32.90030288696289
2011-05-18,34.272979736328125,145.60000610351562,102.43147277832031,61.77943420410156,33.22063446044922
2011-05-19,34.0505256652832,145.64999389648438,102.67544555664062,61.75345993041992,33.361778259277344
2011-05-20,33.77782440185547,147.49000549316406,101.85970306396484,61.785926818847656,32.95458984375
2011-05-23,33.0745849609375,147.8300018310547,100.67807006835938,62.08409881591797,32.61798095703125
2011-05-24,33.40467071533203,148.58999633789062,100.59416198730469,62.31743621826172,32.71571350097656
2011-05-25,33.476436614990234,148.5800018310547,100.92961120605469,62.025733947753906,32.86772537231445
2011-05-26,33.90699768066406,148.22000122070312,101.39466857910156,62.55727005004883,33.3074836730957
2011-05-27,34.26581954956055,149.6999969482422,101.78343200683594,62.53129959106445,33.49750900268555
2011-05-31,34.825538635253906,149.63999938964844,102.8431625366211,62.67395782470703,34.02955627441406
2011-06-01,34.201229095458984,149.91000366210938,100.53318786621094,63.520957946777344,33.05232238769531
2011-06-02,34.52415084838867,149.5,100.42646789550781,62.310935974121094,32.81343460083008
2011-06-03,34.351924896240234,150.22000122070312,99.4277572631836,62.66870880126953,32.943729400634766
2011-06-06,33.79936218261719,150.47999572753906,98.37566375732422,62.193809509277344,32.460540771484375
2011-06-07,34.06487274169922,150.4199981689453,98.314697265625,62.48007583618164,32.80257797241211
2011-06-08,33.82088851928711,149.80999755859375,97.90298461914062,62.96794509887695,32.71027755737305
2011-06-09,34.08641052246094,150.55999755859375,98.65010833740234,62.71424865722656,32.357391357421875
2011-06-10,33.347267150878906,149.24000549316406,97.27788543701172,63.19572448730469,31.543027877807617
2011-06-13,33.289859771728516,147.77000427246094,97.35411834716797,62.876888275146484,31.67333221435547
2011-06-14,33.79218292236328,148.6699981689453,98.58915710449219,61.927085876464844,32.145668029785156
2011-06-15,33.067405700683594,149.1199951171875,96.835693359375,63.05257797241211,31.62989616394043
2011-06-16,32.816246032714844,148.97000122070312,97.04915618896484,63.338829040527344,31.879638671875
2011-06-17,32.859291076660156,149.94000244140625,97.3387680053711,63.039520263671875,32.18366241455078
2011-06-20,32.809059143066406,150.02999877929688,97.8367691040039,63.11760711669922,32.574546813964844
2011-06-21,33.411861419677734,150.75999450683594,99.1775131225586,62.83789825439453,32.829715728759766
2011-06-22,33.07917022705078,150.99000549316406,98.57991790771484,62.876888275146484,32.73200988769531
2011-06-23,33.035682678222656,148.33999633789062,98.29647064208984,63.358306884765625,32.06966018676758
2011-06-24,32.97770309448242,146.25999450683594,97.1549072265625,63.091556549072266,32.07456970214844
2011-06-27,33.361854553222656,145.72999572753906,98.02062225341797,62.22632598876953,32.21146774291992
2011-06-28,33.818458557128906,146.24000549316406,99.30010986328125,61.72542190551758,32.47975540161133
2011-06-29,34.13011932373047,147.17999267578125,100.15052795410156,61.31559371948242,32.81923294067383
2011-06-30,34.499755859375,146.0,101.10823059082031,61.21795654296875,32.906822204589844
2011-07-01,34.9056282043457,144.92999267578125,102.60220336914062,61.12004089355469,33.47078323364258
2011-07-05,34.89113235473633,147.6300048828125,102.51790618896484,61.257144927978516,33.72813034057617
2011-07-06,34.659210205078125,148.91000366210938,102.64051818847656,61.5704460144043,33.980003356933594
2011-07-07,35.1375617980957,149.14999389648438,103.70543670654297,61.38768005371094,34.40707778930664
2011-07-08,34.73893356323242,150.25,102.96993255615234,62.25592041015625,34.36326599121094
2011-07-11,33.76771926879883,151.58999633789062,101.10823059082031,63.18934631347656,33.7664680480957
2011-07-12,33.42707061767578,152.77000427246094,100.6714859008789,63.40476989746094,33.881439208984375
2011-07-13,33.970664978027344,154.13999938964844,101.00860595703125,63.58106231689453,33.547462463378906
2011-07-14,33.60826873779297,154.5399932861328,100.31143188476562,62.673702239990234,33.23535919189453
2011-07-15,33.818458557128906,155.1999969482422,100.89368438720703,62.778141021728516,33.60219955444336
2011-07-18,33.42707061767578,156.57000732421875,100.06626892089844,62.17104721069336,33.36677169799805
2011-07-19,33.912689208984375,154.66000366210938,101.69046020507812,63.463584899902344,33.90333938598633
2011-07-20,34.01414489746094,156.02000427246094,101.62916564941406,62.71285629272461,34.14973831176758
2011-07-21,34.5577392578125,154.8300018310547,103.03890228271484,62.22978210449219,34.42349624633789
2011-07-22,34.53599548339844,156.1199951171875,103.10784149169922,62.69980239868164,34.593238830566406
2011-07-25,34.46352005004883,157.33999633789062,102.53321838378906,62.01435470581055,34.27019119262695
2011-07-26,34.5794792175293,157.77000427246094,102.15019226074219,62.43870162963867,34.34685516357422
2011-07-27,33.970664978027344,157.19000244140625,100.05860137939453,62.44520950317383,33.3831901550293
2011-07-28,33.99965286254883,157.32000732421875,99.7674560546875,62.68025588989258,33.41603088378906
2011-07-29,34.14462661743164,158.2899932861328,99.0855712890625,63.920509338378906,33.4215087890625
2011-08-01,34.115623474121094,157.72000122070312,98.6641845703125,64.56562805175781,32.91777801513672
2011-08-02,33.0646858215332,161.52000427246094,96.1435775756836,66.50431060791016,31.86652183532715
2011-08-03,32.9487190246582,161.49000549316406,96.6645736694336,66.63528442382812,31.603710174560547
2011-08-04,31.06427574157715,160.63999938964844,92.13667297363281,69.00621032714844,30.059656143188477
2011-08-05,30.86134147644043,161.75,91.99874114990234,67.01516723632812,29.309532165527344
2011-08-08,28.288352966308594,167.1199951171875,86.00749969482422,69.13069915771484,26.763498306274414
2011-08-09,29.948118209838867,168.61000061035156,90.00675964355469,69.34027099609375,29.20001983642578
2011-08-10,28.360828399658203,174.5800018310547,86.03044891357422,71.40335845947266,28.526546478271484
2011-08-11,29.926372528076172,170.75,89.891845703125,67.8011245727539,30.004899978637695
2011-08-12,29.91187286376953,169.97000122070312,90.49710845947266,69.14375305175781,29.999431610107422
2011-08-15,30.607667922973633,171.8000030517578,92.4124755859375,68.4429702758789,31.094497680664062
2011-08-16,30.346736907958984,173.9199981689453,91.62333679199219,69.57601165771484,31.00140953063965
2011-08-17,30.564176559448242,174.4199981689453,91.68460845947266,70.79426574707031,31.089019775390625
2011-08-18,29.121862411499023,177.72000122070312,87.7313232421875,72.24828338623047,29.703744888305664
2011-08-19,28.75946617126465,179.9499969482422,86.298583984375,72.8311996459961,29.13431167602539
2011-08-22,28.73046112060547,184.58999633789062,86.3675765991211,72.64776611328125,29.16717529296875
2011-08-23,29.7379150390625,177.6699981689453,89.2099838256836,71.64572143554688,29.884449005126953
2011-08-24,29.448007583618164,171.64999389648438,90.46644592285156,69.60881805419922,30.278663635253906
2011-08-25,28.87543296813965,172.36000061035156,89.0873794555664,70.36199188232422,29.714704513549805
2011-08-26,29.36827850341797,177.47000122070312,90.38214874267578,71.0562515258789,30.07608413696289
2011-08-29,30.317745208740234,173.88999938964844,92.97940063476562,70.07383728027344,31.105449676513672
2011-08-30,30.36123275756836,179.10000610351562,93.22457885742188,71.2003173828125,31.193052291870117
2011-08-31,30.98455810546875,177.72000122070312,93.63827514648438,70.09998321533203,31.543458938598633
2011-09-01,30.817852020263672,177.8699951171875,92.65763092041016,71.58602905273438,31.089019775390625
2011-09-02,30.1220645904541,183.24000549316406,90.29025268554688,73.91151428222656,30.35530662536621
2011-09-06,29.810388565063477,182.89999389648438,89.63134765625,74.6801528930664,30.22390365600586
2011-09-07,30.694631576538086,177.0800018310547,92.1596450805664,73.25460052490234,31.362770080566406
2011-09-08,30.01334571838379,181.80999755859375,91.20195770263672,73.91151428222656,31.121871948242188
2011-09-09,28.998641967773438,180.6999969482422,88.81160736083984,74.6998291015625,30.147247314453125
2011-09-12,28.940662384033203,176.6699981689453,89.38619232177734,74.77865600585938,30.24580955505371
2011-09-13,28.984146118164062,178.5399932861328,90.20594787597656,73.71444702148438,30.31698989868164
2011-09-14,28.90441131591797,177.2100067138672,91.45476531982422,74.33856201171875,30.51410484313965
2011-09-15,29.32479476928711,174.39999389648438,93.03302001953125,73.20206451416016,31.0178279876709
2011-09-16,29.37552833557129,176.02999877929688,93.58366394042969,73.73414611816406,31.31899070739746
2011-09-19,28.505786895751953,173.30999755859375,92.65182495117188,75.1400375366211,30.634563446044922
2011-09-20,28.29559898376465,175.77999877929688,92.54399871826172,75.45533752441406,30.618141174316406
2011-09-21,27.244659423828125,173.58999633789062,89.81781768798828,77.95167541503906,29.002914428710938
2011-09-22,25.33123016357422,169.0500030517578,86.9145278930664,80.88160705566406,28.29659080505371
2011-09-23,26.005279541015625,159.8000030517578,87.43818664550781,79.37718963623047,28.505002975463867
2011-09-26,26.396663665771484,157.5800018310547,89.51746368408203,78.10275268554688,28.90306854248047
2011-09-27,27.237415313720703,160.6300048828125,90.5186538696289,76.90711212158203,29.1905574798584
2011-09-28,26.41840934753418,156.22000122070312,88.67035675048828,76.88084411621094,28.449726104736328
2011-09-29,26.780797958374023,157.6999969482422,89.37115478515625,77.41291809082031,28.892005920410156
2011-09-30,25.439950942993164,158.05999755859375,87.13783264160156,79.35749053955078,28.123538970947266
2011-10-03,24.90360450744629,160.9600067138672,84.6581039428711,81.54139709472656,26.796693801879883
2011-10-04,25.28774070739746,157.63999938964844,86.51406860351562,80.5074234008789,27.852645874023438
2011-10-05,25.874820709228516,159.4600067138672,88.11589050292969,79.92787170410156,27.614917755126953
2011-10-06,26.730066299438477,160.49000549316406,89.71000671386719,78.45257568359375,28.372329711914062
2011-10-07,26.41116714477539,159.17999267578125,89.10932159423828,77.87303924560547,27.58175277709961
2011-10-10,27.592552185058594,163.27000427246094,92.08964538574219,76.77314758300781,28.958349227905273
2011-10-11,27.6070613861084,162.10000610351562,92.18205261230469,76.51631927490234,28.383384704589844
2011-10-12,28.382570266723633,163.25999450683594,92.99066925048828,75.40327453613281,28.847797393798828
2011-10-13,28.128904342651367,162.3000030517578,92.80583953857422,76.1540298461914,28.65981674194336
2011-10-14,28.69424057006836,163.39999389648438,94.39225769042969,75.04764556884766,29.323226928710938
2011-10-17,27.723018646240234,162.6199951171875,92.59021759033203,76.34505462646484,28.687448501586914
2011-10-18,28.462299346923828,161.83999633789062,94.39997863769531,75.870849609375,29.699174880981445
2011-10-19,27.91871452331543,159.8699951171875,93.28329467773438,75.84455108642578,29.35640525817871
2011-10-20,27.38237190246582,157.77000427246094,93.69145202636719,75.304443359375,29.522266387939453
2011-10-21,28.16514015197754,159.52000427246094,95.47042846679688,74.50755310058594,30.49528694152832
2011-10-24,29.266809463500977,161.02000427246094,96.64098358154297,74.63270568847656,31.2526798248291
2011-10-25,28.68698501586914,165.58999633789062,94.7619400024414,76.52951049804688,30.744056701660156
2011-10-26,29.21607780456543,167.39999389648438,95.72457885742188,75.19248962402344,30.970731735229492
2011-10-27,30.991798400878906,169.5500030517578,99.0591049194336,72.6436767578125,32.44130325317383
2011-10-28,30.730873107910156,169.6199951171875,99.0360336303711,73.40773010253906,32.507667541503906
2011-10-31,29.578466415405273,167.33999633789062,96.648681640625,76.3187026977539,32.14277648925781
2011-11-01,28.860929489135742,167.3800048828125,93.95330810546875,78.87347412109375,31.108943939208984
2011-11-02,29.745166778564453,169.05999755859375,95.48582458496094,77.88957977294922,31.706037521362305
2011-11-03,30.049575805664062,171.72000122070312,97.22627258300781,76.81988525390625,32.14277648925781
2011-11-04,29.85388946533203,170.85000610351562,96.63327026367188,76.912353515625,31.882930755615234
2011-11-07,30.107561111450195,174.97999572753906,97.23397064208984,77.40094757080078,31.888452529907227
2011-11-08,30.462696075439453,173.52999877929688,98.48153686523438,76.41051483154297,32.3031005859375
2011-11-09,28.67973518371582,172.07000732421875,94.84664154052734,77.99524688720703,30.82699203491211
2011-11-10,28.868181228637695,171.13999938964844,95.7399673461914,76.8331069946289,30.82146644592285
2011-11-11,29.56397247314453,173.9600067138672,97.5419692993164,76.36426544189453,31.65073013305664
2011-11-14,29.15808868408203,173.1999969482422,96.61791229248047,77.59249114990234,31.064714431762695
2011-11-15,29.33928680419922,173.36000061035156,97.09532165527344,77.48680877685547,31.296903610229492
2011-11-16,28.54927635192871,171.50999450683594,95.55513000488281,78.1933364868164,30.998374938964844
2011-11-17,27.824491500854492,167.10000610351562,94.03802490234375,78.82064056396484,30.428936004638672
2011-11-18,27.933212280273438,167.6199951171875,93.93791198730469,78.80078887939453,30.62242889404297
2011-11-21,27.034473419189453,163.5,92.1512451171875,79.26963806152344,29.84844398498535
2011-11-22,27.128692626953125,165.30999755859375,91.78929901123047,80.15445709228516,29.710224151611328
2011-11-23,26.251705169677734,164.8300018310547,89.7638931274414,80.94022369384766,28.814613342285156
2011-11-25,26.16473388671875,163.39999389648438,89.59449005126953,79.76482391357422,28.94175910949707
2011-11-28,27.41860580444336,166.6300048828125,92.18976593017578,79.7252197265625,29.588607788085938
2011-11-29,27.295398712158203,166.8800048828125,92.45160675048828,79.0715103149414,29.54437255859375
2011-11-30,28.998641967773438,170.1300048828125,96.25594329833984,77.8367691040039,30.92097282409668
2011-12-01,28.911663055419922,169.6300048828125,96.24052429199219,77.44621276855469,30.666656494140625
2011-12-02,28.824687957763672,169.82000732421875,96.15583801269531,78.5318374633789,30.63902473449707
2011-12-05,29.29580307006836,167.32000732421875,97.20316314697266,78.3729019165039,30.898866653442383
2011-12-06,28.897171020507812,168.17999267578125,97.23397064208984,77.62492370605469,30.849109649658203
2011-12-07,29.013141632080078,169.39999389648438,97.59593200683594,77.90296936035156,31.186351776123047
2011-12-08,27.969446182250977,165.97999572753906,95.45504760742188,78.87599182128906,30.478696823120117
2011-12-09,28.53477668762207,166.39999389648438,97.07228088378906,77.25428771972656,31.14763832092285
2011-12-12,27.462087631225586,161.99000549316406,95.65525817871094,78.11479949951172,30.59480094909668
2011-12-13,27.208423614501953,158.4499969482422,94.7619400024414,78.84292602539062,30.23544692993164
2011-12-14,26.817033767700195,152.88999938964844,93.75308990478516,80.33222961425781,30.412351608276367
2011-12-15,26.99098014831543,152.3300018310547,94.09192657470703,80.03439331054688,30.92097282409668
2011-12-16,27.193923950195312,155.22999572753906,94.23140716552734,80.96773529052734,31.263748168945312
2011-12-19,26.490882873535156,154.8699951171875,93.22395324707031,81.99373626708984,30.992849349975586
2011-12-20,27.60092544555664,156.97999572753906,96.04490661621094,79.94831848144531,31.932697296142578
2011-12-21,27.68873405456543,157.16000366210938,96.23090362548828,78.83628845214844,31.921628952026367
2011-12-22,28.054594039916992,156.0399932861328,97.08340454101562,79.1672592163086,32.3805046081543
2011-12-23,28.16436004638672,156.30999755859375,97.95140838623047,78.28688049316406,32.5213623046875
2011-12-27,27.893619537353516,154.91000366210938,98.02887725830078,78.65875244140625,32.66669845581055
2011-12-28,27.425315856933594,151.02999877929688,96.7424087524414,80.11302947998047,32.27540969848633
2011-12-29,27.739953994750977,150.33999633789062,97.74212646484375,80.2591552734375,32.56048583984375
2011-12-30,27.76190185546875,151.99000549316406,97.26163482666016,80.51811218261719,32.420738220214844
2012-01-03,28.610702514648438,155.9199981689453,98.81163787841797,79.30950164794922,32.69466018676758
2012-01-04,28.449729919433594,156.7100067138672,98.96663665771484,78.36654663085938,32.13568115234375
2012-01-05,28.325332641601562,157.77999877929688,99.23016357421875,78.22713470458984,32.4375114440918
2012-01-06,27.9667911529541,157.1999969482422,98.97439575195312,78.84471130371094,32.3313102722168
2012-01-09,28.259475708007812,156.5,99.21461486816406,78.7052001953125,32.219512939453125
2012-01-10,28.87413215637207,158.63999938964844,100.07487487792969,78.57244110107422,32.577247619628906
2012-01-11,28.896081924438477,159.6699981689453,100.12911987304688,79.59508514404297,32.80644989013672
2012-01-12,29.013168334960938,160.3800048828125,100.3694076538086,79.48219299316406,32.56608963012695
2012-01-13,28.749738693237305,159.25999450683594,99.85014343261719,80.2724838256836,32.638755798339844
2012-01-17,29.298534393310547,160.5,100.23760986328125,80.64433288574219,32.90706253051758
2012-01-18,30.03759002685547,161.60000610351562,101.34589385986328,79.66815185546875,33.13623809814453
2012-01-19,30.301015853881836,161.22000122070312,101.88063049316406,78.57244110107422,33.264801025390625
2012-01-20,30.279052734375,162.07000732421875,102.26038360595703,77.68257904052734,33.47163391113281
2012-01-23,30.57175636291504,163.16000366210938,101.99688720703125,77.19116973876953,33.63373565673828
2012-01-24,30.61564826965332,162.00999450683594,101.88063049316406,77.33058166503906,33.89085006713867
2012-01-25,30.959571838378906,166.4199981689453,102.73312377929688,77.1446762084961,34.326873779296875
2012-01-26,30.83517837524414,167.27000427246094,102.20613861083984,78.16734313964844,34.567230224609375
2012-01-27,30.996158599853516,168.97000122070312,102.15962219238281,78.41305541992188,34.57840347290039
2012-01-30,30.549808502197266,168.02999877929688,101.81085205078125,79.33614349365234,34.321266174316406
2012-01-31,30.8132266998291,169.30999755859375,101.77210998535156,80.25250244140625,34.488975524902344
2012-02-01,31.49374008178711,169.55999755859375,102.66336059570312,79.33323669433594,34.82994079589844
2012-02-02,31.581541061401367,171.0500030517578,102.82611846923828,79.29988861083984,34.908206939697266
2012-02-03,32.10839080810547,167.63999938964844,104.26761627197266,77.59587097167969,35.3945198059082
2012-02-06,31.8376522064209,167.17999267578125,104.19786834716797,78.36808776855469,35.282711029052734
2012-02-07,31.903507232666016,169.6999969482422,104.46134185791016,77.3961410522461,35.19327163696289
2012-02-08,32.13033676147461,168.5,104.77132415771484,77.45613098144531,35.2547492980957
2012-02-09,32.11570739746094,168.02000427246094,104.90308380126953,76.8769760131836,34.99764633178711
2012-02-10,31.40592384338379,167.13999938964844,104.12808990478516,77.87544250488281,34.67342758178711
2012-02-13,31.918136596679688,167.50999450683594,104.90308380126953,77.97527313232422,35.025596618652344
2012-02-14,31.654708862304688,167.1199951171875,104.77132415771484,78.38799285888672,34.6678352355957
2012-02-15,31.742528915405273,168.11000061035156,104.28311157226562,78.24818420410156,34.46103286743164
2012-02-16,32.08644104003906,168.0,105.43783569335938,77.62248229980469,34.82435989379883
2012-02-17,32.144981384277344,167.35000610351562,105.71685791015625,77.60250854492188,34.852298736572266
2012-02-21,32.013267517089844,171.02000427246094,105.76335144042969,76.74383544921875,34.31009292602539
2012-02-22,32.07179641723633,172.94000244140625,105.42235565185547,77.70902252197266,34.0194206237793
2012-02-23,32.013267517089844,173.02000427246094,105.88732147216797,77.70902252197266,34.44424819946289
2012-02-24,32.33522415161133,172.22999572753906,106.11981964111328,78.21488952636719,34.488975524902344
2012-02-27,32.013267517089844,171.6999969482422,106.29805755615234,78.90721893310547,34.43307113647461
2012-02-28,32.459617614746094,173.49000549316406,106.6080551147461,78.64764404296875,34.23182678222656
2012-02-29,32.437679290771484,164.2899932861328,106.18960571289062,78.1683349609375,34.09208679199219
2012-03-01,32.74500274658203,166.61000061035156,106.73983001708984,77.43244934082031,34.29891586303711
2012-03-02,32.66450881958008,166.33999633789062,106.41431427001953,78.15971374511719,34.24860382080078
2012-03-05,32.101070404052734,165.64999389648438,105.98033905029297,77.5392074584961,34.595184326171875
2012-03-06,31.025419235229492,162.6999969482422,104.43033599853516,78.47993469238281,34.136810302734375
2012-03-07,31.398605346679688,163.6300048828125,105.15884399414062,77.99957275390625,34.321266174316406
2012-03-08,32.05717086791992,165.27999877929688,106.20503997802734,77.21895599365234,34.14239501953125
2012-03-09,32.04253005981445,166.3800048828125,106.61580657958984,77.3724136352539,34.31009292602539
2012-03-12,31.691308975219727,165.07000732421875,106.62355041503906,77.35906982421875,34.56163787841797
2012-03-13,32.55474853515625,162.3000030517578,108.54558563232422,75.99800109863281,35.2603645324707
2012-03-14,32.04253005981445,159.57000732421875,108.4292984008789,74.08322143554688,35.16533279418945
2012-03-15,32.29863357543945,161.0800018310547,109.05703735351562,74.1966552734375,35.11502456665039
2012-03-16,32.262054443359375,161.3000030517578,109.20806121826172,74.3433837890625,35.316253662109375
2012-03-19,32.13765335083008,161.58999633789062,109.63618469238281,73.45610046386719,35.56220626831055
2012-03-20,31.581541061401367,160.1300048828125,109.3170394897461,73.74958801269531,35.511898040771484
2012-03-21,31.64008140563965,160.2100067138672,109.1380386352539,74.5835952758789,35.46158218383789
2012-03-22,31.157136917114258,159.57000732421875,108.3518295288086,74.82383728027344,34.97528076171875
2012-03-23,31.391300201416016,161.52999877929688,108.70210266113281,75.53102111816406,35.19327163696289
2012-03-26,31.940074920654297,164.39999389648438,110.22776794433594,75.1440658569336,35.605751037597656
2012-03-27,31.771791458129883,163.24000549316406,109.88524627685547,75.68443298339844,35.61137390136719
2012-03-28,31.237627029418945,161.50999450683594,109.3403549194336,75.57769012451172,35.555030822753906
2012-03-29,31.20104217529297,161.27999877929688,109.15357971191406,76.14476776123047,35.57191848754883
2012-03-30,31.427881240844727,162.1199951171875,109.60501861572266,74.85711669921875,35.86494445800781
2012-04-02,31.859603881835938,162.94000244140625,110.40676879882812,75.27188873291016,36.118499755859375
2012-04-03,31.67667007446289,159.88999938964844,109.95530700683594,73.96748352050781,35.97762680053711
2012-04-04,31.105920791625977,157.2100067138672,108.86557006835938,74.9842758178711,35.58319854736328
2012-04-05,31.274208068847656,158.30999755859375,108.81111145019531,75.52603912353516,35.44797134399414
2012-04-09,30.8132266998291,159.3699951171875,107.58902740478516,77.2919692993164,35.0704460144043
2012-04-10,30.213211059570312,161.10000610351562,105.78314208984375,78.16819763183594,34.315399169921875
2012-04-11,30.542484283447266,161.07000732421875,106.63939666748047,77.23175048828125,34.75489807128906
2012-04-12,31.325441360473633,162.6999969482422,108.0326919555664,76.91068267822266,35.23384475708008
2012-04-13,30.849807739257812,160.85000610351562,106.7483139038086,78.15482330322266,35.08734130859375
2012-04-16,30.696147918701172,160.4600067138672,106.67829132080078,78.0411376953125,35.56629180908203
2012-04-17,31.047380447387695,160.25,108.25843048095703,77.99430847167969,35.870574951171875
2012-04-18,30.90104103088379,159.30999755859375,107.89262390136719,78.22171020507812,35.62827682495117
2012-04-19,30.76199722290039,159.42999267578125,107.19982147216797,78.2952880859375,35.62827682495117
2012-04-20,30.974206924438477,159.5399932861328,107.37885284423828,78.30870056152344,36.062156677246094
2012-04-23,30.381505966186523,159.07000732421875,106.47592163085938,78.87728118896484,35.69025421142578
2012-04-24,30.44736099243164,159.3000030517578,106.88066864013672,78.32211303710938,36.225555419921875
2012-04-25,30.725419998168945,159.6199951171875,108.34400939941406,77.92071533203125,36.64252471923828
2012-04-26,30.915658950805664,161.02999877929688,109.09911346435547,78.38899230957031,36.73268508911133
2012-04-27,30.959571838378906,161.3800048828125,109.27811431884766,78.45587921142578,36.98624038696289
2012-04-30,30.893714904785156,161.8800048828125,108.87335968017578,78.47595977783203,36.89044952392578
2012-05-01,31.098600387573242,161.32000732421875,109.55056762695312,78.06890869140625,37.290523529052734
2012-05-02,31.040069580078125,160.58999633789062,109.2236557006836,78.61872100830078,37.23418426513672
2012-05-03,30.8059024810791,158.97000122070312,108.3907241821289,78.5986557006836,37.104576110839844
2012-05-04,30.264415740966797,159.47000122070312,106.63939666748047,79.21550750732422,36.77776336669922
2012-05-07,30.37418556213379,159.0800018310547,106.71721649169922,79.22893524169922,37.03696060180664
2012-05-08,29.891237258911133,156.0,106.28910064697266,79.65131378173828,36.96934509277344
2012-05-09,29.5034236907959,154.47000122070312,105.65863800048828,79.70499420166016,36.851009368896484
2012-05-10,29.627811431884766,154.77000427246094,105.87653350830078,79.47028350830078,36.87918472290039
2012-05-11,29.247318267822266,153.55999755859375,105.55738830566406,80.12741088867188,36.95805740356445
2012-05-14,28.581438064575195,151.3300018310547,104.38983154296875,81.24717712402344,36.49039840698242
2012-05-15,28.332658767700195,149.74000549316406,103.79047393798828,81.57575988769531,36.29881286621094
2012-05-16,27.930200576782227,149.4600067138672,103.39348602294922,81.81046295166016,35.89874267578125
2012-05-17,27.549701690673828,152.8000030517578,101.86005401611328,83.25875091552734,34.850685119628906
2012-05-18,27.28628158569336,154.5500030517578,100.98827362060547,83.2787857055664,34.42809295654297
2012-05-21,27.93752098083496,154.64999389648438,102.72402954101562,83.10449981689453,35.17750549316406
2012-05-22,27.64482879638672,152.0800018310547,102.90308380126953,82.17918395996094,35.2451171875
2012-05-23,27.454570770263672,151.6199951171875,102.95758056640625,82.7491455078125,35.29582214355469
2012-05-24,27.3155517578125,151.41000366210938,103.15997314453125,82.43400573730469,35.45360565185547
2012-05-25,27.183835983276367,152.67999267578125,102.82526397705078,82.7424545288086,35.312740325927734
2012-05-29,27.9521484375,151.02000427246094,104.07064819335938,82.4876480102539,35.814231872558594
2012-05-30,27.469215393066406,151.91000366210938,102.56059265136719,84.57972717285156,34.96338653564453
2012-05-31,27.58629035949707,151.6199951171875,102.33489227294922,85.55864715576172,35.228214263916016
2012-06-01,26.84724235534668,157.5,99.75838470458984,87.5898208618164,34.3661003112793
2012-06-04,26.964313507080078,157.32000732421875,99.71172332763672,86.89775085449219,34.12944793701172
2012-06-05,27.03748893737793,157.13999938964844,100.46675872802734,85.73536682128906,34.83378982543945
2012-06-06,27.827760696411133,157.2100067138672,102.72402954101562,84.02198791503906,35.605751037597656
2012-06-07,27.99604606628418,154.5,102.78633117675781,84.14971923828125,35.352176666259766
2012-06-08,27.75458335876465,154.72999572753906,103.60365295410156,84.12948608398438,35.853675842285156
2012-06-11,27.352134704589844,155.36000061035156,102.2882308959961,84.51249694824219,35.04789733886719
2012-06-12,27.922880172729492,156.4600067138672,103.4635009765625,83.73978424072266,35.38035583496094
2012-06-13,27.820446014404297,157.1199951171875,102.80192565917969,84.56623840332031,35.20003890991211
2012-06-14,28.018003463745117,157.75,103.89166259765625,84.458740234375,35.71281051635742
2012-06-15,28.530214309692383,157.83999633789062,104.95418548583984,84.9290542602539,35.932552337646484
2012-06-18,28.588754653930664,157.92999267578125,105.15760040283203,85.38594055175781,36.231204986572266
2012-06-19,29.049739837646484,157.16000366210938,106.17474365234375,84.27059173583984,36.37769317626953
2012-06-20,28.954627990722656,155.97000122070312,106.00267028808594,84.68720245361328,36.36079406738281
2012-06-21,27.894245147705078,152.02000427246094,103.62409210205078,85.13739013671875,35.76913833618164
2012-06-22,27.98310661315918,152.63999938964844,104.4221420288086,84.00181579589844,35.7747802734375
2012-06-25,27.464765548706055,153.75999450683594,102.74774169921875,85.22466278076172,35.5924186706543
2012-06-26,27.70172119140625,152.6199951171875,103.26419830322266,84.8887710571289,35.71171569824219
2012-06-27,27.879432678222656,152.8300018310547,104.19523620605469,85.02310180664062,35.853755950927734
2012-06-28,27.746152877807617,151.0500030517578,103.89793395996094,85.23138427734375,36.245750427246094
2012-06-29,28.975358963012695,155.19000244140625,106.48774719238281,84.12278747558594,37.171783447265625
2012-07-02,28.975358963012695,155.08999633789062,106.80853271484375,84.99075317382812,37.58081817626953
2012-07-03,29.552940368652344,157.4600067138672,107.5127182006836,84.337646484375,37.802398681640625
2012-07-05,29.241941452026367,155.67999267578125,107.02764129638672,84.76852416992188,37.56945037841797
2012-07-06,28.708789825439453,153.7100067138672,106.01045227050781,85.55635833740234,37.660343170166016
2012-07-09,28.605119705200195,154.0399932861328,105.87745666503906,86.31048583984375,37.70012283325195
2012-07-10,28.286699295043945,152.14999389648438,104.95418548583984,86.48563385009766,37.296775817871094
2012-07-11,28.434799194335938,152.99000549316406,104.96984100341797,86.59333801269531,37.33652114868164
2012-07-12,27.960891723632812,152.58999633789062,104.46124267578125,87.2060775756836,37.450157165527344
2012-07-13,28.501449584960938,154.13999938964844,106.21388244628906,86.97709655761719,37.91032028198242
2012-07-16,28.434799194335938,154.2100067138672,105.96350860595703,87.38111877441406,37.98419189453125
2012-07-17,28.81244468688965,153.47000122070312,106.6911392211914,86.69435119628906,38.3477783203125
2012-07-18,28.7384033203125,153.0500030517578,107.4814224243164,86.74146270751953,38.12052917480469
2012-07-19,29.004980087280273,153.3800048828125,107.7630844116211,86.51927947998047,37.72285461425781
2012-07-20,28.575496673583984,153.6699981689453,106.7772445678711,87.57642364501953,37.52402114868164
2012-07-23,27.82760238647461,153.02999877929688,105.697509765625,88.06794738769531,37.251304626464844
2012-07-24,27.709121704101562,153.52000427246094,104.78988647460938,88.76148986816406,37.12631607055664
2012-07-25,27.8424129486084,155.6699981689453,104.81336975097656,88.99042510986328,37.10927963256836
2012-07-26,28.471824645996094,156.77000427246094,106.54253387451172,88.1756820678711,37.43879318237305
2012-07-27,29.271556854248047,157.5399932861328,108.50634002685547,86.5124740600586,37.79670715332031
2012-07-30,29.101242065429688,157.42999267578125,108.50634002685547,87.15888977050781,37.97282028198242
2012-07-31,28.967960357666016,156.49000549316406,107.7474365234375,87.33399963378906,37.916011810302734
2012-08-01,29.01978874206543,155.13999938964844,107.65357971191406,86.89743041992188,37.73420715332031
2012-08-02,28.679153442382812,154.1300048828125,106.91026306152344,87.38998413085938,37.84214782714844
2012-08-03,29.5677547454834,155.5500030517578,109.03060913085938,85.979736328125,38.137577056884766
2012-08-06,29.75286865234375,156.3000030517578,109.2418212890625,86.01348114013672,38.0977897644043
2012-08-07,29.83432388305664,156.27999877929688,109.78958892822266,84.90689849853516,37.64898681640625
2012-08-08,29.893571853637695,156.47999572753906,109.92256927490234,84.45478057861328,37.39334487915039
2012-08-09,30.019454956054688,156.99000549316406,110.01644897460938,84.39405059814453,37.2740478515625
2012-08-10,30.160146713256836,157.17999267578125,110.19637298583984,84.81913757324219,37.32517623901367
2012-08-13,29.893571853637695,155.99000549316406,110.14168548583984,84.67742156982422,37.296775817871094
2012-08-14,29.88616180419922,155.1300048828125,110.15731048583984,83.5302963256836,37.21723556518555
2012-08-15,29.84173011779785,155.6300048828125,110.28250885009766,82.35626220703125,37.387672424316406
2012-08-16,30.115707397460938,156.55999755859375,111.09622192382812,81.65446472167969,37.671730041503906
2012-08-17,29.967615127563477,156.72000122070312,111.244873046875,82.05254364013672,37.68308639526367
2012-08-20,29.95281219482422,157.25999450683594,111.252685546875,82.2212142944336,37.57513427734375
2012-08-21,29.908376693725586,158.8300018310547,110.91622161865234,82.58563232421875,37.65468978881836
2012-08-22,29.923192977905273,160.5399932861328,110.96324157714844,83.94869232177734,37.631954193115234
2012-08-23,29.649206161499023,161.88999938964844,110.05558013916016,84.299560546875,37.518333435058594
2012-08-24,29.656612396240234,161.97000122070312,110.72067260742188,84.21854400634766,37.643314361572266
2012-08-27,29.353002548217773,161.36000061035156,110.74412536621094,84.71115112304688,37.75693130493164
2012-08-28,29.293771743774414,161.63999938964844,110.63459777832031,84.91358184814453,37.887596130371094
2012-08-29,29.153078079223633,160.58999633789062,110.72067260742188,84.5425033569336,37.8762321472168
2012-08-30,28.81244468688965,160.52000427246094,109.92256927490234,84.98104858398438,37.7910270690918
2012-08-31,29.086427688598633,164.22000122070312,110.44681549072266,86.1821517944336,37.91032028198242
2012-09-04,28.92352294921875,164.47999572753906,110.34508514404297,86.09562683105469,38.17735290527344
2012-09-05,28.775432586669922,164.30999755859375,110.2511978149414,85.68988037109375,38.10917282104492
2012-09-06,29.41224479675293,164.88999938964844,112.48892211914062,84.26309204101562,38.450035095214844
2012-09-07,30.093494415283203,168.44000244140625,112.92710876464844,83.87085723876953,38.48412322998047
2012-09-10,29.708438873291016,167.2899932861328,112.28548431396484,84.07373809814453,38.18302536010742
2012-09-11,30.063880920410156,167.89999389648438,112.59848022460938,83.54625701904297,38.29664611816406
2012-09-12,30.19717025756836,167.9199981689453,112.97404479980469,82.50493621826172,38.37617874145508
2012-09-13,31.011699676513672,171.30999755859375,114.69532775878906,82.18035888671875,38.84770965576172
2012-09-14,31.37455177307129,171.8000030517578,115.20399475097656,79.9961929321289,39.063602447509766
2012-09-17,31.03392791748047,170.39999389648438,114.81271362304688,80.95642852783203,38.949981689453125
2012-09-18,31.048728942871094,171.72000122070312,114.71881103515625,81.36207580566406,38.580718994140625
2012-09-19,31.048728942871094,171.74000549316406,114.78145599365234,81.8962631225586,38.364810943603516
2012-09-20,30.863611221313477,171.47000122070312,114.78922271728516,82.09917449951172,37.79670715332031
2012-09-21,30.93766212463379,171.9600067138672,114.74126434326172,82.19388580322266,37.802398681640625
2012-09-24,30.908035278320312,171.0500030517578,114.56819152832031,82.83629608154297,37.6620979309082
2012-09-25,30.44893455505371,170.77000427246094,113.34896850585938,83.65447998046875,37.10663604736328
2012-09-26,30.30823516845703,169.80999755859375,112.71186828613281,84.55390930175781,37.100914001464844
2012-09-27,30.7895565032959,172.33999633789062,113.77371978759766,83.95196533203125,37.261253356933594
2012-09-28,30.60443878173828,171.88999938964844,113.24673461914062,83.99934387207031,37.20399475097656
2012-10-01,30.908035278320312,172.2899932861328,113.54563903808594,84.3110580444336,36.929115295410156
2012-10-02,30.95245361328125,172.10000610351562,113.66365814208984,84.19583892822266,37.2097053527832
2012-10-03,30.745128631591797,172.41000366210938,114.12773895263672,84.22293853759766,37.28414535522461
2012-10-04,31.063539505004883,173.61000061035156,114.94577026367188,83.17261505126953,37.27271270751953
2012-10-05,31.063539505004883,172.6199951171875,114.95366668701172,82.09517669677734,37.318511962890625
2012-10-08,30.7895565032959,172.0500030517578,114.560302734375,82.78639221191406,37.23833465576172
2012-10-09,30.56000328063965,170.99000549316406,113.42764282226562,82.63732147216797,37.100914001464844
2012-10-10,30.3748836517334,170.83999633789062,112.70398712158203,83.22007751464844,37.249794006347656
2012-10-11,30.656274795532227,171.32000732421875,112.76693725585938,83.7960205078125,37.221153259277344
2012-10-12,30.56000328063965,170.05999755859375,112.39720916748047,84.00611114501953,37.08945083618164
2012-10-15,30.73772430419922,168.35000610351562,113.333251953125,83.8164291381836,37.335693359375
2012-10-16,31.056135177612305,169.4199981689453,114.48167419433594,82.6576156616211,37.56474685668945
2012-10-17,31.300491333007812,169.5399932861328,115.0008316040039,81.89192199707031,37.461669921875
2012-10-18,31.211645126342773,168.7899932861328,114.70195770263672,81.39045715332031,37.84532928466797
2012-10-19,30.730318069458008,166.97000122070312,112.7905044555664,82.4950180053711,37.53038787841797
2012-10-22,31.02652359008789,167.5800018310547,112.80625915527344,81.96643829345703,37.34141540527344
2012-10-23,30.389692306518555,165.42999267578125,111.24089813232422,83.13877868652344,36.96347427368164
2012-10-24,30.41931915283203,164.86000061035156,110.92626953125,82.31885528564453,36.93485641479492
2012-10-25,30.752538681030273,166.02000427246094,111.24870300292969,81.89868927001953,36.83177185058594
2012-10-26,30.51557731628418,165.92999267578125,111.18583679199219,83.1048812866211,36.511104583740234
2012-10-31,30.471139907836914,166.8300018310547,111.18583679199219,83.59276580810547,36.86613082885742
2012-11-01,30.967281341552734,166.07000732421875,112.3499984741211,82.90830993652344,37.04364776611328
2012-11-02,30.80437469482422,162.60000610351562,111.35098266601562,82.84737396240234,37.28987503051758
2012-11-05,30.95245361328125,163.22999572753906,111.57915496826172,83.31494140625,37.04364776611328
2012-11-06,31.196828842163086,166.3000030517578,112.45223999023438,82.52884674072266,37.20399475097656
2012-11-07,30.685901641845703,166.49000549316406,109.90367126464844,84.02644348144531,37.03791427612305
2012-11-08,30.30083656311035,167.99000549316406,108.58222198486328,85.27330017089844,36.59699630737305
2012-11-09,30.360078811645508,167.82000732421875,108.67658233642578,85.3681640625,36.4996337890625
2012-11-12,30.471139907836914,167.4499969482422,108.76310729980469,85.51045989990234,36.41374969482422
2012-11-13,30.19717025756836,167.10000610351562,108.38554382324219,85.7950439453125,36.3851203918457
2012-11-14,29.73065948486328,167.13999938964844,106.92247772216797,85.87637329101562,35.70368194580078
2012-11-15,29.83432388305664,166.08999633789062,106.74153137207031,85.70700073242188,35.5376091003418
2012-11-16,29.923192977905273,165.8800048828125,107.26856231689453,85.6324462890625,35.75522232055664
2012-11-19,30.44893455505371,167.8699951171875,109.4395980834961,85.15132904052734,36.19614791870117
2012-11-20,30.389692306518555,167.38999938964844,109.48676300048828,84.29749298095703,36.46529006958008
2012-11-21,30.330453872680664,167.55999755859375,109.69132232666016,84.25007629394531,36.40229797363281
2012-11-23,30.82658576965332,169.61000061035156,111.18583679199219,84.16875457763672,36.67143249511719
2012-11-26,30.82658576965332,169.42999267578125,110.94986724853516,84.56855773925781,36.74587631225586
2012-11-27,30.567415237426758,168.7100067138672,110.38347625732422,84.90060424804688,36.53972244262695
2012-11-28,30.73772430419922,166.5500030517578,111.27236938476562,84.77861785888672,36.49392318725586
2012-11-29,30.959863662719727,167.17999267578125,111.79149627685547,84.79216766357422,36.6943359375
2012-11-30,30.945058822631836,166.0500030517578,111.81509399414062,84.56178283691406,36.768775939941406
2012-12-03,30.93025016784668,166.1300048828125,111.26448059082031,84.63988494873047,36.917659759521484
2012-12-04,31.019107818603516,164.4199981689453,111.10717010498047,85.12873077392578,36.974937438964844
2012-12-05,31.35233497619629,164.1199951171875,111.30382537841797,85.08797454833984,36.86040496826172
2012-12-06,31.589290618896484,164.5,111.68135833740234,85.27130889892578,37.20399475097656
2012-12-07,31.68555450439453,165.16000366210938,112.0196304321289,84.48370361328125,37.34141540527344
2012-12-10,31.863262176513672,165.8000030517578,112.06682586669922,84.8571548461914,37.32423782348633
2012-12-11,32.02617645263672,165.64999389648438,112.82979583740234,84.21210479736328,37.41585159301758
2012-12-12,32.1224365234375,165.77000427246094,112.88487243652344,83.2343978881836,37.312774658203125
2012-12-13,31.981740951538086,164.3699951171875,112.1927261352539,83.29554748535156,37.0264778137207
2012-12-14,32.1224365234375,164.1300048828125,111.77578735351562,83.92010498046875,37.0207405090332
2012-12-17,32.203887939453125,164.44000244140625,113.08940887451172,82.6640853881836,37.2154426574707
2012-12-18,32.42886734008789,162.0800018310547,114.34794616699219,81.82217407226562,37.59910202026367
2012-12-19,32.41397476196289,161.69000244140625,113.49844360351562,82.09375,37.54755783081055
2012-12-20,32.607669830322266,159.72999572753906,114.15131378173828,82.10733795166016,38.04003143310547
2012-12-21,32.23517990112305,160.3300018310547,113.11516571044922,83.00357818603516,37.9770393371582
2012-12-24,32.16813278198242,160.6199951171875,112.76659393310547,82.85420989990234,38.02745819091797
2012-12-26,32.264984130859375,160.77999877929688,112.29129028320312,83.15225219726562,37.84779739379883
2012-12-27,32.446815490722656,161.16000366210938,112.14073181152344,83.43122863769531,37.98687744140625
2012-12-28,32.566043853759766,160.5399932861328,110.92872619628906,83.90751647949219,37.737674713134766
2012-12-31,33.050437927246094,162.02000427246094,112.8141098022461,82.4581069946289,38.13759231567383
2013-01-02,33.69878387451172,163.1699981689453,115.70559692382812,81.3558578491211,38.612857818603516
2013-01-03,33.4603157043457,161.1999969482422,115.44412994384766,80.25347137451172,38.6070671081543
2013-01-04,33.52738571166992,160.44000244140625,115.95109558105469,80.56646728515625,38.78673553466797
2013-01-07,33.27400588989258,159.42999267578125,115.63426208496094,80.60049438476562,38.87367248535156
2013-01-08,32.975921630859375,160.55999755859375,115.30155944824219,81.13127136230469,38.79833221435547
2013-01-09,33.117515563964844,160.49000549316406,115.59463500976562,81.05642700195312,38.9084587097168
2013-01-10,33.40815734863281,161.97999572753906,116.51358795166016,80.8318862915039,38.94902420043945
2013-01-11,33.13986587524414,161.05999755859375,116.5057144165039,81.5531005859375,38.92585754394531
2013-01-14,33.28145980834961,161.5399932861328,116.42645263671875,81.32855224609375,39.03596115112305
2013-01-15,33.13986587524414,162.55999755859375,116.5057144165039,81.70286560058594,39.22144317626953
2013-01-16,33.110050201416016,162.64999389648438,116.48986053466797,81.87294006347656,39.175071716308594
2013-01-17,33.29637145996094,163.35000610351562,117.24246215820312,81.05642700195312,39.296783447265625
2013-01-18,33.37088394165039,163.08999633789062,117.5038070678711,81.68235778808594,39.46486282348633
2013-01-22,33.31871795654297,163.6699981689453,118.13760375976562,81.83895111083984,39.667724609375
2013-01-23,33.13986587524414,163.2100067138672,118.32767486572266,81.71646118164062,39.6561393737793
2013-01-24,33.0206413269043,161.4199981689453,118.35935974121094,81.43065643310547,39.737281799316406
2013-01-25,32.908843994140625,160.64999389648438,119.02481842041016,80.31472778320312,39.963321685791016
2013-01-28,32.67782974243164,160.2899932861328,118.88218688964844,80.02210235595703,40.067657470703125
2013-01-29,33.042991638183594,160.99000549316406,119.34954071044922,79.5798568725586,40.18357849121094
2013-01-30,32.8864860534668,162.19000244140625,118.88218688964844,79.44368743896484,39.80104064941406
2013-01-31,32.95356750488281,161.1999969482422,118.58909606933594,79.8315658569336,39.56340026855469
2013-02-01,33.16967010498047,161.4499969482422,119.80902862548828,78.79495239257812,39.795249938964844
2013-02-04,32.72999954223633,162.0,118.4623794555664,79.8042984008789,39.70249938964844
2013-02-05,32.76726531982422,161.9600067138672,119.65855407714844,79.09502410888672,39.609779357910156
2013-02-06,32.72999954223633,162.38999938964844,119.74568939208984,79.7428970336914,39.748870849609375
2013-02-07,32.439361572265625,161.83999633789062,119.58727264404297,79.56556701660156,39.58078384399414
2013-02-08,32.67782974243164,161.57000732421875,120.25267791748047,79.87250518798828,39.94594955444336
2013-02-11,32.66293716430664,159.6999969482422,120.22892761230469,79.81110382080078,40.0038948059082
2013-02-12,32.752349853515625,159.88999938964844,120.42694854736328,79.61331939697266,40.305294036865234
2013-02-13,32.91630172729492,159.0500030517578,120.5299301147461,78.96548461914062,40.282108306884766
2013-02-14,32.901397705078125,158.35000610351562,120.64081573486328,79.68153381347656,40.1140251159668
2013-02-15,32.782161712646484,155.75999450683594,120.49825286865234,79.44971466064453,40.13140869140625
2013-02-19,32.8492317199707,155.3300018310547,121.40129089355469,79.05410766601562,40.4501838684082
2013-02-20,32.558597564697266,151.44000244140625,119.88826751708984,79.29285430908203,40.18938446044922
2013-02-21,32.11146926879883,152.6199951171875,119.15943908691406,79.7565689086914,39.88798522949219
2013-02-22,32.253055572509766,152.97000122070312,120.32395935058594,79.81110382080078,40.28789138793945
2013-02-25,31.820831298828125,154.33999633789062,118.03456115722656,81.37966918945312,39.522830963134766
2013-02-26,31.99969482421875,156.22000122070312,118.84262084960938,80.90907287597656,39.795249938964844
2013-02-27,32.349945068359375,154.57000732421875,120.33982849121094,80.67040252685547,40.08504104614258
2013-02-28,32.20088577270508,153.0,120.10221099853516,80.82044219970703,40.044456481933594
2013-03-01,32.27541732788086,152.44000244140625,120.49825286865234,81.26055908203125,40.177764892578125
2013-03-04,31.96988868713379,152.3000030517578,121.13988494873047,80.83006286621094,40.47916030883789
2013-03-05,32.357383728027344,152.3800048828125,122.22522735595703,80.59764862060547,40.79793930053711
2013-03-06,32.513885498046875,153.22999572753906,122.39156341552734,79.86637878417969,40.676239013671875
2013-03-07,32.60332489013672,152.69000244140625,122.61334991455078,79.25130462646484,40.48496627807617
2013-03-08,32.8864860534668,152.7100067138672,123.13623046875,78.4243392944336,40.55451583862305
2013-03-11,32.70764923095703,152.99000549316406,123.60356903076172,78.49947357177734,40.58926773071289
2013-03-12,32.335025787353516,154.19000244140625,123.32633972167969,79.06670379638672,40.43860626220703
2013-03-13,32.02949523925781,153.66000366210938,123.5005874633789,78.98473358154297,40.47916030883789
2013-03-14,32.16362762451172,153.67999267578125,124.15813446044922,78.74557495117188,40.73420333862305
2013-03-15,31.87299919128418,154.0,123.99418640136719,79.1146011352539,40.82691955566406
2013-03-18,31.515296936035156,155.3800048828125,123.3099136352539,79.71599578857422,40.60088348388672
2013-03-19,31.29172706604004,156.0800018310547,123.02339935302734,80.25593566894531,40.403812408447266
2013-03-20,31.4705810546875,155.3699951171875,123.88282775878906,79.36066436767578,40.53132629394531
2013-03-21,31.150127410888672,156.25,122.82453918457031,80.12603759765625,40.40961837768555
2013-03-22,31.26936912536621,155.5500030517578,123.8111801147461,80.18760681152344,40.62221145629883
2013-03-25,31.23955726623535,155.24000549316406,123.29400634765625,80.11238861083984,40.62804412841797
2013-03-26,31.686697006225586,154.72000122070312,124.2806167602539,80.20808410644531,40.9785041809082
2013-03-27,31.805927276611328,155.36000061035156,124.2806167602539,80.89149475097656,41.05441665649414
2013-03-28,31.87299919128418,154.4499969482422,124.66259002685547,80.48143768310547,41.194610595703125
2013-04-01,31.530197143554688,154.6699981689453,124.16927337646484,81.08766174316406,41.317264556884766
2013-04-02,31.54510498046875,152.42999267578125,124.78195190429688,80.75883483886719,41.44575500488281
2013-04-03,31.172487258911133,150.72999572753906,123.51676177978516,81.48484802246094,41.29972457885742
2013-04-04,31.083065032958984,150.2899932861328,124.01805877685547,82.45744323730469,41.971435546875
2013-04-05,31.008546829223633,152.80999755859375,123.46112823486328,84.12183380126953,42.19919967651367
2013-04-08,31.060718536376953,152.16000366210938,124.29656219482422,83.47802734375,42.53797912597656
2013-04-09,31.366252899169922,153.33999633789062,124.72622680664062,83.27250671386719,42.54380798339844
2013-04-10,31.664335250854492,150.75,126.25398254394531,82.12872314453125,42.80665588378906
2013-04-11,31.694143295288086,151.0500030517578,126.66779327392578,82.28623962402344,43.057804107666016
2013-04-12,31.209747314453125,143.9499969482422,126.3573989868164,83.51225280761719,43.162933349609375
2013-04-15,30.44963264465332,131.30999755859375,123.42926788330078,84.23827362060547,42.269309997558594
2013-04-16,31.07561492919922,132.8000030517578,125.25144958496094,83.5464859008789,42.970184326171875
2013-04-17,30.583765029907227,132.8699951171875,123.42127990722656,84.10127258300781,42.51460647583008
2013-04-18,30.583765029907227,134.3000030517578,122.64945220947266,84.3067398071289,42.450355529785156
2013-04-19,31.03090476989746,135.47000122070312,123.71565246582031,84.12866973876953,43.10452651977539
2013-04-22,31.1799373626709,137.89999389648438,124.26470947265625,84.19029235839844,43.04612731933594
2013-04-23,31.328983306884766,136.8800048828125,125.54585266113281,83.89574432373047,43.28558349609375
2013-04-24,31.515296936035156,138.3699951171875,125.62538146972656,84.10810852050781,43.379032135009766
2013-04-25,31.798480987548828,141.6300048828125,126.13465881347656,83.74506378173828,43.23302459716797
2013-04-26,31.47803497314453,140.91000366210938,125.91190338134766,84.51220703125,43.092838287353516
2013-04-29,31.805927276611328,142.3000030517578,126.75530242919922,84.20396423339844,43.460811614990234
2013-04-30,32.2605094909668,142.77000427246094,127.05767822265625,84.25198364257812,43.968929290771484
2013-05-01,31.910255432128906,141.11000061035156,125.94366455078125,85.11742401123047,43.61850357055664
2013-05-02,32.16362762451172,141.9199981689453,127.11332702636719,85.00765228271484,43.904693603515625
2013-05-03,32.431907653808594,142.08999633789062,128.4023895263672,83.00341033935547,44.07992172241211
2013-05-06,32.47663116455078,142.14999389648438,128.7286376953125,82.79750061035156,44.307716369628906
2013-05-07,32.70764923095703,140.3800048828125,129.38107299804688,82.47490692138672,44.55302047729492
2013-05-08,32.96101379394531,142.4600067138672,129.96994018554688,82.60533905029297,44.576393127441406
2013-05-09,32.7225456237793,140.80999755859375,129.60389709472656,82.39250183105469,44.28434753417969
2013-05-10,32.46916580200195,139.60000610351562,130.0255889892578,81.50711822509766,44.4478874206543
2013-05-13,32.17107391357422,138.42999267578125,130.12905883789062,80.88253021240234,44.65815734863281
2013-05-14,32.320125579833984,137.80999755859375,131.4738006591797,80.00395965576172,44.821685791015625
2013-05-15,32.32758331298828,134.6300048828125,132.18199157714844,80.539306640625,45.26559066772461
2013-05-16,32.215797424316406,134.08999633789062,131.56130981445312,81.37667846679688,45.0319709777832
2013-05-17,32.357383728027344,131.07000732421875,132.83441162109375,80.34712982177734,45.283103942871094
2013-05-20,32.439361572265625,135.1199951171875,132.8264617919922,80.25105285644531,45.38825607299805
2013-05-21,32.372291564941406,132.8800048828125,133.0174560546875,80.88253021240234,45.6452522277832
2013-05-22,32.01458740234375,131.94000244140625,132.03079223632812,79.68138122558594,44.53550338745117
2013-05-23,31.77611541748047,134.61000061035156,131.64881896972656,80.05885314941406,43.700286865234375
2013-05-24,31.500383377075195,133.75999450683594,131.5374298095703,80.168701171875,43.589290618896484
2013-05-28,31.671781539916992,133.49000549316406,132.3251953125,78.1370849609375,43.21549606323242
2013-05-29,31.26936912536621,134.8300018310547,131.4658203125,79.01557922363281,42.29850387573242
2013-05-30,31.26936912536621,136.6999969482422,131.95126342773438,78.8233642578125,41.90134048461914
2013-05-31,30.703001022338867,133.9199981689453,130.05738830566406,78.55571746826172,41.34062576293945
2013-06-03,31.1575870513916,136.50999450683594,130.77359008789062,78.97196960449219,41.57423782348633
2013-06-04,30.777523040771484,135.22999572753906,130.1449737548828,78.2426528930664,40.99602508544922
2013-06-05,30.2260684967041,135.52000427246094,128.3228302001953,79.3228530883789,40.65726089477539
2013-06-06,30.479440689086914,136.52999877929688,129.4845428466797,79.27468872070312,41.31140899658203
2013-06-07,30.32295036315918,133.27999877929688,131.13162231445312,77.85739135742188,41.317264556884766
2013-06-10,29.913076400756836,133.94000244140625,131.13162231445312,77.48582458496094,40.96097183227539
2013-06-11,29.346708297729492,133.25,129.77891540527344,78.40779113769531,40.35354232788086
2013-06-12,29.1455020904541,134.25,128.70474243164062,77.28630065917969,39.80451583862305
2013-06-13,29.764026641845703,133.74000549316406,130.66217041015625,78.49723815917969,40.838321685791016
2013-06-14,29.29454803466797,134.42999267578125,129.84263610839844,78.3115234375,40.99018096923828
2013-06-17,29.562820434570312,133.77000427246094,130.84519958496094,77.8986587524414,41.10698318481445
2013-06-18,29.68950843811035,132.1300048828125,131.87957763671875,77.93990325927734,41.317264556884766
2013-06-19,28.77288818359375,130.58999633789062,130.05738830566406,77.13492584228516,40.049827575683594
2013-06-20,27.48366355895996,123.5999984741211,126.83484649658203,75.86893463134766,38.38522720336914
2013-06-21,27.87862777709961,125.05000305175781,127.24201202392578,74.58235931396484,38.90504455566406
2013-06-24,27.312257766723633,123.93000030517578,125.63417053222656,74.89192962646484,38.728729248046875
2013-06-25,27.893537521362305,123.47000122070312,126.84202575683594,74.2245864868164,39.37736129760742
2013-06-26,28.333202362060547,118.27999877929688,128.0979461669922,74.70620727539062,39.9729118347168
2013-06-27,28.9017276763916,115.94000244140625,128.8497772216797,75.46991729736328,40.774845123291016
2013-06-28,29.067827224731445,119.11000061035156,128.3218994140625,75.9859390258789,40.521305084228516
2013-07-01,29.158432006835938,121.12999725341797,129.07386779785156,76.13899993896484,40.43283462524414
2013-07-02,28.637475967407227,120.05000305175781,128.953857421875,76.09075927734375,41.0519905090332
2013-07-03,28.37322998046875,120.73999786376953,129.00982666015625,75.86318969726562,40.7807502746582
2013-07-05,28.1920223236084,118.08999633789062,130.40164184570312,73.27715301513672,40.58616256713867
2013-07-08,28.229766845703125,119.51000213623047,131.14559936523438,73.98745727539062,40.627445220947266
2013-07-09,28.599733352661133,120.62000274658203,132.08950805664062,74.0633316040039,41.20530319213867
2013-07-10,28.32792091369629,120.94999694824219,132.13746643066406,73.48406219482422,41.222984313964844
2013-07-11,29.717140197753906,124.23999786376953,133.93727111816406,74.3460464477539,42.21949768066406
2013-07-12,29.40003204345703,124.12999725341797,133.99327087402344,74.28394317626953,41.96005630493164
2013-07-15,29.702041625976562,124.18000030517578,134.505126953125,74.67710876464844,42.136962890625
2013-07-16,29.822839736938477,124.88999938964844,134.00125122070312,74.93221282958984,42.16644287109375
2013-07-17,30.094642639160156,123.31999969482422,134.3451385498047,75.07014465332031,42.31975173950195
2013-07-18,29.739795684814453,124.01000213623047,135.0811309814453,74.13226318359375,42.679439544677734
2013-07-19,29.656736373901367,125.11000061035156,135.32113647460938,75.3045425415039,42.64996337890625
2013-07-22,29.951187133789062,128.83999633789062,135.58511352539062,75.41488647460938,42.77968978881836
2013-07-23,30.27585220336914,129.7100067138672,135.29713439941406,75.09774017333984,42.73250961303711
2013-07-24,29.96629524230957,127.4800033569336,134.8011932373047,74.14607238769531,41.90110778808594
2013-07-25,30.139936447143555,128.6699981689453,135.1291046142578,74.11845397949219,41.9659423828125
2013-07-26,30.071996688842773,128.77999877929688,135.2731475830078,74.57363891601562,42.001346588134766
2013-07-29,29.69449806213379,128.47000122070312,134.857177734375,74.02881622314453,41.68882369995117
2013-07-30,29.62653923034668,128.1199951171875,134.857177734375,74.00125122070312,41.56497573852539
2013-07-31,29.45289421081543,127.95999908447266,134.95314025878906,74.27019500732422,40.88689041137695
2013-08-01,29.98893928527832,126.61000061035156,136.5129852294922,72.83915710449219,40.72767639160156
2013-08-02,29.981401443481445,126.36000061035156,136.7449188232422,73.64109802246094,40.52718734741211
2013-08-05,29.792640686035156,125.69999694824219,136.54498291015625,73.07418823242188,40.49770736694336
2013-08-06,29.415142059326172,123.97000122070312,135.76907348632812,73.28851318359375,40.35619354248047
2013-08-07,29.09803581237793,124.1500015258789,135.32916259765625,73.83467864990234,40.25006103515625
2013-08-08,29.656736373901367,126.86000061035156,135.8250732421875,74.03514099121094,40.26773452758789
2013-08-09,29.717140197753906,126.86000061035156,135.43309020996094,74.15267181396484,40.62154769897461
2013-08-12,29.99649429321289,129.1300048828125,135.2731475830078,73.64795684814453,40.332611083984375
2013-08-13,30.17769432067871,127.73999786376953,135.67308044433594,72.5833511352539,39.77832794189453
2013-08-14,30.27585220336914,129.0,134.97715759277344,72.6939697265625,39.62501907348633
2013-08-15,29.928543090820312,131.69000244140625,133.08938598632812,71.7122573852539,38.899742126464844
2013-08-16,29.671838760375977,132.5800018310547,132.64935302734375,71.4633560180664,37.944496154785156
2013-08-19,29.11313819885254,132.00999450683594,131.80157470703125,70.84117126464844,37.443275451660156
2013-08-20,29.06028175354004,132.4499969482422,132.44940185546875,71.38733673095703,38.292388916015625
2013-08-21,28.380779266357422,132.07000732421875,131.6334686279297,70.60606384277344,38.203948974609375
2013-08-22,28.841333389282227,132.80999755859375,132.8334197998047,71.32511901855469,38.43391036987305
2013-08-23,29.18108367919922,134.89999389648438,133.28135681152344,72.09937286376953,38.83488082885742
2013-08-26,28.863977432250977,135.4499969482422,132.785400390625,72.45886993408203,38.72285461425781
2013-08-27,28.199567794799805,136.75,130.6496124267578,73.37151336669922,38.53414535522461
2013-08-28,28.259979248046875,136.7100067138672,131.11354064941406,72.77688598632812,38.29827880859375
2013-08-29,28.48647689819336,135.8699951171875,131.32156372070312,73.35765075683594,38.35725402832031
2013-08-30,28.705425262451172,134.6199951171875,130.90560913085938,73.27467346191406,38.032936096191406
2013-09-03,28.886629104614258,136.4199981689453,131.49754333496094,72.24116516113281,37.70273208618164
2013-09-04,29.40003204345703,134.66000366210938,132.58541870117188,72.08172607421875,38.027042388916016
2013-09-05,29.74733543395996,132.1999969482422,132.75343322753906,71.07667541503906,37.62607192993164
2013-09-06,30.18524742126465,134.14999389648438,132.81741333007812,71.43017578125,38.2098274230957
2013-09-09,30.978002548217773,133.91000366210938,134.0892791748047,71.46482849121094,39.0058708190918
2013-09-10,31.212047576904297,131.74000549316406,135.0811309814453,70.96578216552734,38.97639083862305
2013-09-11,31.234703063964844,131.6999969482422,135.50509643554688,71.5965576171875,39.28891372680664
2013-09-12,30.87230682373047,127.66999816894531,135.1451873779297,71.49948120117188,39.03535461425781
2013-09-13,31.076152801513672,127.81999969482422,135.44912719726562,71.77677917480469,39.14738464355469
2013-09-16,31.423460006713867,126.44999694824219,136.23301696777344,71.29845428466797,39.536563873291016
2013-09-17,31.355506896972656,126.5,136.8409423828125,71.88762664794922,39.51298904418945
2013-09-18,32.669219970703125,132.00999450683594,138.42474365234375,72.77490997314453,40.85151290893555
2013-09-19,32.49557113647461,131.75,138.1928253173828,72.34510040283203,40.816123962402344
2013-09-20,31.770769119262695,127.95999908447266,137.22662353515625,72.72637176513672,40.149810791015625
2013-09-23,31.884010314941406,127.55000305175781,136.5915985107422,73.26008605957031,39.874900817871094
2013-09-24,31.612215042114258,127.66000366210938,136.27011108398438,74.05030822753906,39.571414947509766
2013-09-25,31.370616912841797,128.7899932861328,135.8762664794922,74.20276641845703,39.702335357666016
2013-09-26,31.49895668029785,127.79000091552734,136.3987579345703,73.68291473388672,39.94629669189453
2013-09-27,31.12900161743164,128.97000122070312,135.77169799804688,73.86315155029297,39.779693603515625
2013-09-30,30.774150848388672,128.17999267578125,135.0482635498047,73.75226593017578,39.35719680786133
2013-10-01,31.385711669921875,124.58999633789062,136.1173553466797,73.5284652709961,39.92844772338867
2013-10-02,31.506511688232422,127.05999755859375,135.98878479003906,73.63963317871094,39.987953186035156
2013-10-03,31.385711669921875,127.18000030517578,134.7347869873047,73.52154541015625,39.29172897338867
2013-10-04,31.793418884277344,126.52999877929688,135.75570678710938,73.46591186523438,39.214378356933594
2013-10-07,31.5216064453125,127.63999938964844,134.5821075439453,73.7647933959961,39.39289855957031
2013-10-08,31.2196044921875,127.4000015258789,133.01466369628906,73.78561401367188,38.96446228027344
2013-10-09,31.45365333557129,126.11000061035156,133.1111297607422,73.19488525390625,38.970401763916016
2013-10-10,32.193572998046875,124.2699966430664,135.98072814941406,73.31303405761719,39.96416473388672
2013-10-11,32.3370246887207,122.5999984741211,136.8568572998047,73.29218292236328,40.36285400390625
2013-10-14,32.52577590942383,122.83000183105469,137.40345764160156,72.70145416259766,40.38664245605469
2013-10-15,32.20866775512695,123.7300033569336,136.40679931640625,72.65283203125,40.237876892089844
2013-10-16,32.465370178222656,123.54000091552734,138.3118133544922,73.56320190429688,40.99361038208008
2013-10-17,32.669219970703125,127.41999816894531,139.2361602783203,74.23037719726562,41.61246871948242
2013-10-18,32.69942092895508,126.8499984741211,140.17662048339844,74.39027404785156,41.57081604003906
2013-10-21,32.64657211303711,126.9800033569336,140.18466186523438,74.1539306640625,41.32088088989258
2013-10-22,32.963680267333984,129.33999633789062,140.9965057373047,74.98099517822266,41.70173645019531
2013-10-23,32.193572998046875,128.69000244140625,140.32131958007812,75.27284240722656,41.77908706665039
2013-10-24,32.1256217956543,129.89999389648438,140.7874755859375,74.98099517822266,41.76718521118164
2013-10-25,32.276615142822266,130.4600067138672,141.43055725097656,75.25896453857422,42.2789306640625
2013-10-28,32.465370178222656,130.55999755859375,141.65557861328125,75.00183868408203,41.97544479370117
2013-10-29,32.5710563659668,129.77000427246094,142.41122436523438,75.0990982055664,41.73146438598633
2013-10-30,32.38987731933594,129.60000610351562,141.7038116455078,74.64739227294922,41.38039779663086
2013-10-31,32.05767059326172,127.73999786376953,141.30197143554688,74.8072280883789,41.13642883300781
2013-11-01,32.07276916503906,126.94999694824219,141.6395721435547,73.99754333496094,41.35063934326172
2013-11-04,32.26906967163086,126.80999755859375,142.13792419433594,74.0671157836914,41.42800521850586
2013-11-05,31.619770050048828,126.55999755859375,141.6878204345703,73.18218231201172,40.7496223449707
2013-11-06,31.717910766601562,127.19999694824219,142.41122436523438,73.21707153320312,40.69012451171875
2013-11-07,31.144115447998047,126.16000366210938,140.6106719970703,73.8371810913086,40.184322357177734
2013-11-08,31.076152801513672,124.27999877929688,142.50767517089844,72.060302734375,39.642826080322266
2013-11-11,30.9176025390625,123.87000274658203,142.53184509277344,71.7885513305664,39.684486389160156
2013-11-12,30.751501083374023,122.44999694824219,142.24244689941406,72.12301635742188,39.50594711303711
2013-11-13,30.80435562133789,122.8499984741211,143.38385009765625,72.38774871826172,39.7618408203125
2013-11-14,31.30265235900879,124.2699966430664,144.09922790527344,72.8337631225586,40.04151916503906
2013-11-15,31.899118423461914,124.31999969482422,144.72621154785156,72.98014068603516,40.190269470214844
2013-11-18,32.1860237121582,122.9000015258789,144.21978759765625,73.41912841796875,39.940345764160156
2013-11-19,31.989709854125977,122.94999694824219,143.9062957763672,72.86165618896484,39.660682678222656
2013-11-20,31.55181121826172,120.12000274658203,143.4561767578125,71.62124633789062,39.17866134643555
2013-11-21,31.5216064453125,119.94000244140625,144.61363220214844,71.73973846435547,39.482147216796875
2013-11-22,31.74811553955078,119.91999816894531,145.33709716796875,72.40874481201172,39.32743835449219
2013-11-25,31.340408325195312,120.45999908447266,145.19241333007812,72.61775207519531,39.14296340942383
2013-11-26,31.446109771728516,119.81999969482422,145.23255920410156,72.88953399658203,39.006107330322266
2013-11-27,31.64995765686035,119.45999908447266,145.58624267578125,72.7640380859375,39.339351654052734
2013-11-29,31.974620819091797,120.69999694824219,145.4897918701172,72.78501892089844,38.976356506347656
2013-12-02,31.30265235900879,117.58000183105469,145.112060546875,72.2188720703125,38.75022506713867
2013-12-03,31.196956634521484,117.95999908447266,144.485107421875,72.48445892333984,38.6728630065918
2013-12-04,31.159204483032227,119.95999908447266,144.46900939941406,71.79252624511719,38.81568908691406
2013-12-05,30.978002548217773,118.30000305175781,143.83395385742188,71.58985137939453,38.95255661010742
2013-12-06,31.665050506591797,118.55000305175781,145.44154357910156,71.9323501586914,39.23223876953125
2013-12-09,31.710369110107422,119.72000122070312,145.81134033203125,72.1000747680664,39.422637939453125
2013-12-10,31.7254695892334,121.81999969482422,145.288818359375,72.6172866821289,39.32148742675781
2013-12-11,31.023303985595703,120.86000061035156,143.65711975097656,72.0581283569336,38.416996002197266
2013-12-12,30.842105865478516,118.29000091552734,143.18292236328125,71.78558349609375,38.20277404785156
2013-12-13,30.9176025390625,119.37999725341797,143.16683959960938,72.13499450683594,38.29798889160156
2013-12-16,31.121458053588867,119.69000244140625,144.0590057373047,71.86942291259766,38.428890228271484
2013-12-17,30.849655151367188,118.6500015258789,143.600830078125,72.1909408569336,38.60740661621094
2013-12-18,31.463685989379883,117.61000061035156,146.0524444580078,71.82746887207031,39.29172897338867
2013-12-19,30.884695053100586,114.81999969482422,145.8837127685547,71.75759887695312,38.75022506713867
2013-12-20,30.838991165161133,115.94000244140625,146.73223876953125,72.86186981201172,38.98824691772461
2013-12-23,31.067535400390625,115.56999969482422,147.51620483398438,72.4495620727539,39.06563186645508
2013-12-24,31.250375747680664,116.0999984741211,147.83944702148438,71.86942291259766,39.100669860839844
2013-12-26,30.983736038208008,116.73999786376953,148.59107971191406,71.59246063232422,39.130882263183594
2013-12-27,31.463685989379883,117.12000274658203,148.5829620361328,71.38909149169922,39.21549606323242
2013-12-30,31.6008243560791,115.38999938964844,148.55877685546875,71.87995147705078,39.22757339477539
2013-12-31,31.844606399536133,116.12000274658203,149.2618865966797,71.42416381835938,39.016048431396484
2014-01-02,30.61804962158203,118.0,147.83135986328125,71.64152526855469,39.022098541259766
2014-01-03,30.564727783203125,119.29000091552734,147.8070831298828,71.64152526855469,39.23966979980469
2014-01-06,30.275230407714844,119.5,147.37879943847656,71.94302368164062,39.4390983581543
2014-01-07,30.404743194580078,118.81999969482422,148.28396606445312,72.1253890991211,39.614349365234375
2014-01-08,30.305700302124023,118.12000274658203,148.3162841796875,71.92903137207031,39.42097091674805
2014-01-09,30.145713806152344,118.45999908447266,148.41323852539062,72.34971618652344,39.42097091674805
2014-01-10,30.679000854492188,120.26000213623047,148.81727600097656,73.21222686767578,39.958831787109375
2014-01-13,30.313318252563477,121.0199966430664,146.83734130859375,73.57687377929688,39.692909240722656
2014-01-14,30.640918731689453,119.88999938964844,148.4375,73.24024963378906,39.98299789428711
2014-01-15,30.633289337158203,119.66000366210938,149.23760986328125,73.16310119628906,40.2851676940918
2014-01-16,30.46568489074707,119.79000091552734,149.04359436035156,73.65398406982422,40.357696533203125
2014-01-17,30.313318252563477,120.93000030517578,148.41323852539062,73.96248626708984,40.12199783325195
2014-01-21,30.267608642578125,119.69999694824219,148.8496856689453,74.01854705810547,40.484596252441406
2014-01-22,30.671384811401367,119.19000244140625,148.9466552734375,73.83627319335938,40.659854888916016
2014-01-23,29.917165756225586,121.79000091552734,147.72634887695312,74.88106536865234,40.56315231323242
2014-01-24,29.13248634338379,122.29000091552734,144.57443237304688,75.36490631103516,40.05553436279297
2014-01-27,29.018207550048828,120.95999908447266,143.86322021484375,74.83899688720703,39.74730682373047
2014-01-28,29.201051712036133,120.94999694824219,144.7199249267578,75.02133178710938,40.07969665527344
2014-01-29,28.782033920288086,122.47000122070312,143.32986450195312,75.63835906982422,39.86214065551758
2014-01-30,29.048688888549805,119.7699966430664,144.84922790527344,75.4209976196289,40.46647262573242
2014-01-31,29.09439468383789,120.08999633789062,144.00062561035156,75.92585754394531,40.684043884277344
2014-02-03,28.271608352661133,121.31999969482422,140.75982666015625,76.85102081298828,40.037384033203125
2014-02-04,28.84298324584961,120.98999786376953,141.7457733154297,76.03555297851562,40.52085876464844
2014-02-05,28.736328125,121.29000091552734,141.56805419921875,75.33253479003906,40.43625259399414
2014-02-06,29.338176727294922,121.23999786376953,143.4348907470703,75.00914001464844,40.73237991333008
2014-02-07,29.505775451660156,122.16999816894531,145.21290588378906,75.07244110107422,41.040584564208984
2014-02-10,29.17818832397461,122.91999816894531,145.4795684814453,75.2833480834961,41.42738342285156
2014-02-11,29.81050682067871,124.36000061035156,147.07171630859375,74.8474349975586,41.590553283691406
2014-02-12,29.818130493164062,124.43000030517578,147.14447021484375,74.4608154296875,41.61472702026367
2014-02-13,29.848602294921875,125.48999786376953,147.9041290283203,74.88262176513672,41.7718505859375
2014-02-14,30.214277267456055,127.1500015258789,148.7203369140625,74.92481231689453,41.935001373291016
2014-02-18,29.932411193847656,127.4000015258789,148.89813232421875,75.09349060058594,42.14049530029297
2014-02-19,29.72671127319336,126.2699966430664,147.9121856689453,74.77715301513672,42.116302490234375
2014-02-20,29.83336639404297,127.5999984741211,148.78501892089844,74.59436798095703,42.025665283203125
2014-02-21,30.0390682220459,127.58000183105469,148.61534118652344,74.98805236816406,42.128387451171875
2014-02-24,30.0390682220459,128.99000549316406,149.43960571289062,74.79824829101562,42.231143951416016
2014-02-25,29.69623374938965,129.2100067138672,149.38304138183594,75.46611785888672,42.37013244628906
2014-02-26,29.719099044799805,128.11000061035156,149.39114379882812,75.86679077148438,42.466835021972656
2014-02-27,30.282854080200195,128.1999969482422,150.17510986328125,76.28153991699219,42.35200500488281
2014-02-28,30.077152252197266,127.62000274658203,150.55494689941406,76.32373809814453,42.74481201171875
2014-03-03,29.54387092590332,130.2899932861328,149.4962615966797,76.83326721191406,42.76899719238281
2014-03-04,30.046682357788086,128.67999267578125,151.59747314453125,75.6775894165039,43.38542556762695
2014-03-05,30.06953239440918,128.88999938964844,151.73489379882812,75.83961486816406,43.331024169921875
2014-03-06,30.49615478515625,130.1699981689453,152.08238220214844,75.0926513671875,42.96842575073242
2014-03-07,30.107629776000977,129.08999633789062,152.14703369140625,74.62052154541016,42.50310516357422
2014-03-10,29.90193748474121,129.1300048828125,152.06622314453125,74.72621154785156,42.279483795166016
2014-03-11,29.56672477722168,129.86000061035156,151.31459045410156,74.92350006103516,42.54539489746094
2014-03-12,29.62767219543457,131.75999450683594,151.35498046875,75.44499206542969,42.67229080200195
2014-03-13,29.09439468383789,132.2100067138672,149.6578369140625,76.45974731445312,42.47287368774414
2014-03-14,29.25438117980957,133.10000610351562,149.23760986328125,76.47379302978516,42.5816535949707
2014-03-17,29.612436294555664,131.63999938964844,150.5873260498047,75.9030532836914,42.67229080200195
2014-03-18,30.023822784423828,130.6199951171875,151.66213989257812,76.17788696289062,42.799217224121094
2014-03-19,29.38388442993164,128.08999633789062,150.8539581298828,75.58588409423828,41.989402770996094
2014-03-20,29.513397216796875,127.86000061035156,151.73489379882812,75.45201110839844,42.06190490722656
2014-03-21,29.69623374938965,128.47000122070312,151.1463623046875,76.26954650878906,42.44871139526367
2014-03-24,29.985729217529297,126.18000030517578,150.52127075195312,76.81212615966797,42.17070388793945
2014-03-25,30.32855796813965,126.41000366210938,151.23562622070312,76.52322387695312,42.555763244628906
2014-03-26,30.39712142944336,125.41000366210938,150.14794921875,77.12223052978516,42.0751953125
2014-03-27,30.793270111083984,124.58999633789062,149.83132934570312,77.50977325439453,42.34284591674805
2014-03-28,31.037065505981445,124.55999755859375,150.56997680664062,77.07286834716797,42.59831619262695
2014-03-31,31.242759704589844,123.61000061035156,151.80389404296875,76.88258361816406,42.95721435546875
2014-04-01,31.608436584472656,123.38999938964844,152.8103485107422,76.22551727294922,43.151878356933594
2014-04-02,31.669387817382812,124.31999969482422,153.32180786132812,75.78746795654297,43.18838119506836
2014-04-03,31.547496795654297,123.91999816894531,153.11886596679688,76.11952209472656,43.09712219238281
2014-04-04,31.463685989379883,125.56999969482422,151.3087158203125,76.62824249267578,43.24311065673828
2014-04-07,31.6008243560791,124.91000366210938,149.63650512695312,77.08745574951172,43.38302230834961
2014-04-08,31.96649742126465,126.08999633789062,150.25344848632812,77.2711410522461,43.650665283203125
2014-04-09,32.21028518676758,126.31999969482422,151.86874389648438,76.88966369628906,43.541168212890625
2014-04-10,31.867473602294922,127.01000213623047,148.67864990234375,77.60321807861328,43.12752914428711
2014-04-11,31.867473602294922,126.93000030517578,147.33932495117188,78.23200225830078,42.8659782409668
2014-04-14,31.79889488220215,127.8499984741211,148.50010681152344,78.02713012695312,43.1214599609375
2014-04-15,31.31894874572754,125.48999786376953,149.5228729248047,78.5146255493164,43.63241958618164
2014-04-16,31.715089797973633,125.54000091552734,151.08949279785156,78.613525390625,43.91221618652344
2014-04-17,32.00459289550781,124.75,151.30055236816406,77.75159454345703,43.65673828125
2014-04-21,31.80651092529297,124.23999786376953,151.82823181152344,77.68804168701172,43.9061393737793
2014-04-22,31.722715377807617,123.77999877929688,152.51820373535156,77.94940185546875,44.003475189208984
2014-04-23,31.494155883789062,123.76000213623047,152.1610107421875,78.39448547363281,43.82707214355469
2014-04-24,31.52463722229004,124.55999755859375,152.469482421875,78.54290771484375,44.00956344604492
2014-04-25,31.097997665405273,125.43000030517578,151.21939086914062,78.65589141845703,43.8392333984375
2014-04-28,31.250375747680664,124.87999725341797,151.69830322265625,78.27444458007812,44.17988204956055
2014-04-29,31.547496795654297,124.86000061035156,152.40457153320312,78.16836547851562,44.21030044555664
2014-04-30,31.486547470092773,124.22000122070312,152.85910034179688,78.49345397949219,44.368446350097656
2014-05-01,31.52463722229004,123.80000305175781,152.87533569335938,79.33553314208984,44.557010650634766
2014-05-02,31.699857711791992,125.05999755859375,152.65618896484375,79.82420349121094,44.54485321044922
2014-05-05,31.52463722229004,126.22000122070312,152.94845581054688,79.34259033203125,44.63607406616211
2014-05-06,31.669387817382812,125.9800033569336,151.6171875,79.66129302978516,44.477943420410156
2014-05-07,31.83698844909668,124.16999816894531,152.5100555419922,79.37803649902344,45.01322555541992
2014-05-08,31.76079750061035,124.16999816894531,152.3477325439453,79.03803253173828,45.11661148071289
2014-05-09,31.707477569580078,124.0999984741211,152.5749969482422,78.78302764892578,45.147056579589844
2014-05-12,32.240760803222656,124.94000244140625,154.06048583984375,78.46434020996094,45.286956787109375
2014-05-13,32.36265563964844,124.5999984741211,154.198486328125,79.14431762695312,44.9949836730957
2014-05-14,32.5911979675293,125.80999755859375,153.4678955078125,80.00126647949219,45.01322555541992
2014-05-15,32.286468505859375,124.7699966430664,152.12042236328125,80.63862609863281,44.98890686035156
2014-05-16,32.71310043334961,124.5,152.64808654785156,80.41204071044922,45.402530670166016
2014-05-19,32.71310043334961,124.58000183105469,153.2081756591797,79.81707763671875,45.22004699707031
2014-05-20,32.446449279785156,124.69000244140625,152.24215698242188,79.99415588378906,45.08012390136719
2014-05-21,32.69785690307617,124.38999938964844,153.52474975585938,79.5054931640625,44.782081604003906
2014-05-22,32.92641067504883,124.66999816894531,153.8981170654297,79.39221954345703,44.7029914855957
2014-05-23,32.86545181274414,124.51000213623047,154.5150604248047,79.81707763671875,45.0983772277832
2014-05-27,32.58358383178711,121.8499984741211,155.46475219726562,80.28450012207031,45.4207878112793
2014-05-28,32.7740478515625,121.19999694824219,155.3511962890625,81.27607727050781,45.13486862182617
2014-05-29,32.86545181274414,120.94000244140625,156.15478515625,80.84407806396484,45.22612380981445
2014-05-30,32.415985107421875,120.43000030517578,156.40643310546875,80.80860900878906,45.432960510253906
2014-06-02,32.515018463134766,119.69999694824219,156.5850372314453,80.20793151855469,45.572837829589844
2014-06-03,32.69785690307617,120.01000213623047,156.5038604736328,79.22093963623047,45.54852294921875
2014-06-04,32.515018463134766,119.76000213623047,156.82040405273438,79.1996078491211,45.6397819519043
2014-06-05,32.857845306396484,120.66000366210938,157.84315490722656,79.235107421875,46.47919845581055
2014-06-06,33.185428619384766,120.61000061035156,158.59814453125,79.235107421875,46.2845458984375
2014-06-09,33.30732727050781,120.6500015258789,158.76048278808594,79.12152862548828,45.72492980957031
2014-06-10,33.48255157470703,121.38999938964844,158.7767333984375,78.83038330078125,45.38428497314453
2014-06-11,33.36826705932617,121.41000366210938,158.22470092773438,78.97241973876953,45.26262283325195
2014-06-12,33.20829391479492,122.63999938964844,157.10450744628906,79.67533874511719,45.147056579589844
2014-06-13,33.22352600097656,122.95999908447266,157.5834503173828,79.63273620605469,45.26262283325195
2014-06-16,33.07115936279297,122.41999816894531,157.7133026123047,79.83160400390625,45.03148651123047
2014-06-17,33.078773498535156,122.27999877929688,158.15167236328125,79.1996078491211,45.147056579589844
2014-06-18,33.4444580078125,122.66999816894531,159.31239318847656,79.8102798461914,45.463375091552734
2014-06-19,33.254005432128906,126.94000244140625,159.49102783203125,78.7878189086914,45.84049987792969
2014-06-20,33.185428619384766,126.5,159.81488037109375,79.3843002319336,45.998653411865234
2014-06-23,33.11687088012695,126.8499984741211,159.76589965820312,79.13572692871094,45.810089111328125
2014-06-24,33.10163116455078,126.9800033569336,158.803466796875,79.93809509277344,45.84385681152344
2014-06-25,33.17150115966797,126.98999786376953,159.52122497558594,80.14398193359375,45.751747131347656
2014-06-26,33.20989990234375,126.7300033569336,159.40699768066406,80.52747344970703,45.70878219604492
2014-06-27,33.286678314208984,126.66000366210938,159.7169952392578,80.4067153930664,46.05874252319336
2014-06-30,33.194541931152344,128.0399932861328,159.63546752929688,80.60555267333984,45.948219299316406
2014-07-01,33.50934982299805,127.69999694824219,160.70384216308594,79.93064880371094,46.19379425048828
2014-07-02,33.709007263183594,127.69999694824219,160.86705017089844,79.07640075683594,46.08329391479492
2014-07-03,33.90864944458008,127.16000366210938,161.65817260742188,78.79164123535156,45.81929397583008
2014-07-07,33.885616302490234,127.0199966430664,161.0953826904297,79.36830139160156,45.954349517822266
2014-07-08,33.73203659057617,127.06999969482422,160.05958557128906,80.25811767578125,46.08943557739258
2014-07-09,33.924007415771484,127.83999633789062,160.77723693847656,80.3222427368164,46.1630859375
2014-07-10,33.73971939086914,128.5399932861328,160.1411590576172,80.34358215332031,46.37186050415039
2014-07-11,33.701332092285156,128.77999877929688,160.361328125,80.85614013671875,46.37800598144531
2014-07-14,33.96239471435547,125.72000122070312,161.1688232421875,80.50728607177734,46.60515213012695
2014-07-15,33.93936538696289,124.52999877929688,160.86705017089844,80.34358215332031,46.63585662841797
2014-07-16,34.023834228515625,124.97000122070312,161.4624481201172,80.77070617675781,46.78319549560547
2014-07-17,33.38650131225586,127.08999633789062,159.62722778320312,81.78868865966797,46.54375457763672
2014-07-18,33.90864944458008,126.12999725341797,161.25860595703125,81.52527618408203,47.004215240478516
2014-07-21,34.023834228515625,126.33999633789062,160.95672607421875,81.93109130859375,46.83231735229492
2014-07-22,34.338653564453125,125.73999786376953,161.65817260742188,82.10192108154297,46.97966766357422
2014-07-23,34.369361877441406,125.62000274658203,162.01707458496094,81.9951171875,47.06562423706055
2014-07-24,34.52294158935547,124.3499984741211,162.02520751953125,81.38294982910156,47.004215240478516
2014-07-25,34.38472366333008,125.79000091552734,161.26673889160156,82.34395599365234,46.67881774902344
2014-07-28,34.62275314331055,125.58000183105469,161.33192443847656,82.23005676269531,47.004215240478516
2014-07-29,34.41543197631836,125.19999694824219,160.6386260986328,82.52904510498047,46.777061462402344
2014-07-30,34.24650192260742,124.83000183105469,160.6630859375,81.38294982910156,46.67881774902344
2014-07-31,33.64756774902344,123.38999938964844,157.4902801513672,81.14090728759766,45.98506164550781
2014-08-01,33.83185958862305,124.37999725341797,157.00906372070312,81.76895904541016,45.874542236328125
2014-08-04,34.146690368652344,123.98999786376953,158.14279174804688,81.5548324584961,46.19379425048828
2014-08-05,33.62454605102539,123.87000274658203,156.60940551757812,81.81895446777344,45.721073150634766
2014-08-06,33.39418411254883,125.66999816894531,156.6582794189453,81.86892700195312,45.702632904052734
2014-08-07,33.26365661621094,126.18000030517578,155.8101043701172,82.6326675415039,45.72719955444336
2014-08-08,33.563106536865234,126.19000244140625,157.61268615722656,82.45421600341797,45.9973258972168
2014-08-11,33.99311065673828,125.95999908447266,158.06939697265625,82.44709014892578,46.285888671875
2014-08-12,34.03151321411133,125.98999786376953,157.84915161132812,81.9117660522461,46.212215423583984
2014-08-13,34.21579360961914,126.19999694824219,158.9176788330078,82.44709014892578,46.881431579589844
2014-08-14,34.26955795288086,126.30999755859375,159.66807556152344,83.11085510253906,46.85074234008789
2014-08-15,34.17740249633789,125.4800033569336,159.63546752929688,84.01737213134766,46.801612854003906
2014-08-18,34.507572174072266,124.95999908447266,160.97303771972656,83.18221282958984,47.26207733154297
2014-08-19,34.6688346862793,124.68000030517578,161.81317138671875,82.92527770996094,47.36030960083008
2014-08-20,34.59971618652344,124.22000122070312,162.24545288085938,82.78966522216797,47.575199127197266
2014-08-21,34.453826904296875,122.87999725341797,162.71847534179688,83.25364685058594,47.501529693603516
2014-08-22,34.3616828918457,123.19000244140625,162.46566772460938,83.71761322021484,47.1208610534668
2014-08-25,34.61507797241211,122.73999786376953,163.2894287109375,84.03165435791016,47.01650619506836
2014-08-26,34.82240295410156,123.3499984741211,163.39544677734375,83.7603988647461,47.108585357666016
2014-08-27,34.99900817871094,123.31999969482422,163.3302459716797,84.47418975830078,47.13930130004883
2014-08-28,34.653465270996094,124.0,163.240478515625,84.91670227050781,47.133148193359375
2014-08-29,34.59971618652344,123.86000061035156,163.70535278320312,84.97380065917969,47.38487243652344
2014-09-02,34.54597091674805,121.6500015258789,163.62384033203125,83.50796508789062,47.39102554321289
2014-09-03,34.99900817871094,122.1500015258789,163.5340576171875,83.97293090820312,47.51378631591797
2014-09-04,34.90686798095703,121.4800033569336,163.2976837158203,82.94993591308594,47.335758209228516
2014-09-05,35.206321716308594,122.05999755859375,164.03167724609375,82.79257202148438,47.83921432495117
2014-09-08,34.791683197021484,120.7300033569336,163.60752868652344,82.8283462524414,47.790077209472656
2014-09-09,34.3616828918457,120.87000274658203,162.57171630859375,82.76398468017578,47.49538803100586
2014-09-10,34.21579360961914,120.26000213623047,163.18338012695312,82.24170684814453,46.74636459350586
2014-09-11,33.98542785644531,119.47000122070312,163.3710479736328,81.96985626220703,46.78319549560547
2014-09-12,33.62454605102539,118.37999725341797,162.416748046875,81.11137390136719,45.34654998779297
2014-09-15,33.45561218261719,118.63999938964844,162.29440307617188,81.23300170898438,45.12553405761719
2014-09-16,33.89328384399414,118.83000183105469,163.517822265625,80.9039306640625,45.56757736206055
2014-09-17,33.57847213745117,117.54000091552734,163.73797607421875,80.69645690917969,45.55527877807617
2014-09-18,33.62454605102539,117.77999877929688,164.6107940673828,80.95397186279297,45.15623092651367
2014-09-19,33.371150970458984,117.08999633789062,164.46246337890625,81.98419189453125,45.21147918701172
2014-09-22,32.864356994628906,116.8499984741211,163.19227600097656,82.08434295654297,44.85538101196289
2014-09-23,32.68007278442383,117.5999984741211,162.25814819335938,82.59223937988281,44.530006408691406
2014-09-24,33.148468017578125,117.05000305175781,163.52828979492188,82.13440704345703,44.411014556884766
2014-09-25,32.42668151855469,117.38999938964844,160.8896484375,83.1073226928711,44.212730407714844
2014-09-26,32.57257843017578,117.05999755859375,162.16798400878906,82.98570251464844,44.807613372802734
2014-09-29,31.912214279174805,117.02999877929688,161.8729705810547,83.65100860595703,44.745635986328125
2014-09-30,31.912214279174805,116.20999908447266,161.4469451904297,83.17890167236328,44.52255630493164
2014-10-01,31.259532928466797,116.7699966430664,159.2589569091797,84.79179382324219,44.55974578857422
2014-10-02,31.428464889526367,116.73999786376953,159.28358459472656,84.05311584472656,44.48537826538086
2014-10-03,31.697216033935547,114.61000061035156,161.03726196289062,84.41168975830078,44.76422882080078
2014-10-06,32.111854553222656,116.02999877929688,160.84873962402344,84.46192169189453,44.8819694519043
2014-10-07,31.82774543762207,116.36000061035156,158.36582946777344,85.60221099853516,44.52876281738281
2014-10-08,32.3038215637207,117.47000122070312,161.13551330566406,85.6237564086914,45.49542236328125
2014-10-09,31.797040939331055,117.63999938964844,157.93971252441406,85.25081634521484,45.49542236328125
2014-10-10,31.105966567993164,117.58999633789062,156.1369171142578,86.09709167480469,45.53879165649414
2014-10-13,31.420780181884766,118.5199966430664,153.57200622558594,86.62064361572266,45.582183837890625
2014-10-14,31.605064392089844,118.58999633789062,153.80966186523438,87.18718719482422,46.319580078125
2014-10-15,31.205781936645508,118.98999786376953,152.76895141601562,87.87566375732422,46.13987350463867
2014-10-16,30.921676635742188,119.22000122070312,152.63784790039062,87.3162841796875,46.21424102783203
2014-10-17,31.2672176361084,118.98999786376953,154.44064331054688,86.82857513427734,46.27000045776367
2014-10-20,31.359359741210938,119.80000305175781,155.94027709960938,87.14413452148438,46.976417541503906
2014-10-21,31.48989486694336,120.0199966430664,159.02952575683594,86.44847869873047,47.40395736694336
2014-10-22,31.282575607299805,119.33999633789062,157.8987274169922,86.54167938232422,47.4163703918457
2014-10-23,31.274887084960938,118.5199966430664,159.73423767089844,85.77432250976562,47.78196334838867
2014-10-24,31.49757194519043,118.3499984741211,160.96347045898438,85.86042785644531,47.74478530883789
2014-10-27,31.251853942871094,118.05999755859375,160.74220275878906,86.0181655883789,48.09798049926758
2014-10-28,31.88150405883789,118.0999984741211,162.58596801757812,85.48030090332031,48.30868148803711
2014-10-29,31.927574157714844,116.41000366210938,162.34005737304688,85.67391204833984,48.03602981567383
2014-10-30,32.22703170776367,115.19000244140625,163.38079833984375,85.74565887451172,48.33966827392578
2014-10-31,32.365257263183594,112.66000366210938,165.2490997314453,85.52334594726562,48.94691467285156
2014-11-03,32.096500396728516,112.1500015258789,165.3392791748047,85.5233154296875,49.37448501586914
2014-11-04,32.12721252441406,112.22000122070312,164.76568603515625,85.78933715820312,49.45504379272461
2014-11-05,31.843114852905273,109.79000091552734,165.80633544921875,85.66708374023438,49.349700927734375
2014-11-06,31.451501846313477,109.87999725341797,166.47007751464844,85.11354064941406,48.971710205078125
2014-11-07,31.651153564453125,112.97000122070312,166.62579345703125,86.0912857055664,48.90974807739258
2014-11-10,31.735614776611328,110.45999908447266,167.1501922607422,85.30043029785156,49.31254959106445
2014-11-11,31.70490074157715,112.04000091552734,167.31411743164062,85.35798645019531,49.120445251464844
2014-11-12,31.643463134765625,111.5,167.1338348388672,85.28608703613281,48.748626708984375
2014-11-13,31.559001922607422,111.66999816894531,167.32229614257812,85.48735809326172,49.015098571777344
2014-11-14,31.82007598876953,114.47000122070312,167.36329650878906,85.90437316894531,48.612308502197266
2014-11-17,31.482213973999023,114.05000305175781,167.46983337402344,85.68867492675781,48.82918930053711
2014-11-18,31.651153564453125,115.05000305175781,168.4368133544922,85.92595672607422,49.03987503051758
2014-11-19,31.635791778564453,113.68000030517578,168.16635131835938,85.3795394897461,48.59992980957031
2014-11-20,31.58204460144043,114.86000061035156,168.46136474609375,85.82527160644531,48.761043548583984
2014-11-21,32.58793258666992,115.38999938964844,169.3627471923828,86.34290313720703,49.06465148925781
2014-11-24,32.319175720214844,115.11000061035156,169.83795166015625,86.4148178100586,49.238162994384766
2014-11-25,32.111854553222656,115.37999725341797,169.715087890625,87.13370513916016,49.32493591308594
2014-11-26,32.518829345703125,115.16000366210938,170.14938354492188,87.3709945678711,49.802059173583984
2014-11-28,31.866147994995117,112.11000061035156,169.78883361816406,88.0611801147461,49.92598342895508
2014-12-01,31.320964813232422,116.58000183105469,168.60879516601562,87.54736328125,49.802059173583984
2014-12-02,31.31328582763672,115.13999938964844,169.69869995117188,86.69710540771484,50.111907958984375
2014-12-03,31.397747039794922,116.33000183105469,170.354248046875,87.03579711914062,50.06232452392578
2014-12-04,31.451501846313477,115.87999725341797,170.16583251953125,87.76354217529297,50.192447662353516
2014-12-05,31.39007568359375,114.43000030517578,170.4443817138672,87.251953125,49.938377380371094
2014-12-08,30.92935562133789,115.77999877929688,169.30538940429688,88.318359375,50.25440216064453
2014-12-09,30.6375675201416,118.19000244140625,169.1906280517578,88.7723388671875,50.48367691040039
2014-12-10,30.184532165527344,117.95999908447266,166.4782257080078,89.42086791992188,50.434112548828125
2014-12-11,29.931137084960938,117.69000244140625,167.32229614257812,89.78826141357422,50.52708053588867
2014-12-12,29.43970489501953,117.41000366210938,164.61817932128906,91.00601196289062,50.08709716796875
2014-12-15,29.017393112182617,114.38999938964844,163.48728942871094,90.81871032714844,49.436458587646484
2014-12-16,28.9713191986084,114.94999694824219,162.17616271972656,91.9427719116211,49.36830139160156
2014-12-17,29.63728141784668,114.2699966430664,165.3555908203125,91.11414337158203,50.50228500366211
2014-12-18,30.04231071472168,115.1500015258789,169.44467163085938,89.49285888671875,50.85547637939453
2014-12-19,30.252609252929688,114.7699966430664,170.16566467285156,90.69622039794922,50.8306999206543
2014-12-22,30.6732177734375,112.55000305175781,170.94842529296875,90.81871032714844,51.68052291870117
2014-12-23,30.39281463623047,112.73999786376953,171.17909240722656,89.01730346679688,51.536067962646484
2014-12-24,30.462915420532227,112.7699966430664,171.19561767578125,89.50182342529297,51.322509765625
2014-12-26,30.704370498657227,114.83000183105469,171.74766540527344,89.83399963378906,51.5046501159668
2014-12-29,30.517431259155273,113.66999816894531,171.97837829589844,90.50556182861328,51.78730010986328
2014-12-30,30.579740524291992,115.19999694824219,171.05557250976562,90.75103759765625,51.74961471557617
2014-12-31,30.603118896484375,113.58000183105469,169.35809326171875,90.92433166503906,50.876556396484375
2015-01-02,30.19808578491211,114.08000183105469,169.26756286621094,91.93524169921875,51.642852783203125
2015-01-05,29.660640716552734,115.80000305175781,166.2105712890625,93.37933349609375,51.925472259521484
2015-01-06,29.536022186279297,117.12000274658203,164.64508056640625,95.06183624267578,52.440521240234375
2015-01-07,30.17473030090332,116.43000030517578,166.69671630859375,94.87410736083984,53.244503021240234
2015-01-08,30.688806533813477,115.94000244140625,169.65478515625,93.61764526367188,53.44551086425781
2015-01-09,30.587533950805664,117.26000213623047,168.2952117919922,94.64303588867188,53.470638275146484
2015-01-12,30.338298797607422,118.55999755859375,166.97691345214844,95.18457794189453,53.878902435302734
2015-01-13,30.603118896484375,118.16000366210938,166.50721740722656,95.18457794189453,53.7972412109375
2015-01-14,30.431760787963867,117.97000122070312,165.50198364257812,95.90670776367188,54.26203536987305
2015-01-15,30.501861572265625,120.94000244140625,163.9859161376953,97.41582489013672,54.38764953613281
2015-01-16,30.758901596069336,122.5199966430664,166.1364288330078,96.17385864257812,54.85871887207031
2015-01-20,30.7121639251709,124.19999694824219,166.4907684326172,97.45191955566406,54.42532730102539
2015-01-21,31.38981056213379,124.2300033569336,167.33120727539062,96.3254623413086,54.38764953613281
2015-01-22,31.989566802978516,125.2300033569336,169.81956481933594,95.97887420654297,55.35493469238281
2015-01-23,31.74810791015625,124.2300033569336,168.88848876953125,97.31474304199219,55.197914123535156
2015-01-26,31.76368522644043,122.98999786376953,169.28395080566406,97.0186996459961,55.662723541259766
2015-01-27,31.592330932617188,124.4000015258789,167.05104064941406,97.17033386230469,55.68153762817383
2015-01-28,31.249603271484375,123.41999816894531,164.9087677001953,98.75887298583984,55.310970306396484
2015-01-29,31.249603271484375,120.76000213623047,166.43307495117188,98.10899353027344,55.50568389892578
2015-01-30,30.39281463623047,123.44999694824219,164.3402099609375,99.84918212890625,54.362518310546875
2015-02-02,30.938051223754883,122.41999816894531,166.3754119873047,99.47222900390625,54.21806335449219
2015-02-03,31.522232055664062,121.05000305175781,168.78140258789062,97.36676788330078,54.68914794921875
2015-02-04,31.36644172668457,121.58000183105469,168.13870239257812,97.5331802368164,54.46303939819336
2015-02-05,31.553380966186523,121.79000091552734,169.83609008789062,96.46234893798828,55.116268157958984
2015-02-06,31.01593780517578,118.63999938964844,169.36634826660156,94.75480651855469,53.51457214355469
2015-02-09,30.96921157836914,119.16999816894531,168.6083221435547,94.60287475585938,53.137733459472656
2015-02-10,30.891315460205078,118.47000122070312,170.40460205078125,93.85033416748047,53.30731201171875
2015-02-11,30.665428161621094,117.06999969482422,170.50344848632812,94.02403259277344,53.150291442871094
2015-02-12,31.319698333740234,117.33999633789062,172.14315795898438,93.7128677368164,53.7846794128418
2015-02-13,31.67800521850586,117.9800033569336,172.85177612304688,92.75056457519531,53.42665481567383
2015-02-17,31.607908248901367,116.01000213623047,173.1237030029297,91.35411834716797,53.29475784301758
2015-02-18,31.60011863708496,116.33999633789062,173.1401824951172,91.89678955078125,53.790950775146484
2015-02-19,31.46771240234375,115.94000244140625,173.01657104492188,91.28902435302734,52.63526153564453
2015-02-20,31.67800521850586,115.27999877929688,174.0547637939453,91.55671691894531,53.14399337768555
2015-02-23,31.358659744262695,115.43000030517578,174.0300750732422,92.60587310791016,53.57113265991211
2015-02-24,31.810405731201172,115.26000213623047,174.5244598388672,93.82141876220703,52.51591491699219
2015-02-25,31.74810791015625,115.69999694824219,174.3760986328125,94.22659301757812,52.52845001220703
2015-02-26,31.755889892578125,116.06999969482422,174.17015075683594,92.93870544433594,51.9568977355957
2015-02-27,31.732526779174805,116.16000366210938,173.57688903808594,93.72010803222656,52.365169525146484
2015-03-02,31.685791015625,115.68000030517578,174.6728057861328,91.97441864013672,52.66664123535156
2015-03-03,31.444332122802734,115.47000122070312,173.95587158203125,91.64096069335938,52.56613540649414
2015-03-04,31.101608276367188,115.11000061035156,173.22251892089844,91.66997528076172,52.06367874145508
2015-03-05,31.054885864257812,115.0,173.4120635986328,91.55396270751953,52.21442794799805
2015-03-06,30.579740524291992,111.86000061035156,170.97315979003906,89.53137969970703,50.48084259033203
2015-03-09,30.462915420532227,111.97000122070312,171.68173217773438,90.35786437988281,50.88282012939453
2015-03-10,29.7852783203125,111.41999816894531,168.89675903320312,91.54671478271484,50.84513854980469
2015-03-11,30.011154174804688,110.75,168.50123596191406,92.21370697021484,50.889095306396484
2015-03-12,30.19808578491211,110.72000122070312,170.6435546875,92.1484375,51.774749755859375
2015-03-13,29.831998825073242,110.87999725341797,169.59713745117188,91.86572265625,51.743324279785156
2015-03-16,30.1903018951416,110.80999755859375,171.8629913330078,92.75010681152344,52.27722930908203
2015-03-17,30.54080581665039,110.20999908447266,171.3521728515625,93.5185775756836,52.258392333984375
2015-03-18,31.28854751586914,112.37000274658203,173.4120635986328,95.32367706298828,53.35131072998047
2015-03-19,30.758901596069336,112.29000091552734,172.62106323242188,94.83802032470703,53.326168060302734
2015-03-20,31.21845054626465,113.56999969482422,174.14479064941406,95.33822631835938,54.664005279541016
2015-03-23,31.311922073364258,114.29000091552734,173.80543518066406,95.22225189208984,54.594940185546875
2015-03-24,31.43655014038086,114.56999969482422,172.82887268066406,96.14288330078125,54.1301383972168
2015-03-25,30.938051223754883,114.7300033569336,170.296142578125,95.33097076416016,53.196250915527344
2015-03-26,30.64985466003418,115.4800033569336,169.8906707763672,93.8448257446289,52.91823196411133
2015-03-27,30.73552894592285,115.05999755859375,170.2796630859375,95.01197814941406,52.98773193359375
2015-03-30,31.327499389648438,113.75,172.35704040527344,94.54081726074219,53.745967864990234
2015-03-31,31.25739860534668,113.66000366210938,170.8507080078125,94.74375915527344,53.27206039428711
2015-04-01,31.6468448638916,115.5999984741211,170.24656677246094,95.98816680908203,53.196250915527344
2015-04-02,32.121986389160156,115.27999877929688,170.85903930664062,94.97113800048828,53.600624084472656
2015-04-06,32.53479766845703,116.69000244140625,172.00946044921875,94.44083404541016,54.15667724609375
2015-04-07,32.37123107910156,116.11000061035156,171.55422973632812,95.2326889038086,53.20256042480469
2015-04-08,33.04887390136719,115.47000122070312,172.1335906982422,95.26168823242188,53.28471374511719
2015-04-09,33.376007080078125,114.66999816894531,172.89503479003906,94.02674865722656,52.178955078125
2015-04-10,33.39937973022461,115.97000122070312,173.83856201171875,94.16474914550781,52.14103317260742
2015-04-13,33.20465850830078,115.13999938964844,173.05226135253906,94.2955322265625,52.00203323364258
2015-04-14,33.35264587402344,114.44000244140625,173.3833465576172,94.96385955810547,52.18526840209961
2015-04-15,33.586326599121094,115.43000030517578,174.16128540039062,94.8839340209961,51.79350280761719
2015-04-16,33.85115051269531,115.02999877929688,174.11166381835938,94.4117660522461,51.926212310791016
2015-04-17,33.25918197631836,115.5999984741211,172.1088104248047,95.49420166015625,51.68608856201172
2015-04-20,33.228023529052734,114.72000122070312,173.68130493164062,94.65149688720703,51.76190948486328
2015-04-21,33.42274856567383,115.37999725341797,173.4743194580078,94.22284698486328,51.85039520263672
2015-04-22,33.781044006347656,113.83000183105469,174.32688903808594,92.7844467163086,51.95780944824219
2015-04-23,34.03030014038086,114.66000366210938,174.76544189453125,93.18402862548828,52.09679412841797
2015-04-24,34.15492248535156,113.05000305175781,175.1710968017578,93.76519775390625,52.20420837402344
2015-04-27,34.28733444213867,115.33000183105469,174.44271850585938,93.76519775390625,52.134735107421875
2015-04-28,34.34185791015625,116.33000183105469,174.9972686767578,92.47209930419922,52.033626556396484
2015-04-29,33.91345977783203,115.51000213623047,174.27725219726562,91.33878326416016,50.984737396240234
2015-04-30,33.39937973022461,113.47000122070312,172.53086853027344,91.49862670898438,50.15700149536133
2015-05-01,33.601890563964844,113.08000183105469,174.40133666992188,90.26691436767578,50.5361213684082
2015-05-04,33.796630859375,114.0999984741211,174.89791870117188,89.41519165039062,50.5866584777832
2015-05-05,33.43053436279297,114.41999816894531,172.89503479003906,89.29142761230469,49.48723602294922
2015-05-06,33.01771545410156,114.36000061035156,172.18324279785156,87.76272583007812,49.39244079589844
2015-05-07,32.97098159790039,113.41999816894531,172.8701934814453,88.9420166015625,50.150672912597656
2015-05-08,33.39159393310547,113.97000122070312,175.146240234375,89.18225860595703,50.852073669433594
2015-05-11,33.07223892211914,113.52999877929688,174.310302734375,87.01293182373047,50.08750915527344
2015-05-12,32.96319580078125,114.5,173.78884887695312,87.2386474609375,50.23915100097656
2015-05-13,33.0255126953125,116.55000305175781,173.82203674316406,86.53976440429688,49.75893020629883
2015-05-14,33.35264587402344,117.18000030517578,175.6345672607422,86.77272033691406,50.719356536865234
2015-05-15,33.60968017578125,117.52999877929688,175.82493591308594,88.51249694824219,51.23746871948242
2015-05-18,33.26697540283203,117.5199966430664,176.3711700439453,87.02749633789062,51.10478591918945
2015-05-19,33.321495056152344,115.88999938964844,176.31324768066406,86.25587463378906,50.9278564453125
2015-05-20,33.29811477661133,116.08000183105469,176.1890411376953,86.40147399902344,50.883636474609375
2015-05-21,33.1812858581543,115.69000244140625,176.70216369628906,87.60989379882812,50.64352035522461
2015-05-22,33.290340423583984,115.5999984741211,176.28013610839844,87.64624786376953,50.58034896850586
2015-05-26,32.76068878173828,113.91000366210938,174.384765625,89.1458511352539,50.194908142089844
2015-05-27,32.76846694946289,113.88999938964844,176.04010009765625,89.34967041015625,50.6877555847168
2015-05-28,32.3400764465332,114.0199966430664,175.84146118164062,89.13127899169922,50.5866584777832
2015-05-29,32.028507232666016,114.0999984741211,174.74896240234375,89.3278579711914,50.005367279052734
2015-06-01,31.903892517089844,114.0,175.10479736328125,88.36775207519531,50.61825942993164
2015-06-02,32.028507232666016,114.45999908447266,174.9309844970703,87.13492584228516,50.150672912597656
2015-06-03,31.864940643310547,113.63999938964844,175.39451599121094,85.73418426513672,49.43037033081055
2015-06-04,31.38202667236328,112.83999633789062,173.91302490234375,86.85037994384766,49.3355827331543
2015-06-05,31.241817474365234,112.23999786376953,173.6151123046875,85.79254913330078,48.785850524902344
2015-06-08,31.234033584594727,112.56999969482422,172.54737854003906,85.6977310180664,48.697418212890625
2015-06-09,31.047088623046875,112.81999969482422,172.5225372314453,85.01921844482422,48.34357452392578
2015-06-10,31.498859405517578,113.77999877929688,174.5917205810547,84.27510070800781,48.68476867675781
2015-06-11,31.34307289123535,113.26000213623047,175.1544647216797,86.0478744506836,48.98173904418945
2015-06-12,31.34307289123535,113.2300033569336,173.81375122070312,86.0478744506836,48.93751907348633
2015-06-15,30.992572784423828,113.7300033569336,173.06886291503906,86.18647003173828,48.672142028808594
2015-06-16,31.0003604888916,113.31999969482422,174.01234436035156,86.86495971679688,49.063880920410156
2015-06-17,31.187288284301758,113.8499984741211,174.29376220703125,86.19377899169922,49.48091125488281
2015-06-18,31.475488662719727,115.31999969482422,176.10626220703125,85.77067565917969,50.16330337524414
2015-06-19,31.202882766723633,115.12000274658203,175.324462890625,86.87226867675781,49.777889251708984
2015-06-22,31.654632568359375,113.63999938964844,176.22268676757812,85.09954071044922,49.266090393066406
2015-06-23,31.9661922454834,112.88999938964844,176.34747314453125,84.58882141113281,48.85537338256836
2015-06-24,31.740318298339844,112.58999633789062,175.0667266845703,85.3183364868164,48.58998489379883
2015-06-25,31.63125228881836,112.44000244140625,174.534423828125,85.01921844482422,48.09714126586914
2015-06-26,31.333051681518555,112.55999755859375,174.50119018554688,84.06360626220703,48.44306564331055
2015-06-29,30.63467025756836,113.06999969482422,170.84181213378906,86.28864288330078,47.689945220947266
2015-06-30,31.089801788330078,112.37000274658203,171.19944763183594,85.69041442871094,47.670799255371094
2015-07-01,31.066259384155273,111.9800033569336,172.5717315673828,84.53373718261719,48.45584487915039
2015-07-02,31.215356826782227,111.76000213623047,172.4136505126953,84.81159973144531,48.57710266113281
2015-07-06,30.344331741333008,112.05999755859375,171.92303466796875,86.38349914550781,48.88346481323242
2015-07-07,29.889209747314453,110.76000213623047,173.00418090820312,87.19510650634766,49.649356842041016
2015-07-08,28.861251831054688,111.08999633789062,170.1016082763672,87.94815826416016,49.45787811279297
2015-07-09,29.41839599609375,111.36000061035156,170.40933227539062,86.2153549194336,49.221744537353516
2015-07-10,30.163860321044922,111.48999786376953,172.55503845214844,84.84814453125,49.63023376464844
2015-07-13,30.36787223815918,110.98999786376953,174.45957946777344,84.5849380493164,49.70041275024414
2015-07-14,30.422801971435547,110.73999786376953,175.21641540527344,84.86277770996094,49.80253601074219
2015-07-15,30.07754135131836,110.16000366210938,175.15817260742188,85.7620849609375,49.88551330566406
2015-07-16,30.45419692993164,109.76000213623047,176.56375122070312,86.354248046875,50.287620544433594
2015-07-17,30.414960861206055,108.6500015258789,176.71337890625,86.80026245117188,50.10890197753906
2015-07-20,30.21877670288086,105.69999694824219,176.80490112304688,86.43468475341797,50.166343688964844
2015-07-21,30.226633071899414,105.37000274658203,176.1062469482422,86.90262603759766,50.02593231201172
2015-07-22,29.7950439453125,104.80000305175781,175.790283203125,87.44367218017578,50.24292755126953
2015-07-23,29.504701614379883,104.33000183105469,174.800537109375,88.5331039428711,49.61744689941406
2015-07-24,29.080965042114258,105.3499984741211,172.98751831054688,88.75244140625,49.828067779541016
2015-07-27,28.531681060791016,104.86000061035156,171.981201171875,89.2276840209961,49.91742706298828
2015-07-28,28.82201385498047,105.0199966430664,174.09361267089844,88.57691955566406,49.9493408203125
2015-07-29,29.104511260986328,105.16999816894531,175.29127502441406,88.2479019165039,50.274837493896484
2015-07-30,28.814170837402344,104.2699966430664,175.33285522460938,88.92786407470703,50.02593231201172
2015-07-31,29.128047943115234,104.93000030517578,175.0667266845703,89.58589935302734,50.4216423034668
2015-08-03,28.641538619995117,104.0999984741211,174.47618103027344,90.5289306640625,50.734378814697266
2015-08-04,28.743547439575195,104.30999755859375,174.13516235351562,89.81083679199219,50.36418533325195
2015-08-05,28.751392364501953,103.93000030517578,174.70912170410156,89.1367416381836,50.03229904174805
2015-08-06,28.500289916992188,104.38999938964844,173.27862548828125,89.92810821533203,50.10251235961914
2015-08-07,28.48459815979004,104.6500015258789,172.94598388671875,91.10780334472656,50.287620544433594
2015-08-10,28.9632625579834,105.72000122070312,175.1249542236328,89.97938537597656,50.128047943115234
2015-08-11,28.32765007019043,106.26000213623047,173.54473876953125,91.40818786621094,50.45992660522461
2015-08-12,27.888229370117188,107.75,173.7526092529297,90.90995025634766,50.61949157714844
2015-08-13,27.84114646911621,106.86000061035156,173.53640747070312,90.61685180664062,50.676944732666016
2015-08-14,27.880374908447266,106.8499984741211,174.16848754882812,90.829345703125,50.95139694213867
2015-08-17,27.5743465423584,107.12999725341797,175.14157104492188,91.23968505859375,51.385398864746094
2015-08-18,27.27615737915039,107.11000061035156,174.6342315673828,90.5216293334961,51.525814056396484
2015-08-19,26.93874740600586,108.55000305175781,173.2536163330078,91.4155502319336,51.219444274902344
2015-08-20,26.515003204345703,110.44000244140625,169.6359100341797,92.33879852294922,50.84288787841797
2015-08-21,25.698917388916016,111.12999725341797,164.5294189453125,92.61723327636719,49.898277282714844
2015-08-24,24.57678985595703,110.52999877929688,157.6016082763672,92.58795166015625,47.562278747558594
2015-08-25,24.890670776367188,109.16000366210938,155.7469940185547,91.1004867553711,46.25387954711914
2015-08-26,25.71460723876953,107.66999816894531,161.72671508789062,89.34190368652344,47.50483703613281
2015-08-27,26.852428436279297,107.7300033569336,165.7271270751953,89.39320373535156,48.423927307128906
2015-08-28,26.507150650024414,108.69999694824219,165.73536682128906,89.65696716308594,48.35371398925781
2015-08-31,26.55424690246582,108.81999969482422,164.39633178710938,88.96825408935547,47.249549865722656
2015-09-01,25.526277542114258,109.19999694824219,159.4894561767578,89.60924530029297,46.349613189697266
2015-09-02,25.895090103149414,108.62000274658203,162.51683044433594,88.83821868896484,46.828304290771484
2015-09-03,25.997102737426758,107.83999633789062,162.6332244873047,89.27143859863281,46.955936431884766
2015-09-04,25.220251083374023,107.48999786376953,160.17141723632812,90.08658599853516,46.0815544128418
2015-09-08,26.020645141601562,107.5199966430664,164.19674682617188,88.7574691772461,46.777244567871094
2015-09-09,25.887248992919922,106.12999725341797,162.00115966796875,89.1833724975586,46.241119384765625
2015-09-10,26.154041290283203,106.37999725341797,162.8827362060547,88.58123016357422,46.343231201171875
2015-09-11,26.256053924560547,106.16000366210938,163.6229248046875,89.13933563232422,47.23041534423828
2015-09-14,26.216819763183594,106.22000122070312,163.01576232910156,89.27886962890625,47.255924224853516
2015-09-15,26.46791648864746,105.9000015258789,165.0533905029297,87.56785583496094,47.72184753417969
2015-09-16,27.111371994018555,107.30999755859375,166.4838409423828,87.2374267578125,48.23245620727539
2015-09-17,27.048601150512695,108.41000366210938,166.1095733642578,88.30216979980469,48.78133010864258
2015-09-18,26.546390533447266,109.20999908447266,163.3950958251953,89.66067504882812,48.6983642578125
2015-09-21,26.49930763244629,108.52999877929688,164.23948669433594,88.1993637084961,49.113224029541016
2015-09-22,26.004955291748047,107.79000091552734,162.10768127441406,89.42566680908203,48.4941291809082
2015-09-23,25.58905792236328,108.22000122070312,161.8485565185547,89.41835021972656,48.79839324951172
2015-09-24,25.479202270507812,110.48999786376953,161.26332092285156,90.02779388427734,48.34070587158203
2015-09-25,25.424270629882812,109.80999755859375,161.22157287597656,89.24950408935547,48.534088134765625
2015-09-28,24.882827758789062,108.41999816894531,157.17532348632812,90.77686309814453,47.77988052368164
2015-09-29,25.000526428222656,107.9800033569336,157.2672576904297,91.03388214111328,48.28913497924805
2015-09-30,25.722450256347656,106.86000061035156,160.2016143798828,90.71812438964844,48.69525146484375
2015-10-01,25.86370277404785,106.7300033569336,160.61964416503906,91.10518646240234,48.93376922607422
2015-10-02,26.55424690246582,108.98999786376953,163.0189208984375,91.65704345703125,49.28831100463867
2015-10-05,27.12706756591797,108.7699966430664,165.91981506347656,90.4134750366211,50.11986541748047
2015-10-06,27.079986572265625,109.86000061035156,165.351318359375,90.803466796875,50.00384521484375
2015-10-07,27.80190658569336,109.69999694824219,166.7056884765625,90.50177764892578,50.57757568359375
2015-10-08,28.10009765625,109.13999938964844,168.21044921875,89.74386596679688,51.003013610839844
2015-10-09,28.20210075378418,110.87000274658203,168.31077575683594,89.97930908203125,50.919227600097656
2015-10-12,27.990236282348633,111.30999755859375,168.4696502685547,90.66362762451172,51.28021240234375
2015-10-13,27.535112380981445,111.86000061035156,167.4079132080078,90.81819152832031,50.880558013916016
2015-10-14,27.74698257446289,113.80999755859375,166.60533142089844,91.61288452148438,50.500205993652344
2015-10-15,28.421825408935547,113.29000091552734,169.1634979248047,91.16404724121094,51.189979553222656
2015-10-16,28.445363998413086,112.48999786376953,169.9326171875,91.19343566894531,51.57674789428711
2015-10-19,28.155033111572266,112.0199966430664,170.01620483398438,90.94329833984375,52.29873275756836
2015-10-20,28.147180557250977,112.7300033569336,169.79884338378906,90.38407135009766,52.279388427734375
2015-10-21,27.739131927490234,111.7300033569336,168.74551391601562,91.28173828125,52.08599853515625
2015-10-22,28.311965942382812,111.69000244140625,171.59625244140625,91.43628692626953,52.543701171875
2015-10-23,28.47675132751465,111.5,173.4771728515625,90.65629577636719,52.034423828125
2015-10-26,28.217802047729492,111.43000030517578,173.05091857910156,91.25967407226562,52.02153396606445
2015-10-27,27.896076202392578,111.68000030517578,172.7165069580078,91.48778533935547,52.002201080322266
2015-10-28,27.5743465423584,110.77999877929688,174.6810302734375,91.11988067626953,52.04730987548828
2015-10-29,27.315404891967773,109.72000122070312,174.5807342529297,89.67024230957031,51.97640609741211
2015-10-30,27.36248207092285,109.30000305175781,173.8283233642578,90.34719848632812,51.4993896484375
2015-11-02,27.90391731262207,108.58999633789062,175.8849639892578,89.93202209472656,52.59526062011719
2015-11-03,28.272729873657227,106.9800033569336,176.39483642578125,89.19456481933594,52.06666564941406
2015-11-04,28.045169830322266,105.97000122070312,175.85980224609375,89.2978744506836,51.834590911865234
2015-11-05,28.092247009277344,105.63999938964844,175.68423461914062,89.06185913085938,52.0408935546875
2015-11-06,27.699893951416016,104.0999984741211,175.59222412109375,87.75655364990234,50.4228515625
2015-11-09,27.009353637695312,104.4000015258789,173.9537353515625,87.262451171875,49.55904769897461
2015-11-10,26.891653060913086,104.18000030517578,174.35504150390625,87.5206069946289,50.12635040283203
2015-11-11,26.94658660888672,103.83000183105469,173.6695098876953,87.33621978759766,50.18434143066406
2015-11-12,26.687633514404297,103.8499984741211,171.24510192871094,87.75655364990234,49.84270095825195
2015-11-13,26.318832397460938,103.55999755859375,169.3223419189453,88.2580795288086,49.27543258666992
2015-11-16,26.828882217407227,103.70999908447266,171.89718627929688,88.17692565917969,49.84270095825195
2015-11-17,26.750411987304688,102.33999633789062,171.7718048095703,88.32437133789062,49.84270095825195
2015-11-18,27.040752410888672,102.43000030517578,174.49708557128906,88.5087661743164,50.28101348876953
2015-11-19,27.284006118774414,103.55999755859375,174.3466339111328,89.09874725341797,50.435768127441406
2015-11-20,27.55865478515625,103.08999633789062,174.98199462890625,88.82582092285156,51.06748580932617
2015-11-23,27.299705505371094,102.26000213623047,174.7814178466797,89.09874725341797,51.17707443237305
2015-11-24,27.440940856933594,102.94000244140625,175.01548767089844,89.09136962890625,50.90633010864258
2015-11-25,27.229074478149414,102.45999908447266,174.9904022216797,89.2978744506836,51.11260223388672
2015-11-27,26.632707595825195,101.25,175.1909637451172,89.2093505859375,51.55741500854492
2015-11-30,26.67194175720215,101.91999816894531,174.46368408203125,89.56330871582031,51.17707443237305
2015-12-01,26.875967025756836,102.27999877929688,176.12730407714844,90.77310180664062,51.88615798950195
2015-12-02,26.55424690246582,100.69000244140625,174.32994079589844,90.80262756347656,50.828956604003906
2015-12-03,26.4051456451416,101.76000213623047,171.8888702392578,88.33438873291016,50.02963638305664
2015-12-04,26.585630416870117,104.0199966430664,175.2411651611328,89.11034393310547,50.983680725097656
2015-12-07,26.146194458007812,102.66999816894531,174.17947387695312,89.97496032714844,50.84186553955078
2015-12-08,25.85585594177246,102.83999633789062,173.00906372070312,90.01929473876953,50.796749114990234
2015-12-09,25.64398956298828,102.63999938964844,171.66311645507812,89.92322540283203,50.51309585571289
2015-12-10,25.471351623535156,102.55000305175781,172.10618591308594,90.04145050048828,50.15211868286133
2015-12-11,24.757274627685547,103.11000061035156,168.7705535888672,91.46036529541016,50.06188201904297
2015-12-14,25.1574764251709,101.79000091552734,169.623291015625,90.27796173095703,50.29392623901367
2015-12-15,25.541975021362305,101.5199966430664,171.4039764404297,89.74584197998047,50.84186553955078
2015-12-16,26.0441837310791,102.75,173.91192626953125,89.55374908447266,51.834590911865234
2015-12-17,25.706756591796875,100.5,171.26181030273438,90.56620025634766,51.57674789428711
2015-12-18,25.62044334411621,102.04000091552734,168.21080017089844,91.06869506835938,50.97724151611328
2015-12-21,25.820476531982422,103.1500015258789,169.59840393066406,91.04651641845703,51.17707443237305
2015-12-22,26.027671813964844,102.61000061035156,171.13731384277344,90.38875579833984,51.38336181640625
2015-12-23,26.39426612854004,102.30999755859375,173.25660705566406,89.70896911621094,51.91147232055664
2015-12-24,26.298627853393555,103.05000305175781,172.97067260742188,90.22291564941406,51.91147232055664
2015-12-28,26.115337371826172,102.2699966430664,172.57540893554688,90.48941802978516,52.19908905029297
2015-12-29,26.13924217224121,102.19999694824219,174.4171142578125,88.98612976074219,52.75468444824219
2015-12-30,25.732807159423828,101.41999816894531,173.18096923828125,88.89724731445312,52.571651458740234
2015-12-31,25.653114318847656,101.45999908447266,171.448486328125,89.29714965820312,52.11412048339844
2016-01-04,24.95181655883789,102.88999938964844,169.0517578125,89.94145965576172,51.48662567138672
2016-01-05,25.007604598999023,103.18000030517578,169.3377227783203,89.57857513427734,52.48014450073242
2016-01-06,24.529449462890625,104.66999816894531,167.2016143798828,90.78569030761719,52.33634567260742
2016-01-07,23.772369384765625,106.1500015258789,163.19021606445312,90.94859313964844,51.31668472290039
2016-01-08,23.517353057861328,105.68000030517578,161.39894104003906,91.35594940185547,50.63037109375
2016-01-11,23.509387969970703,104.73999786376953,161.55870056152344,90.35616302490234,50.9179573059082
2016-01-12,23.557199478149414,104.20999908447266,162.86219787597656,91.65955352783203,50.57807159423828
2016-01-13,23.310148239135742,104.72000122070312,158.80032348632812,92.56300354003906,49.85254669189453
2016-01-14,23.612987518310547,103.0199966430664,161.4073486328125,91.69657135009766,49.73488235473633
2016-01-15,22.680572509765625,104.08000183105469,157.9425811767578,93.12584686279297,49.3950080871582
2016-01-19,23.015287399291992,103.9800033569336,158.1527862548828,92.83702850341797,49.65646743774414
2016-01-20,22.51321792602539,105.37000274658203,156.12603759765625,93.81462860107422,48.32305145263672
2016-01-21,22.60088348388672,105.48999786376953,157.00064086914062,93.17769622802734,48.591033935546875
2016-01-22,23.373905181884766,105.0,160.22158813476562,92.82223510742188,49.94405746459961
2016-01-25,22.975440979003906,106.08000183105469,157.799560546875,93.32582092285156,49.63030242919922
2016-01-26,23.310148239135742,107.29000091552734,159.9524688720703,93.37027740478516,50.66959762573242
2016-01-27,23.230453491210938,107.69000244140625,158.211669921875,93.34808349609375,49.68914031982422
2016-01-28,23.5970458984375,106.54000091552734,159.0358123779297,93.48136901855469,49.31003952026367
2016-01-29,24.362092971801758,106.94999694824219,162.91268920898438,94.2737808227539,50.32316970825195
2016-02-01,24.13098907470703,108.05000305175781,162.85385131835938,93.9851303100586,50.40814208984375
2016-02-02,23.34999656677246,108.08999633789062,159.9188690185547,95.72875213623047,49.95060348510742
2016-02-03,24.011445999145508,109.25,160.87753295898438,94.93482971191406,50.2839469909668
2016-02-04,24.19473648071289,110.56999969482422,161.12982177734375,95.39482879638672,50.310089111328125
2016-02-05,23.91581916809082,112.31999969482422,158.06028747558594,95.50614166259766,49.355777740478516
2016-02-08,23.589067459106445,113.83000183105469,155.93263244628906,97.56140899658203,47.943946838378906
2016-02-09,23.26233673095703,113.58000183105469,155.94100952148438,97.66532897949219,47.0615348815918
2016-02-10,23.357967376708984,114.45999908447266,155.8065185546875,98.52599334716797,47.38835906982422
2016-02-11,22.96746826171875,119.05999755859375,153.77976989746094,99.21595764160156,46.71510314941406
2016-02-12,23.365934371948242,118.36000061035156,156.9501953125,97.56880950927734,47.2510871887207
2016-02-16,23.883939743041992,114.7699966430664,159.59925842285156,96.5374755859375,48.12041091918945
2016-02-17,24.3541259765625,115.4800033569336,162.20626831054688,95.94390869140625,48.53218460083008
2016-02-18,24.21068000793457,118.29000091552734,161.54190063476562,97.12361907958984,49.02244567871094
2016-02-19,24.099109649658203,117.58000183105469,161.4661865234375,97.20526123046875,49.30348205566406
2016-02-22,24.696802139282227,115.48999786376953,163.8040771484375,97.15331268310547,49.77409362792969
2016-02-23,24.17083168029785,117.22000122070312,161.73529052734375,97.54655456542969,49.643375396728516
2016-02-24,24.115047454833984,117.61000061035156,162.4754180908203,97.35363006591797,49.58456039428711
2016-02-25,24.19473648071289,117.91999816894531,164.44322204589844,97.702392578125,50.597679138183594
2016-02-26,23.955659866333008,117.11000061035156,164.0648193359375,96.76007080078125,50.336246490478516
2016-02-29,24.162858963012695,118.63999938964844,162.7781219482422,97.18302154541016,50.140140533447266
2016-03-01,25.023550033569336,117.7699966430664,166.60452270507812,95.47174072265625,51.55198669433594
2016-03-02,25.358253479003906,118.68000030517578,167.3530731201172,95.86576080322266,51.924560546875
2016-03-03,25.645151138305664,120.7300033569336,168.0089111328125,96.21514892578125,52.19908905029297
2016-03-04,26.155187606811523,120.54000091552734,168.55557250976562,95.59812927246094,52.20561981201172
2016-03-07,26.115337371826172,121.13999938964844,168.69015502929688,95.56839752197266,52.3428840637207
2016-03-08,25.669055938720703,120.58000183105469,166.8484344482422,96.62397003173828,51.806915283203125
2016-03-09,25.828445434570312,119.58000183105469,167.67259216308594,96.03673553466797,52.09450149536133
2016-03-10,25.8682861328125,121.5,167.80714416503906,95.64274597167969,51.90496826171875
2016-03-11,26.410205841064453,119.41000366210938,170.51502990722656,94.67633819580078,53.06840896606445
2016-03-14,26.250818252563477,117.87000274658203,170.29638671875,94.97367095947266,53.07493209838867
2016-03-15,25.876262664794922,117.95999908447266,170.0188446044922,95.06291198730469,53.10109329223633
2016-03-16,26.39426612854004,120.58999633789062,171.0028076171875,95.34536743164062,53.74164962768555
2016-03-17,26.976022720336914,120.12999725341797,172.08766174316406,95.73934936523438,54.49987030029297
2016-03-18,27.119462966918945,119.80000305175781,172.76390075683594,95.94007110595703,54.26456069946289
2016-03-21,27.17525291442871,118.95999908447266,173.00906372070312,95.20415496826172,53.77479934692383
2016-03-22,27.111501693725586,119.30999755859375,172.91607666015625,95.18177795410156,53.77479934692383
2016-03-23,26.649276733398438,116.61000061035156,171.7748565673828,96.25975036621094,53.48398971557617
2016-03-24,26.585527420043945,116.33000183105469,171.6987762451172,96.2968978881836,53.50381088256836
2016-03-28,26.673187255859375,116.5999984741211,171.8002471923828,96.42326354980469,53.98631286621094
2016-03-29,27.03977394104004,118.76000213623047,173.38943481445312,97.43428039550781,55.156185150146484
2016-03-30,27.318695068359375,117.0999984741211,174.1501922607422,96.40841674804688,55.05043029785156
2016-03-31,27.29479217529297,117.63999938964844,173.72750854492188,97.09232330322266,55.38751983642578
2016-04-01,27.215105056762695,116.93000030517578,174.91102600097656,97.3455581665039,55.31481170654297
2016-04-04,26.88836097717285,116.1500015258789,174.34461975097656,97.40516662597656,55.23549270629883
2016-04-05,26.36238670349121,117.66000366210938,172.6033172607422,98.47042083740234,54.87196731567383
2016-04-06,26.6811580657959,116.94000244140625,174.48834228515625,97.75528717041016,55.00417709350586
2016-04-07,26.147218704223633,118.61000061035156,172.40042114257812,98.9620590209961,54.66046905517578
2016-04-08,26.601463317871094,118.43000030517578,172.8653106689453,98.33631134033203,54.96452331542969
2016-04-11,26.944143295288086,120.02999877929688,172.4595947265625,98.20968627929688,54.85214614868164
2016-04-12,27.358551025390625,120.05000305175781,174.06565856933594,97.53178405761719,55.24871826171875
2016-04-13,27.844669342041016,118.7699966430664,175.82395935058594,97.87447357177734,55.00417709350586
2016-04-14,27.709186553955078,117.11000061035156,175.8323974609375,97.40516662597656,54.700111389160156
2016-04-15,27.549808502197266,117.91999816894531,175.63790893554688,98.23946380615234,55.10991668701172
2016-04-18,27.67731285095215,117.73999786376953,176.8720703125,97.81484985351562,55.37428665161133
2016-04-19,28.09969139099121,119.58000183105469,177.42999267578125,97.50944519042969,55.40073013305664
2016-04-20,27.97217559814453,118.97000122070312,177.5990447998047,96.43678283691406,54.462188720703125
2016-04-21,27.693256378173828,119.41999816894531,176.64385986328125,95.86322021484375,53.49059295654297
2016-04-22,27.525901794433594,117.88999938964844,176.64385986328125,95.61736297607422,54.07221603393555
2016-04-25,27.35057258605957,118.2300033569336,176.3395233154297,95.2225570678711,54.52167510986328
2016-04-26,27.64544105529785,118.69999694824219,176.60159301757812,94.79053497314453,54.733177185058594
2016-04-27,27.812793731689453,119.04000091552734,176.965087890625,95.73653411865234,54.700111389160156
2016-04-28,27.525901794433594,121.29000091552734,175.35894775390625,96.13134765625,54.5877571105957
2016-04-29,27.40635871887207,123.6500015258789,174.41220092773438,96.377197265625,54.0854377746582
2016-05-02,27.33462905883789,123.23999786376953,175.798583984375,95.40684509277344,54.92485046386719
2016-05-03,26.561616897583008,122.95999908447266,174.26858520507812,96.60861206054688,55.01078414916992
2016-05-04,26.131275177001953,122.20999908447266,173.29641723632812,97.13851928710938,55.797298431396484
2016-05-05,26.123302459716797,122.06999969482422,173.26258850097656,97.78787231445312,55.95594024658203
2016-05-06,26.16315269470215,123.18000030517578,173.8966064453125,97.36991119384766,56.57061004638672
2016-05-09,25.828445434570312,120.6500015258789,174.0403289794922,97.67593383789062,57.19190216064453
2016-05-10,26.322532653808594,120.9800033569336,176.20433044433594,97.68343353271484,57.1852912902832
2016-05-11,26.258787155151367,122.12000274658203,174.55604553222656,98.23574829101562,55.96255111694336
2016-05-12,26.18705940246582,121.16000366210938,174.60665893554688,97.78787231445312,56.28641128540039
2016-05-13,25.716869354248047,121.70999908447266,173.0850830078125,98.73584747314453,55.784095764160156
2016-05-16,26.027671813964844,121.80000305175781,174.7926788330078,97.88496398925781,56.312843322753906
2016-05-17,25.90813636779785,122.22000122070312,173.16123962402344,98.04917907714844,55.268531799316406
2016-05-18,25.653114318847656,120.0999984741211,173.21192932128906,96.65337371826172,54.4026985168457
2016-05-19,25.41403579711914,119.87000274658203,172.6117401123047,97.07138061523438,53.794639587402344
2016-05-20,25.669055938720703,119.70999908447266,173.70211791992188,97.14596557617188,54.2242546081543
2016-05-23,25.62124252319336,119.37000274658203,173.46554565429688,97.36243438720703,54.23086166381836
2016-05-24,25.88422966003418,117.30000305175781,175.71401977539062,96.9295425415039,54.905029296875
2016-05-25,26.195022583007812,116.9800033569336,176.9059295654297,96.56380462646484,54.905029296875
2016-05-26,26.370357513427734,116.58000183105469,176.95660400390625,97.06391906738281,55.01078414916992
2016-05-27,26.36238670349121,115.62000274658203,177.7174530029297,96.92208862304688,55.3082160949707
2016-05-31,26.39426612854004,116.05999755859375,177.37924194335938,97.15345764160156,55.30158615112305
2016-06-01,26.378320693969727,115.94000244140625,177.74273681640625,97.547607421875,55.34788131713867
2016-06-02,26.593494415283203,115.66999816894531,178.28378295898438,98.25068664550781,55.632080078125
2016-06-03,26.99993133544922,118.87999725341797,177.7511749267578,99.64937591552734,55.856781005859375
2016-06-06,27.286823272705078,118.91999816894531,178.65570068359375,98.90888977050781,55.42717361450195
2016-06-07,27.53386878967285,118.81999969482422,178.9346466064453,99.14825439453125,55.76425552368164
2016-06-08,27.733104705810547,120.58000183105469,179.5178680419922,99.67929077148438,56.12117004394531
2016-06-09,27.414329528808594,121.25,179.2727508544922,100.32251739501953,56.24674606323242
2016-06-10,26.72100830078125,121.73999786376953,177.57369995117188,100.80863952636719,55.982383728027344
2016-06-13,26.34644889831543,122.63999938964844,176.20433044433594,101.25748443603516,55.99558639526367
2016-06-14,26.258787155151367,122.7699966430664,175.8577117919922,101.18265533447266,55.850181579589844
2016-06-15,26.537708282470703,123.68000030517578,175.6125946044922,101.5715560913086,56.37895584106445
2016-06-16,26.44207763671875,122.37999725341797,176.13671875,102.0652084350586,56.69620132446289
2016-06-17,26.5137996673584,123.94999694824219,175.4807586669922,101.4294662475586,56.60365295410156
2016-06-20,26.98398780822754,123.20999908447266,176.6107635498047,100.34498596191406,56.68296813964844
2016-06-21,27.191192626953125,120.83999633789062,177.11216735839844,99.8812255859375,56.899044036865234
2016-06-22,27.260265350341797,120.9000015258789,176.82325744628906,100.04576110839844,56.81235885620117
2016-06-23,27.918874740600586,120.11000061035156,179.12600708007812,98.90142822265625,57.09910583496094
2016-06-24,26.22414779663086,126.0,172.69369506835938,101.55665588378906,56.59227752685547
2016-06-27,25.886812210083008,126.68000030517578,169.6007537841797,104.09215545654297,56.632293701171875
2016-06-28,26.649837493896484,125.31999969482422,172.65972900390625,104.30908966064453,57.826026916503906
2016-06-29,27.32452392578125,125.83999633789062,175.59967041015625,103.50878143310547,58.52625274658203
2016-06-30,27.597606658935547,126.47000122070312,177.995849609375,103.89022064208984,59.13314437866211
2016-07-01,27.862655639648438,128.41000366210938,178.3696746826172,105.33272552490234,59.15312576293945
2016-07-05,27.26829719543457,129.47000122070312,177.08668518066406,106.65147399902344,59.80671310424805
2016-07-06,27.19601058959961,130.22999572753906,178.14878845214844,106.82384490966797,59.54659652709961
2016-07-07,27.123720169067383,129.74000549316406,178.038330078125,106.81642150878906,58.93306350708008
2016-07-08,27.71004867553711,130.52000427246094,180.68942260742188,107.60316467285156,59.886714935302734
2016-07-11,27.9751033782959,129.2899932861328,181.32666015625,106.65894317626953,60.28684616088867
2016-07-12,28.36866569519043,127.1500015258789,182.64370727539062,104.90553283691406,60.280181884765625
2016-07-13,28.320476531982422,128.32000732421875,182.61822509765625,106.14192962646484,60.613624572753906
2016-07-14,28.730098724365234,127.33000183105469,183.63790893554688,104.59833526611328,60.07345199584961
2016-07-15,28.66584587097168,126.83999633789062,183.3914337158203,103.69915771484375,60.09345626831055
2016-07-18,28.92286491394043,127.04000091552734,183.88429260253906,103.6017074584961,60.253509521484375
2016-07-19,28.625680923461914,127.20999908447266,183.6973876953125,104.18624114990234,60.54693603515625
2016-07-20,28.770261764526367,125.38999938964844,184.4620361328125,103.6167221069336,60.5535888671875
2016-07-21,28.681909561157227,127.30000305175781,183.76527404785156,103.82652282714844,60.67365264892578
2016-07-22,28.8907413482666,126.3499984741211,184.58958435058594,104.00637817382812,61.20717239379883
2016-07-25,28.601591110229492,125.47000122070312,184.0882110595703,103.9314193725586,61.09377670288086
2016-07-26,28.82648277282715,126.0,184.17320251464844,104.09635925292969,60.793704986572266
2016-07-27,28.92286491394043,128.02999877929688,183.9777069091797,105.39269256591797,60.3201789855957
2016-07-28,28.9309024810791,127.66000366210938,184.1901397705078,105.19782257080078,60.88037109375
2016-07-29,29.0835018157959,128.97999572753906,184.48756408691406,106.07449340820312,61.653987884521484
2016-08-01,29.027286529541016,129.22000122070312,184.3346710205078,104.92445373535156,61.7873649597168
2016-08-02,28.81846046447754,130.27000427246094,183.15354919433594,103.84346771240234,60.800357818603516
2016-08-03,28.914833068847656,129.64999389648438,183.68881225585938,103.90351867675781,60.446895599365234
2016-08-04,29.075475692749023,129.8699951171875,183.88429260253906,104.6842041015625,60.200157165527344
2016-08-05,29.412813186645508,127.55000305175781,185.38824462890625,103.59571075439453,60.240177154541016
2016-08-08,29.621641159057617,127.44000244140625,185.2777862548828,103.79085540771484,60.346866607666016
2016-08-09,29.82244110107422,127.95999908447266,185.38824462890625,104.81185913085938,60.67365264892578
2016-08-10,29.83047103881836,128.55999755859375,184.9293975830078,105.21719360351562,60.60696792602539
2016-08-11,30.216001510620117,127.66999816894531,185.7876434326172,104.2788314819336,59.920066833496094
2016-08-12,30.10356330871582,127.4000015258789,185.6261749267578,105.15717315673828,60.173465728759766
2016-08-15,30.416807174682617,127.83999633789062,186.1614532470703,104.16629028320312,60.11344528198242
2016-08-16,30.280256271362305,128.47000122070312,185.2012939453125,103.88850402832031,59.39320755004883
2016-08-17,30.08749008178711,128.5,185.54969787597656,104.5115966796875,59.63330841064453
2016-08-18,30.368614196777344,129.11000061035156,185.966064453125,104.6767578125,59.41321563720703
2016-08-19,30.199935913085938,127.97000122070312,185.6941680908203,104.12870788574219,59.033103942871094
2016-08-22,29.79833984375,127.77999877929688,185.6855926513672,105.00711059570312,59.353214263916016
2016-08-23,29.677867889404297,127.76000213623047,186.0595245361328,105.11961364746094,59.38654327392578
2016-08-24,29.7581844329834,126.33999633789062,185.10784912109375,104.8719253540039,59.126461029052734
2016-08-25,29.78228187561035,126.2300033569336,184.9803466796875,104.47402954101562,59.39320755004883
2016-08-26,29.525257110595703,126.05000305175781,184.63198852539062,103.86597442626953,58.80635452270508
2016-08-29,29.750146865844727,126.30000305175781,185.54115295410156,105.2547836303711,59.38654327392578
2016-08-30,29.669836044311523,125.02999877929688,185.23526000976562,104.84937286376953,59.273197174072266
2016-08-31,29.340517044067383,124.77999877929688,184.70851135253906,104.99951934814453,59.33319854736328
2016-09-01,29.5654239654541,125.29000091552734,184.7169952392578,105.11531066894531,59.18647766113281
2016-09-02,30.047325134277344,126.56999969482422,185.54969787597656,104.2579574584961,59.69999694824219
2016-09-06,30.689884185791016,128.7100067138672,186.11044311523438,105.01759338378906,60.16015625
2016-09-07,30.59349822998047,128.27000427246094,186.09347534179688,104.94236755371094,60.520233154296875
2016-09-08,30.513179779052734,127.58999633789062,185.66867065429688,103.62622833251953,59.780006408691406
2016-09-09,29.485095977783203,126.75,181.22470092773438,101.91905975341797,57.412540435791016
2016-09-12,29.685894012451172,126.58999633789062,183.8248291015625,101.9718017578125,58.09279251098633
2016-09-13,28.93893051147461,125.75,181.18223571777344,100.81355285644531,56.63429641723633
2016-09-14,29.027286529541016,126.18000030517578,181.1142578125,100.9639892578125,56.81557083129883
2016-09-15,29.525257110595703,125.37000274658203,182.92408752441406,100.52776336669922,57.03049087524414
2016-09-16,29.3244571685791,125.05999755859375,182.2169647216797,101.3399887084961,57.057342529296875
2016-09-19,29.55738639831543,125.31999969482422,182.2511444091797,101.00912475585938,57.574363708496094
2016-09-20,29.573448181152344,125.44000244140625,182.25970458984375,101.362548828125,57.48710250854492
2016-09-21,30.400733947753906,127.2699966430664,184.30929565429688,102.1822738647461,58.22573471069336
2016-09-22,30.617597579956055,127.56999969482422,185.47071838378906,102.99453735351562,59.26655960083008
2016-09-23,30.22403335571289,127.6500015258789,184.45443725585938,102.89675903320312,59.4478645324707
2016-09-26,29.78228187561035,127.55000305175781,182.9600067138672,103.55105590820312,59.5888671875
2016-09-27,30.207971572875977,126.62000274658203,184.09579467773438,104.31060791015625,58.957698822021484
2016-09-28,30.481056213378906,126.22000122070312,185.00953674316406,104.08501434326172,59.441158294677734
2016-09-29,29.950952529907227,126.06999969482422,183.3357391357422,104.34828186035156,58.64876174926758
2016-09-30,30.07946014404297,125.63999938964844,184.71922302246094,103.41570281982422,58.24590301513672
2016-10-03,30.28828239440918,125.31999969482422,184.275146484375,103.07437896728516,57.15806198120117
2016-10-04,29.950952529907227,120.97000122070312,183.3357391357422,101.86895751953125,56.37910461425781
2016-10-05,30.38467025756836,120.77999877929688,184.14706420898438,101.39423370361328,55.237579345703125
2016-10-06,30.408771514892578,119.66000366210938,184.275146484375,100.82921600341797,55.257713317871094
2016-10-07,30.272228240966797,119.73999786376953,183.6431427001953,100.89702606201172,55.1637077331543
2016-10-10,30.601530075073242,120.16000366210938,184.59963989257812,100.30184936523438,55.50616455078125
2016-10-11,29.894733428955078,119.55000305175781,182.26824951171875,100.07581329345703,54.968971252441406
2016-10-12,29.83850860595703,119.73999786376953,182.50735473632812,100.17378234863281,55.600189208984375
2016-10-13,29.573448181152344,120.02999877929688,181.90956115722656,100.55046844482422,56.036659240722656
2016-10-14,29.621641159057617,119.36000061035156,182.0035400390625,99.14160919189453,55.78820037841797
2016-10-17,29.589508056640625,119.68000030517578,181.37158203125,99.7744369506836,55.909061431884766
2016-10-18,30.111591339111328,120.41999816894531,182.50735473632812,100.09842681884766,56.26494598388672
2016-10-19,30.296321868896484,121.11000061035156,182.994140625,100.1812515258789,56.38582992553711
2016-10-20,30.207971572875977,120.73999786376953,182.65257263183594,100.2867431640625,56.25823974609375
2016-10-21,30.199935913085938,120.83000183105469,182.73794555664062,100.43745422363281,56.05008316040039
2016-10-24,30.328445434570312,120.55999755859375,183.51507568359375,100.00047302246094,56.17766189575195
2016-10-25,30.360580444335938,121.47000122070312,182.90020751953125,100.26416015625,56.07694625854492
2016-10-26,30.039306640625,120.79000091552734,182.532958984375,99.58612060546875,55.34499740600586
2016-10-27,29.78228187561035,121.01000213623047,182.04620361328125,98.50115966796875,53.89458084106445
2016-10-28,29.661802291870117,121.58000183105469,181.50816345214844,98.2826919555664,54.022151947021484
2016-10-31,29.83047103881836,121.94000244140625,181.51670837402344,98.88539123535156,54.901817321777344
2016-11-01,29.589508056640625,122.7300033569336,180.20155334472656,98.89297485351562,53.70655822753906
2016-11-02,29.236112594604492,123.63999938964844,179.116943359375,99.32319641113281,52.92087173461914
2016-11-03,29.155792236328125,124.30000305175781,178.2971649169922,98.56082916259766,52.51127624511719
2016-11-04,28.858612060546875,124.38999938964844,178.10073852539062,99.44401550292969,52.927608489990234
2016-11-07,29.902761459350586,122.1500015258789,182.0290985107422,98.59858703613281,53.854278564453125
2016-11-08,30.09552574157715,121.63999938964844,182.8489532470703,98.19853210449219,54.136314392089844
2016-11-09,29.11563491821289,121.55999755859375,184.78753662109375,94.03175354003906,53.31708908081055
2016-11-10,28.288345336914062,119.75,185.24868774414062,92.64277648925781,52.42397689819336
2016-11-11,27.750207901000977,117.0999984741211,184.82171630859375,92.12196350097656,52.73959732055664
2016-11-14,27.549406051635742,116.11000061035156,184.96685791015625,91.5709457397461,53.988582611083984
2016-11-15,28.103612899780273,117.12000274658203,186.41012573242188,92.02385711669922,53.53866958618164
2016-11-16,27.870683670043945,116.7699966430664,186.05999755859375,92.85414123535156,53.38421630859375
2016-11-17,27.910844802856445,116.16999816894531,187.01646423339844,91.4879150390625,52.84029769897461
2016-11-18,27.7823429107666,115.1500015258789,186.5980224609375,91.22369384765625,52.99474334716797
2016-11-21,28.055423736572266,115.58000183105469,188.0071258544922,91.45014953613281,52.833587646484375
2016-11-22,28.48110580444336,115.54000091552734,188.37429809570312,91.4199447631836,53.76028060913086
2016-11-23,28.175907135009766,113.25,188.4767608642578,91.06513977050781,53.531959533691406
2016-11-25,28.31244468688965,112.61000061035156,189.1770477294922,91.20103454589844,53.84086990356445
2016-11-28,28.42488670349121,113.80000305175781,188.2888946533203,91.87284088134766,54.089298248291016
2016-11-29,28.465045928955078,113.2699966430664,188.6561279296875,92.25782775878906,54.60635757446289
2016-11-30,28.51323890686035,111.75,188.2034912109375,90.76322937011719,53.98183059692383
2016-12-01,28.175907135009766,111.54000091552734,187.51177978515625,89.80482482910156,53.18948745727539
2016-12-02,28.208026885986328,112.13999938964844,187.60569763183594,90.46295166015625,53.71998977661133
2016-12-05,28.440954208374023,111.54000091552734,188.73297119140625,90.36461639404297,54.11616516113281
2016-12-06,28.59355354309082,111.43000030517578,189.33079528808594,90.2965316772461,54.46535110473633
2016-12-07,29.075475692749023,111.83000183105469,191.80740356445312,91.06804656982422,55.553165435791016
2016-12-08,29.203981399536133,111.56999969482422,192.27708435058594,89.99400329589844,55.93593215942383
2016-12-09,29.051368713378906,110.4000015258789,193.4384765625,88.87452697753906,55.87550354003906
2016-12-12,28.858612060546875,110.81999969482422,193.2165069580078,89.04094696044922,56.244815826416016
2016-12-13,29.179887771606445,110.44999694824219,194.5059814453125,89.3586196899414,56.217952728271484
2016-12-14,28.31244468688965,108.83000183105469,192.9005126953125,88.3602066040039,54.98911666870117
2016-12-15,28.360639572143555,107.33999633789062,193.69473266601562,88.80647277832031,54.66679382324219
2016-12-16,28.232126235961914,108.05000305175781,193.31582641601562,88.60227966308594,55.48603057861328
2016-12-19,28.039358139038086,108.58999633789062,193.73678588867188,89.55534362792969,56.08363723754883
2016-12-20,28.1357364654541,107.79000091552734,194.48414611816406,89.10901641845703,56.21123123168945
2016-12-21,28.018760681152344,107.8499984741211,193.94296264648438,89.50235748291016,55.35842514038086
2016-12-22,27.685686111450195,107.58999633789062,193.60794067382812,89.34232330322266,55.2658805847168
2016-12-23,27.848155975341797,107.93000030517578,193.89138793945312,89.52436828613281,55.40985107421875
2016-12-27,27.970014572143555,108.55999755859375,194.3724822998047,89.23614501953125,55.526397705078125
2016-12-28,28.181230545043945,108.86000061035156,192.76605224609375,89.88834381103516,55.19047546386719
2016-12-29,28.644287109375,110.29000091552734,192.7230987548828,90.20682525634766,55.87605285644531
2016-12-30,28.441194534301758,109.61000061035156,192.0187225341797,90.34339141845703,56.582237243652344
2017-01-03,28.782386779785156,110.47000122070312,193.4877166748047,90.7301254272461,56.767356872558594
2017-01-04,29.001728057861328,110.86000061035156,194.6387481689453,91.07893371582031,57.59691619873047
2017-01-05,29.318561553955078,112.58000183105469,194.48414611816406,92.50468444824219,57.78201675415039
2017-01-06,29.196693420410156,111.75,195.1800079345703,91.65532684326172,57.78887176513672
2017-01-09,29.17232894897461,112.66999816894531,194.5357208251953,92.39094543457031,57.267822265625
2017-01-10,29.34292984008789,113.1500015258789,194.5357208251953,92.33025360107422,56.781044006347656
2017-01-11,29.692251205444336,113.5,195.08546447753906,92.64118957519531,56.4313850402832
2017-01-12,29.822227478027344,113.91000366210938,194.59585571289062,92.43643188476562,56.719337463378906
2017-01-13,29.79786491394043,114.20999908447266,195.04254150390625,91.99661254882812,56.63706588745117
2017-01-17,29.78160858154297,115.8499984741211,194.3553466796875,92.95974731445312,57.07585525512695
2017-01-18,29.61913299560547,114.87000274658203,194.7848663330078,91.76910400390625,57.17184066772461
2017-01-19,29.52977752685547,114.7699966430664,194.06326293945312,91.13966369628906,56.589054107666016
2017-01-20,29.58664321899414,115.05000305175781,194.77622985839844,90.95765686035156,57.00043487548828
2017-01-23,30.025318145751953,115.79000091552734,194.26939392089844,91.86767578125,57.480342864990234
2017-01-24,30.212167739868164,115.2699966430664,195.51502990722656,91.23822784423828,57.49406433105469
2017-01-25,30.545238494873047,114.31999969482422,197.20721435546875,90.09317016601562,57.11697006225586
2017-01-26,30.415258407592773,113.26000213623047,197.0011444091797,90.39645385742188,57.00728225708008
2017-01-27,30.439634323120117,113.48999786376953,196.6918487548828,90.72257232666016,56.45196533203125
2017-01-30,30.277156829833984,113.97000122070312,195.47207641601562,90.44952392578125,56.06801986694336
2017-01-31,30.33402442932129,115.55000305175781,195.454833984375,91.07893371582031,56.472537994384766
2017-02-01,30.35028076171875,115.19999694824219,195.53219604492188,90.51582336425781,55.79378890991211
2017-02-02,30.480255126953125,115.83999633789062,195.66102600097656,90.4778060913086,56.45881271362305
2017-02-03,30.667098999023438,116.12999725341797,197.00973510742188,90.43982696533203,56.767356872558594
2017-02-06,30.593982696533203,117.69999694824219,196.65748596191406,90.98705291748047,56.67134475708008
2017-02-07,30.439634323120117,117.45999908447266,196.6660614013672,91.65579986572266,56.472537994384766
2017-02-08,30.62647819519043,118.19000244140625,196.9237518310547,92.9021987915039,56.91816329956055
2017-02-09,30.764591217041016,117.29000091552734,198.092041015625,91.83059692382812,57.055294036865234
2017-02-10,31.048913955688477,117.5999984741211,198.87379455566406,91.77745819091797,57.45979309082031
2017-02-13,31.146404266357422,116.80000305175781,199.95616149902344,91.48861694335938,57.480342864990234
2017-02-14,31.17888832092285,116.93000030517578,200.75502014160156,90.827392578125,57.17868423461914
2017-02-15,31.43073272705078,117.44999694824219,201.80308532714844,90.40940856933594,56.98670959472656
2017-02-16,31.316999435424805,118.08000183105469,201.63124084472656,90.90339660644531,57.322669982910156
2017-02-17,31.187015533447266,117.68000030517578,201.94911193847656,91.44304656982422,57.432350158691406
2017-02-21,31.528221130371094,117.75,203.15171813964844,91.28339385986328,58.16594314575195
2017-02-22,31.625699996948242,117.91000366210938,202.9713897705078,91.4354248046875,57.97397232055664
2017-02-23,31.633819580078125,118.94000244140625,203.10885620117188,91.70901489257812,58.27565383911133
2017-02-24,31.260122299194336,119.69999694824219,203.3665313720703,92.72742462158203,58.549888610839844
2017-02-27,31.16265106201172,119.12000274658203,203.68438720703125,92.18020629882812,58.8584098815918
2017-02-28,30.8620662689209,119.2300033569336,203.1345977783203,92.52218627929688,58.453895568847656
2017-03-01,31.341367721557617,119.05999755859375,205.97796630859375,90.97190856933594,58.27565383911133
2017-03-02,30.78895378112793,117.58000183105469,204.68081665039062,90.64443969726562,57.960269927978516
2017-03-03,31.024547576904297,117.51000213623047,204.80967712402344,90.88050842285156,57.73402786254883
2017-03-06,31.040786743164062,116.72000122070312,204.19970703125,90.44647979736328,57.473514556884766
2017-03-07,31.073284149169922,115.77999877929688,203.58982849121094,90.1723403930664,57.19926071166992
2017-03-08,30.780841827392578,115.05999755859375,203.21189880371094,89.68498992919922,56.14345169067383
2017-03-09,30.5371150970459,114.47000122070312,203.46961975097656,88.96926879882812,55.30016326904297
2017-03-10,30.87830924987793,114.72000122070312,204.1826171875,89.28144073486328,55.128753662109375
2017-03-13,31.308879852294922,114.73999786376953,204.28567504882812,88.71794891357422,55.2658805847168
2017-03-14,31.13014793395996,114.12000274658203,203.50392150878906,89.14442443847656,55.25217819213867
2017-03-15,31.942527770996094,116.25,205.26492309570312,90.2332534790039,56.36968994140625
2017-03-16,32.13749694824219,116.7300033569336,204.8612518310547,89.7763900756836,56.2599983215332
2017-03-17,32.080631256103516,116.98999786376953,204.5013885498047,90.33985137939453,56.5205078125
2017-03-20,32.45431900024414,117.51000213623047,204.27716064453125,90.72817993164062,56.472537994384766
2017-03-21,32.09687805175781,118.54000091552734,201.65426635742188,91.48207092285156,56.22571563720703
2017-03-22,32.251216888427734,118.83000183105469,202.1288299560547,91.84754943847656,56.19464874267578
2017-03-23,32.259342193603516,118.66999816894531,201.91310119628906,91.71808624267578,56.60898971557617
2017-03-24,32.3405876159668,118.86000061035156,201.7664794921875,92.04552459716797,56.54684829711914
2017-03-27,32.251216888427734,119.52999877929688,201.55938720703125,92.4643783569336,56.0357780456543
2017-03-28,32.3405876159668,119.04000091552734,203.02610778808594,91.84754943847656,56.27750015258789
2017-03-29,32.39745330810547,119.33000183105469,203.21592712402344,92.39580535888672,56.595176696777344
2017-03-30,32.22684860229492,118.47000122070312,203.86297607421875,91.64958190917969,56.69878005981445
2017-03-31,31.999387741088867,118.72000122070312,203.3884735107422,91.91608428955078,57.03716278076172
2017-04-03,32.178104400634766,119.3499984741211,203.03475952148438,92.84321594238281,57.20294189453125
2017-04-04,32.194358825683594,119.62000274658203,203.16412353515625,92.33963775634766,57.20294189453125
2017-04-05,32.09687805175781,119.62000274658203,202.56021118164062,92.6219253540039,57.28580856323242
2017-04-06,32.040008544921875,119.18000030517578,203.12962341308594,92.48458099365234,57.589664459228516
2017-04-07,31.983142852783203,119.45999908447266,202.922607421875,92.11068725585938,57.67253494262695
2017-04-10,31.853160858154297,119.45999908447266,203.0433807373047,92.5379867553711,58.03164291381836
2017-04-11,31.780048370361328,121.19000244140625,202.8018035888672,93.41555786132812,58.432186126708984
2017-04-12,31.93439483642578,122.0199966430664,201.91310119628906,93.92680358886719,58.32859802246094
2017-04-13,31.79629898071289,122.5999984741211,200.60171508789062,94.21678161621094,58.1973876953125
2017-04-17,32.129364013671875,122.23999786376953,202.37899780273438,93.92680358886719,58.90180969238281
2017-04-18,31.723182678222656,122.81999969482422,201.7751007080078,95.15534973144531,59.060646057128906
2017-04-19,31.528221130371094,121.7300033569336,201.40408325195312,94.63646697998047,58.97779083251953
2017-04-20,31.91815185546875,121.95999908447266,203.0433807373047,94.27021026611328,58.98468017578125
2017-04-21,31.91815185546875,122.30999755859375,202.3963165283203,94.27021026611328,58.77058029174805
2017-04-24,32.373077392578125,121.4800033569336,204.6222381591797,93.80470275878906,58.12141418457031
2017-04-25,32.65741729736328,120.25,205.8128204345703,92.67533874511719,58.36313247680664
2017-04-26,32.535552978515625,120.83999633789062,205.6833953857422,93.1866226196289,57.92803955078125
2017-04-27,32.49494171142578,120.38999938964844,205.8560028076172,93.15609741210938,57.776123046875
2017-04-28,32.54368209838867,120.7699966430664,205.4073486328125,93.36207580566406,57.175296783447266
2017-05-01,32.730525970458984,119.66999816894531,205.92498779296875,92.58600616455078,57.5136833190918
2017-05-02,32.96612548828125,119.6500015258789,206.00262451171875,93.06007385253906,57.41701126098633
2017-05-03,32.74678039550781,117.9800033569336,205.75247192382812,93.12125396728516,56.65044403076172
2017-05-04,32.381202697753906,116.79000091552734,205.99404907226562,92.66246795654297,56.37419128417969
2017-05-05,32.64928436279297,117.01000213623047,206.8049774169922,92.74653625488281,56.90595626831055
2017-05-08,32.64115905761719,116.75,206.77053833007812,92.24189758300781,56.50541305541992
2017-05-09,33.05548095703125,116.05000305175781,206.5807342529297,92.23424530029297,56.20153045654297
2017-05-10,33.27482604980469,116.04000091552734,206.95169067382812,92.12718200683594,56.64353561401367
2017-05-11,33.34792709350586,116.5,206.52894592285156,92.12718200683594,56.36037826538086
2017-05-12,33.48603820800781,116.83000183105469,206.183837890625,92.8230209350586,56.13246154785156
2017-05-15,33.82722473144531,117.13999938964844,207.3226318359375,92.57067108154297,56.298221588134766
2017-05-16,33.85972213745117,117.6500015258789,207.1329345703125,92.9148178100586,55.918392181396484
2017-05-17,33.28293991088867,119.79000091552734,203.45750427246094,94.26824188232422,56.14627456665039
2017-05-18,32.730525970458984,118.80999755859375,204.27716064453125,94.37532043457031,56.45705795288086
2017-05-19,33.42914962768555,119.4000015258789,205.60580444335938,94.59706115722656,56.760921478271484
2017-05-22,33.4616584777832,119.9000015258789,206.64968872070312,94.33708953857422,56.98191452026367
2017-05-23,33.49415969848633,119.13999938964844,207.10696411132812,93.70240020751953,57.0302734375
2017-05-24,33.62413024902344,119.61000061035156,207.59014892578125,94.23004913330078,57.492977142333984
2017-05-25,33.7866096496582,119.4800033569336,208.5823211669922,94.26058959960938,57.49987030029297
2017-05-26,33.90846633911133,120.54000091552734,208.53919982910156,94.42113494873047,57.08551025390625
2017-05-30,33.72974395751953,120.13999938964844,208.3579864501953,94.88761138916016,56.72639465332031
2017-05-31,33.46979522705078,120.62000274658203,208.3061981201172,95.12468719482422,56.760921478271484
2017-06-01,33.75411605834961,120.72000122070312,209.96275329589844,95.1346435546875,57.05790710449219
2017-06-02,33.92471694946289,121.61000061035156,210.66159057617188,96.26103973388672,57.64492416381836
2017-06-05,33.88410186767578,121.7300033569336,210.50628662109375,95.66336059570312,57.39628601074219
2017-06-06,33.90034484863281,123.0999984741211,209.8333282470703,96.1844711303711,57.12005615234375
2017-06-07,33.85972213745117,122.44999694824219,210.2216033935547,95.72464752197266,57.52059555053711
2017-06-08,34.06282043457031,121.6500015258789,210.32516479492188,95.47183990478516,57.382484436035156
2017-06-09,33.8028564453125,120.54000091552734,210.0059051513672,95.32622528076172,57.783023834228516
2017-06-12,33.62413024902344,120.36000061035156,209.96275329589844,95.29554748535156,58.30098342895508
2017-06-13,33.7866096496582,120.4800033569336,210.9894561767578,95.31089782714844,58.432186126708984
2017-06-14,33.77848434448242,119.81999969482422,210.72195434570312,96.78216552734375,58.515079498291016
2017-06-15,33.42914962768555,119.31999969482422,210.31643676757812,96.62890625,58.81203842163086
2017-06-16,33.48603820800781,119.33999633789062,210.3623809814453,96.82048034667969,58.660099029541016
2017-06-19,33.81911087036133,118.43000030517578,212.11370849609375,96.68253326416016,58.6670036315918
2017-06-20,33.445316314697266,118.18000030517578,210.68325805664062,97.5484390258789,58.52890396118164
2017-06-21,33.518768310546875,118.5199966430664,210.63121032714844,97.7476806640625,58.41147994995117
2017-06-22,33.690155029296875,118.91999816894531,210.5358428955078,97.9622573852539,58.46672439575195
2017-06-23,33.86970901489258,119.43000030517578,210.7872772216797,97.91627502441406,58.669612884521484
2017-06-26,34.19615936279297,118.36000061035156,210.92596435546875,98.28408813476562,59.087955474853516
2017-06-27,33.79624938964844,118.80999755859375,209.22671508789062,97.23426055908203,58.558074951171875
2017-06-28,34.05741882324219,118.9000015258789,211.09939575195312,96.91244506835938,58.69751739501953
2017-06-29,33.6248664855957,118.31999969482422,209.24404907226562,96.10015869140625,58.0281982421875
2017-06-30,33.779937744140625,118.0199966430664,209.63417053222656,95.87794494628906,58.0281982421875
2017-07-03,33.9758186340332,116.08999633789062,209.98965454101562,95.5692367553711,58.767208099365234
2017-07-05,33.9105110168457,116.5199966430664,210.47515869140625,95.59231567382812,57.93754196166992
2017-07-06,33.5024528503418,116.47000122070312,208.55047607421875,94.80137634277344,56.84992980957031
2017-07-07,33.56773376464844,115.27999877929688,209.90292358398438,94.23318481445312,57.170631408691406
2017-07-10,33.88602828979492,115.47000122070312,210.1283721923828,94.37139129638672,56.647727966308594
2017-07-11,34.163516998291016,115.62000274658203,209.9723358154297,94.53262329101562,56.58498764038086
2017-07-12,34.824588775634766,116.02999877929688,211.55020141601562,95.18536376953125,57.282188415527344
2017-07-13,34.9959831237793,115.81999969482422,211.90562438964844,94.58638000488281,57.3728141784668
2017-07-14,35.43669128417969,116.7699966430664,212.8939666748047,94.70159149169922,57.92361068725586
2017-07-17,35.273468017578125,117.29000091552734,212.86801147460938,94.96266174316406,58.3907356262207
2017-07-18,35.37956619262695,118.11000061035156,212.98068237304688,95.79193878173828,58.265235900878906
2017-07-19,35.673362731933594,118.08000183105469,214.13377380371094,95.83035278320312,58.704463958740234
2017-07-20,35.63256072998047,118.23999786376953,214.2291259765625,96.10676574707031,58.43257141113281
2017-07-21,35.60807800292969,119.26000213623047,214.03839111328125,96.51375579833984,58.3907356262207
2017-07-24,35.714176177978516,119.30999755859375,213.98641967773438,96.13748931884766,58.27918243408203
2017-07-25,35.62440872192383,118.91999816894531,214.506591796875,94.88589477539062,58.355873107910156
2017-07-26,35.918216705322266,119.87999725341797,214.5151824951172,95.0394515991211,58.760257720947266
2017-07-27,35.72233581542969,119.79000091552734,214.31585693359375,94.571044921875,58.8299674987793
2017-07-28,35.70601272583008,120.69000244140625,214.06442260742188,95.13158416748047,58.669612884521484
2017-07-31,35.746826171875,120.75,213.94305419921875,95.24677276611328,58.746307373046875
2017-08-01,35.85292053222656,120.6500015258789,214.4198455810547,95.91545104980469,59.01123809814453
2017-08-02,35.885562896728516,120.4000015258789,214.52395629882812,95.96936798095703,58.474395751953125
2017-08-03,35.73866271972656,120.58999633789062,214.10777282714844,96.96206665039062,58.355873107910156
2017-08-04,35.86924743652344,119.6500015258789,214.4978790283203,96.13863372802734,58.55110549926758
2017-08-07,36.11408615112305,119.51000213623047,214.89671325683594,96.24640655517578,58.48833465576172
2017-08-08,36.12224578857422,119.86000061035156,214.36782836914062,95.900146484375,58.209476470947266
2017-08-09,35.795799255371094,121.30999755859375,214.3592071533203,96.4233627319336,58.01425552368164
2017-08-10,34.9470100402832,122.20999908447266,211.33346557617188,97.24677276611328,57.59592056274414
2017-08-11,35.02861404418945,122.79000091552734,211.6455841064453,97.29295349121094,57.24034881591797
2017-08-14,35.38772964477539,121.91999816894531,213.74363708496094,96.79275512695312,58.19551086425781
2017-08-15,35.42852783203125,120.9800033569336,213.71755981445312,96.38487243652344,58.0212287902832
2017-08-16,35.795799255371094,121.87000274658203,214.09043884277344,96.73888397216797,58.25130844116211
2017-08-17,35.33875274658203,122.48999786376953,210.75257873535156,97.46228790283203,57.888763427734375
2017-08-18,35.64072799682617,122.30000305175781,210.42311096191406,97.43914031982422,57.303104400634766
2017-08-21,35.771305084228516,122.76000213623047,210.58786010742188,97.67777252197266,57.9166374206543
2017-08-22,36.17121887207031,122.20999908447266,212.78997802734375,97.30069732666016,57.74930953979492
2017-08-23,36.34259796142578,122.66999816894531,212.02703857421875,97.96246337890625,58.341922760009766
2017-08-24,36.45685958862305,122.29000091552734,211.53286743164062,97.60079193115234,58.16065979003906
2017-08-25,36.669063568115234,122.73999786376953,212.02703857421875,97.97785186767578,58.439537048339844
2017-08-28,36.53847122192383,124.69000244140625,212.0357208251953,97.91629791259766,57.99332809448242
2017-08-29,36.47319030761719,124.41999816894531,212.27842712402344,98.2318115234375,57.93058395385742
2017-08-30,36.53031921386719,124.36000061035156,213.2841033935547,98.20101928710938,58.258270263671875
2017-08-31,36.58744430541992,125.81999969482422,214.56727600097656,98.4934310913086,58.592918395996094
2017-09-01,36.856773376464844,126.05999755859375,214.87069702148438,97.74005889892578,58.79512023925781
2017-09-05,36.3752555847168,127.45999908447266,213.32749938964844,99.29002380371094,58.634761810302734
2017-09-06,36.61193084716797,126.80999755859375,214.05575561523438,98.68083953857422,58.788143157958984
2017-09-07,36.881248474121094,128.1300048828125,214.02975463867188,99.69102478027344,59.164642333984375
2017-09-08,36.63641357421875,127.97000122070312,213.77835083007812,99.47509002685547,59.213436126708984
2017-09-11,37.126102447509766,126.19000244140625,216.05853271484375,98.28755950927734,59.75725555419922
2017-09-12,37.08528518676758,126.55999755859375,216.78671264648438,97.77090454101562,59.05308532714844
2017-09-13,36.88941192626953,125.61000061035156,216.89076232910156,97.38536834716797,58.89970016479492
2017-09-14,36.987342834472656,126.16000366210938,216.82139587402344,97.78631591796875,59.38774108886719
2017-09-15,37.20771026611328,125.52999877929688,217.11329650878906,97.82492065429688,59.499298095703125
2017-09-18,37.338294982910156,124.36000061035156,217.5750274658203,97.26195526123047,59.178565979003906
2017-09-19,37.41990280151367,124.62000274658203,217.7928466796875,97.02290344238281,58.788143157958984
2017-09-20,37.24851608276367,123.62000274658203,217.87124633789062,97.09231567382812,58.62777328491211
2017-09-21,37.24851608276367,122.68000030517578,217.28756713867188,97.03832244873047,58.51625061035156
2017-09-22,37.03632736206055,123.23999786376953,217.33111572265625,97.31594848632812,58.10348892211914
2017-09-25,36.407894134521484,124.52999877929688,216.88671875,97.92513275146484,58.44158935546875
2017-09-26,36.309967041015625,123.13999938964844,217.01739501953125,97.7477798461914,58.54018020629883
2017-09-27,36.17937088012695,121.9800033569336,217.86256408691406,96.2749252319336,58.011898040771484
2017-09-28,36.15489196777344,122.20999908447266,218.12400817871094,95.98960876464844,58.40633773803711
2017-09-29,36.571128845214844,121.58000183105469,218.8906707763672,96.20553588867188,58.52607345581055
2017-10-02,36.57928466796875,120.7699966430664,219.84036254882812,96.02935791015625,58.44158935546875
2017-10-03,37.158748626708984,120.83000183105469,220.3108673095703,96.12210845947266,58.357032775878906
2017-10-04,37.15058135986328,121.16999816894531,220.57225036621094,96.12979888916016,58.652889251708984
2017-10-05,37.42806625366211,120.5199966430664,221.87916564941406,95.7666244506836,58.864192962646484
2017-10-06,37.240360260009766,121.08999633789062,221.62646484375,95.49620819091797,58.67400360107422
2017-10-09,37.21586990356445,122.08000183105469,221.2605743408203,95.79757690429688,58.81487274169922
2017-10-10,37.5831298828125,122.4000015258789,221.84429931640625,95.95209503173828,58.99097442626953
2017-10-11,37.7545166015625,122.79000091552734,222.1927947998047,96.13755798339844,59.18819808959961
2017-10-12,37.73820495605469,122.88999938964844,221.86172485351562,96.54701232910156,59.56855010986328
2017-10-13,38.08098220825195,123.81999969482422,222.13182067871094,97.24247741699219,59.7235107421875
2017-10-16,38.056495666503906,122.97000122070312,222.42808532714844,97.17292785644531,59.427703857421875
2017-10-17,37.86061477661133,122.12999725341797,222.58486938476562,97.29654693603516,59.49812698364258
2017-10-18,37.95039749145508,121.66999816894531,222.8026885986328,96.65524291992188,59.43471908569336
2017-10-19,37.61577606201172,122.38999938964844,222.8636932373047,96.8251953125,59.258644104003906
2017-10-20,37.7545166015625,121.61000061035156,224.0137939453125,95.79757690429688,58.92055130004883
2017-10-23,37.45255661010742,121.80000305175781,223.1425323486328,95.9675521850586,58.69514465332031
2017-10-24,37.45255661010742,121.33000183105469,223.53457641601562,95.37255096435547,58.34296417236328
2017-10-25,37.37093734741211,121.3499984741211,222.42808532714844,94.91667175292969,58.173912048339844
2017-10-26,37.11792755126953,120.33000183105469,222.715576171875,94.59989929199219,57.694950103759766
2017-10-27,37.65658187866211,120.9000015258789,224.53651428222656,95.22573852539062,57.95555114746094
2017-10-30,37.41990280151367,121.12999725341797,223.70013427734375,96.13755798339844,57.9062614440918
2017-10-31,37.77084732055664,120.66999816894531,224.04861450195312,96.16844940185547,57.89921188354492
2017-11-01,37.96672058105469,121.11000061035156,224.3448944091797,96.59659576416016,58.18095397949219
2017-11-02,38.015689849853516,121.19000244140625,224.43194580078125,97.0224838256836,58.67400360107422
2017-11-03,37.81980895996094,120.62000274658203,225.1812744140625,97.28577423095703,58.52607345581055
2017-11-06,38.244205474853516,121.6500015258789,225.52981567382812,97.64971160888672,58.92055130004883
2017-11-07,37.99936294555664,121.20999908447266,225.3730010986328,98.06008911132812,59.39952087402344
2017-11-08,38.17890930175781,121.62999725341797,225.7563018798828,97.8432846069336,59.69535827636719
2017-11-09,37.942237854003906,122.12999725341797,224.93734741210938,97.56450653076172,59.75875473022461
2017-11-10,37.77900695800781,121.12999725341797,224.8676300048828,96.09332275390625,59.8221321105957
2017-11-13,37.6973876953125,121.30999755859375,225.07672119140625,96.29463958740234,60.125003814697266
2017-11-14,37.44439697265625,121.55999755859375,224.553955078125,96.94506072998047,59.998233795166016
2017-11-15,37.24851608276367,121.41000366210938,223.4300079345703,97.9981460571289,59.392459869384766
2017-11-16,38.02384567260742,121.4000015258789,225.32940673828125,97.14640045166016,59.885536193847656
2017-11-17,38.21156311035156,122.86000061035156,224.66726684570312,97.86651611328125,59.62492752075195
2017-11-20,38.40743637084961,121.30999755859375,225.05059814453125,97.82778930664062,59.44883346557617
2017-11-21,38.921592712402344,121.51000213623047,226.52304077148438,98.13752746582031,59.8925666809082
2017-11-22,39.019535064697266,122.62999725341797,226.32269287109375,98.45497131347656,59.75875473022461
2017-11-24,38.93792724609375,122.31999969482422,226.84544372558594,98.18397521972656,59.83622360229492
2017-11-27,38.36662673950195,122.83000183105469,226.73219299316406,98.04459381103516,59.55447769165039
2017-11-28,38.65227508544922,122.80999755859375,229.0323028564453,98.17622375488281,59.32908630371094
2017-11-29,38.0401725769043,122.04000091552734,228.89291381835938,97.20833587646484,59.35020065307617
2017-11-30,37.62392807006836,121.0999984741211,230.89691162109375,96.88314819335938,59.44178009033203
2017-12-01,37.41173553466797,121.58999633789062,230.4176788330078,98.1905288696289,59.58264923095703
2017-12-04,37.48519515991211,121.18000030517578,230.1388702392578,98.23709106445312,59.28681182861328
2017-12-05,37.46071243286133,120.31999969482422,229.3111572265625,98.72587585449219,58.79376220703125
2017-12-06,36.954708099365234,120.06999969482422,229.35467529296875,99.06729125976562,58.73741912841797
2017-12-07,37.06081008911133,118.48999786376953,230.077880859375,98.29134368896484,58.88533401489258
2017-12-08,37.49335479736328,118.4800033569336,231.3325958251953,98.29914855957031,59.18819808959961
2017-12-11,37.68106460571289,118.01000213623047,232.0294952392578,98.097412109375,59.18115997314453
2017-12-12,37.42806625366211,118.1500015258789,232.43894958496094,98.05862426757812,59.469947814941406
2017-12-13,37.87694549560547,119.16999816894531,232.4128875732422,98.79573822021484,59.56855010986328
2017-12-14,37.599456787109375,118.93000030517578,231.46319580078125,99.2147216796875,59.55447769165039
2017-12-15,37.68106460571289,119.18000030517578,233.39068603515625,99.58718872070312,59.92778396606445
2017-12-18,38.10546112060547,119.7300033569336,234.87069702148438,98.67935943603516,60.32222366333008
2017-12-19,37.90413284301758,119.81999969482422,233.96868896484375,97.39908599853516,59.0402717590332
2017-12-20,37.95383834838867,120.13999938964844,233.84608459472656,96.32061004638672,58.357032775878906
2017-12-21,38.202388763427734,120.30999755859375,234.32777404785156,96.8819808959961,58.13102722167969
2017-12-22,38.525508880615234,120.94000244140625,234.26641845703125,97.01417541503906,58.53157043457031
2017-12-26,38.492366790771484,121.7699966430664,233.9861602783203,97.30186462402344,58.82483673095703
2017-12-27,38.591793060302734,122.2300033569336,234.1000518798828,98.56925201416016,59.017974853515625
2017-12-28,38.85691452026367,122.8499984741211,234.58169555664062,98.48373413085938,59.332679748535156
2017-12-29,39.0391845703125,123.6500015258789,233.69715881347656,98.63924407958984,59.354148864746094
2018-01-02,39.776554107666016,125.1500015258789,235.3698272705078,97.57400512695312,59.13240432739258
2018-01-03,40.15766906738281,124.81999969482422,236.85858154296875,98.04051208496094,58.960723876953125
2018-01-04,40.356510162353516,125.45999908447266,237.8568878173828,98.02498626708984,57.9450569152832
2018-01-05,40.70448303222656,125.33000183105469,239.4419403076172,97.74505615234375,57.97365188598633
2018-01-08,40.70448303222656,125.30999755859375,239.87982177734375,97.68287658691406,58.274070739746094
2018-01-09,40.638206481933594,124.7300033569336,240.42274475097656,96.37659454345703,57.52304458618164
2018-01-10,40.38136291503906,125.02999877929688,240.0549774169922,96.25993347167969,56.8792724609375
2018-01-11,40.62991714477539,125.44000244140625,241.8063507080078,96.656494140625,56.6861572265625
2018-01-12,41.019317626953125,126.95999908447266,243.3827667236328,96.81975555419922,56.228355407714844
2018-01-16,40.86189651489258,127.16999816894531,242.55079650878906,97.22411346435547,56.335655212402344
2018-01-17,41.40042495727539,126.13999938964844,244.8627166748047,97.09191131591797,56.72905349731445
2018-01-18,41.45013427734375,125.86000061035156,244.45111083984375,96.18998718261719,55.999473571777344
2018-01-19,41.78982925415039,126.41999816894531,245.56341552734375,95.68455505371094,56.29989242553711
2018-01-22,42.03009796142578,126.6500015258789,247.55992126464844,95.77784729003906,56.814876556396484
2018-01-23,42.228939056396484,127.27999877929688,248.0854949951172,96.18998718261719,57.60171127319336
2018-01-24,42.5851936340332,128.8300018310547,247.98904418945312,95.66905975341797,57.30128860473633
2018-01-25,42.560333251953125,127.97000122070312,248.0940704345703,96.45435333251953,57.201133728027344
2018-01-26,43.148582458496094,128.07000732421875,250.966552734375,96.0966796875,57.00089645385742
2018-01-29,42.494056701660156,127.3499984741211,249.3026580810547,95.42797088623047,56.235504150390625
2018-01-30,41.914100646972656,126.80000305175781,246.7455596923828,94.8681640625,55.827796936035156
2018-01-31,42.27864456176758,127.6500015258789,246.8681640625,95.42797088623047,56.82920837402344
2018-02-01,41.70698165893555,128.07000732421875,246.58799743652344,94.04495239257812,55.60607147216797
2018-02-02,40.638206481933594,126.38999938964844,241.21969604492188,93.17228698730469,55.13398361206055
2018-02-05,39.21316909790039,126.70999908447266,231.13131713867188,94.05276489257812,53.4959831237793
2018-02-06,40.489070892333984,125.37999725341797,235.68502807617188,93.46839904785156,53.503150939941406
2018-02-07,39.21316909790039,124.79000091552734,234.40652465820312,92.58013153076172,53.27425003051758
2018-02-08,37.85441970825195,124.9800033569336,225.61415100097656,92.4788818359375,51.7435417175293
2018-02-09,38.459224700927734,124.7699966430664,229.00326538085938,91.89447784423828,53.03819274902344
2018-02-12,39.06404113769531,125.37000274658203,232.36607360839844,92.29963684082031,53.05965805053711
2018-02-13,39.3623046875,126.08000183105469,232.9440460205078,92.7126235961914,53.43160629272461
2018-02-14,40.34822082519531,128.22999572753906,236.087890625,91.6841049194336,53.04535675048828
2018-02-15,41.176727294921875,128.3800048828125,239.10044860839844,91.9957504272461,53.56035232543945
2018-02-16,41.04417037963867,127.95999908447266,239.17050170898438,92.49442291259766,53.85361099243164
2018-02-20,40.48078155517578,126.23999786376953,237.67298889160156,92.08927917480469,53.21702575683594
2018-02-21,40.44763946533203,125.66000366210938,236.49075317382812,90.95946502685547,52.16556167602539
2018-02-22,40.472503662109375,126.30000305175781,236.79721069335938,91.23218536376953,52.75925064086914
2018-02-23,41.193302154541016,126.13999938964844,240.57164001464844,92.04252624511719,53.603275299072266
2018-02-26,41.57441329956055,126.44999694824219,243.36520385742188,92.07367706298828,53.75346755981445
2018-02-27,40.36479187011719,125.12999725341797,240.32643127441406,91.94123840332031,52.50175094604492
2018-02-28,39.78484344482422,125.0,237.89190673828125,92.52558135986328,52.46598434448242
2018-03-01,39.71028137207031,124.72000122070312,234.432861328125,93.1572036743164,52.516048431396484
2018-03-02,39.87598419189453,125.38999938964844,235.64134216308594,92.39994049072266,52.494590759277344
2018-03-05,39.933963775634766,125.18000030517578,238.36474609375,92.15005493164062,53.08827209472656
2018-03-06,40.30679702758789,126.52999877929688,238.9691162109375,92.23594665527344,53.338623046875
2018-03-07,40.34822082519531,125.72000122070312,238.8814697265625,92.1344223022461,53.667659759521484
2018-03-08,40.356510162353516,125.41999816894531,240.03749084472656,92.66537475585938,53.767799377441406
2018-03-09,41.21815872192383,125.54000091552734,244.21473693847656,92.056396484375,54.06106185913086
2018-03-12,41.31757736206055,125.54000091552734,243.9081573486328,92.58728790283203,54.29710006713867
2018-03-13,40.94474792480469,125.77999877929688,242.331787109375,93.05572509765625,54.347190856933594
2018-03-14,41.01103210449219,125.69999694824219,241.08837890625,93.8755111694336,54.39723587036133
2018-03-15,40.86189651489258,124.9000015258789,240.82565307617188,93.8755111694336,54.382930755615234
2018-03-16,40.77075958251953,124.5999984741211,241.0867462158203,93.53978729248047,54.76204299926758
2018-03-19,40.3316535949707,124.87000274658203,237.82479858398438,93.24307250976562,54.289939880371094
2018-03-20,40.779052734375,124.30999755859375,238.2292938232422,92.86835479736328,54.10397720336914
2018-03-21,41.019317626953125,126.4800033569336,237.7720184326172,92.96985626220703,53.70342254638672
2018-03-22,39.65228271484375,125.9800033569336,231.82843017578125,93.89111328125,53.388694763183594
2018-03-23,38.8486328125,127.61000061035156,226.8870391845703,93.82080841064453,52.437355041503906
2018-03-26,40.10795593261719,128.27999877929688,233.09445190429688,93.46172332763672,53.033958435058594
2018-03-27,39.378868103027344,127.48999786376953,229.12913513183594,94.46099853515625,53.236148834228516
2018-03-28,39.18002700805664,125.7300033569336,228.45208740234375,94.71090698242188,54.572303771972656
2018-03-29,40.0002555847168,125.79000091552734,231.37120056152344,95.17149353027344,54.50731658935547
2018-04-02,39.279457092285156,127.26000213623047,226.37709045410156,95.35929870605469,53.77060317993164
2018-04-03,39.668846130371094,126.30000305175781,229.278564453125,94.62383270263672,54.225643157958984
2018-04-04,39.685420989990234,126.44999694824219,231.73175048828125,94.42820739746094,54.796199798583984
2018-04-05,39.78484344482422,125.80000305175781,233.56053161621094,93.72402954101562,54.7745246887207
2018-04-06,39.006046295166016,126.38999938964844,228.35540771484375,94.74900817871094,54.36284255981445
2018-04-09,39.04746627807617,126.81999969482422,229.4808349609375,94.90550231933594,54.189510345458984
2018-04-10,39.80970001220703,127.12000274658203,233.12974548339844,94.73336029052734,54.1317253112793
2018-04-11,39.826271057128906,128.11000061035156,231.90753173828125,95.0698013305664,54.24729919433594
2018-04-12,39.80970001220703,126.62000274658203,233.81536865234375,94.37342834472656,53.640625
2018-04-13,39.41201400756836,127.44999694824219,233.12974548339844,94.5925064086914,53.922298431396484
2018-04-16,39.46172332763672,127.62999725341797,235.04638671875,94.62383270263672,54.254520416259766
2018-04-17,39.5445671081543,127.75,237.56105041503906,94.88200378417969,54.89009475708008
2018-04-18,39.88426208496094,127.8499984741211,237.73684692382812,94.1230697631836,54.7745246887207
2018-04-19,39.65228271484375,127.5999984741211,236.41802978515625,93.35631561279297,53.98006820678711
2018-04-20,39.15518569946289,126.62999725341797,234.4133758544922,92.6834487915039,53.481719970703125
2018-04-23,38.8403434753418,125.62000274658203,234.37815856933594,92.70692443847656,53.438392639160156
2018-04-24,38.65806579589844,126.2300033569336,231.2217254638672,92.28445434570312,53.640625
2018-04-25,38.35981750488281,125.41000366210938,231.793212890625,91.66635131835938,53.53951644897461
2018-04-26,38.9149169921875,124.97000122070312,234.14955139160156,92.30795288085938,54.24007034301758
2018-04-27,39.15518569946289,125.5,234.36941528320312,93.0198974609375,55.1717529296875
2018-04-30,38.87348175048828,124.58999633789062,232.5670166015625,93.1842041015625,54.955101013183594
2018-05-01,38.68292999267578,123.70999908447266,232.9802703857422,92.84857940673828,55.45341873168945
2018-05-02,38.376380920410156,123.6500015258789,231.41522216796875,92.74662017822266,55.251197814941406
2018-05-03,38.29353332519531,124.27999877929688,230.9051971435547,93.16223907470703,55.215087890625
2018-05-04,38.46751403808594,124.54000091552734,233.89459228515625,93.3033676147461,55.8217658996582
2018-05-07,38.24382019042969,124.56999969482422,234.6859588623047,93.15440368652344,56.19734573364258
2018-05-08,38.459224700927734,124.58999633789062,234.6859588623047,93.06817626953125,55.915672302246094
2018-05-09,38.533790588378906,124.33000183105469,236.95436096191406,92.51146697998047,56.291236877441406
2018-05-10,39.33744812011719,125.18000030517578,239.1700439453125,93.25633239746094,56.73179626464844
2018-05-11,39.27116394042969,125.0,239.89976501464844,93.4915771484375,56.536773681640625
2018-05-14,39.32088088989258,124.48999786376953,240.01412963867188,92.9975814819336,56.052886962890625
2018-05-15,38.508941650390625,122.4800033569336,238.3612060546875,91.93902587890625,55.142852783203125
2018-05-16,39.088897705078125,122.29000091552734,239.3634490966797,91.58617401123047,54.97675704956055
2018-05-17,38.492366790771484,122.36000061035156,239.16122436523438,91.12352752685547,54.70229721069336
2018-05-18,38.169254302978516,122.41000366210938,238.56333923339844,91.90763092041016,54.7745246887207
2018-05-21,38.4012336730957,122.4800033569336,240.35690307617188,91.9546890258789,55.42454147338867
2018-05-22,38.533790588378906,122.41000366210938,239.68875122070312,91.81358337402344,55.503997802734375
2018-05-23,38.517234802246094,122.54000091552734,240.3482208251953,92.48006439208984,56.060123443603516
2018-05-24,38.31010437011719,123.58999633789062,239.85580444335938,93.21715545654297,55.94456100463867
2018-05-25,38.46751403808594,123.20999908447266,239.28433227539062,93.79740142822266,56.139549255371094
2018-05-29,37.57272720336914,123.19000244140625,236.53231811523438,95.85179901123047,56.40677261352539
2018-05-30,37.87098693847656,123.37000274658203,239.68875122070312,95.20883178710938,57.17237091064453
2018-05-31,37.85441970825195,123.0999984741211,238.22044372558594,95.0519790649414,56.97734451293945
2018-06-01,38.384666442871094,122.48999786376953,240.5592041015625,94.54978942871094,57.23014831542969
2018-06-04,38.77406311035156,122.37000274658203,241.7021942138672,93.86599731445312,57.72847366333008
2018-06-05,38.47580337524414,122.8499984741211,241.87811279296875,94.08604431152344,57.57679748535156
2018-06-06,39.05575942993164,122.91999816894531,243.90029907226562,93.32368469238281,57.71403884887695
2018-06-07,38.459224700927734,122.86000061035156,243.87391662597656,94.22749328613281,57.71403884887695
2018-06-08,38.384666442871094,123.01000213623047,244.59486389160156,93.94461822509766,57.923484802246094
2018-06-11,38.384666442871094,123.2300033569336,244.92019653320312,93.77165985107422,57.83679962158203
2018-06-12,38.28523635864258,122.81999969482422,245.23672485351562,93.79527282714844,58.1834831237793
2018-06-13,38.028404235839844,123.19000244140625,244.45423889160156,93.74809265136719,57.0495719909668
2018-06-14,37.77157211303711,123.37999725341797,245.06971740722656,94.52619171142578,57.591270446777344
2018-06-15,37.47330856323242,121.33999633789062,244.75706481933594,94.61263275146484,57.55513381958008
2018-06-18,37.01762390136719,121.11000061035156,244.253662109375,94.52619171142578,57.57118225097656
2018-06-19,36.6090202331543,120.80000305175781,243.3175048828125,95.07637023925781,57.51286315917969
2018-06-20,36.767459869384766,120.26000213623047,243.7325439453125,94.24324798583984,58.154327392578125
2018-06-21,36.25042724609375,120.05000305175781,242.20460510253906,94.73844146728516,58.43132400512695
2018-06-22,36.62568664550781,120.33999633789062,242.64617919921875,94.73055267333984,58.89055633544922
2018-06-25,36.13368225097656,119.88999938964844,239.3430633544922,94.94271087646484,58.73747634887695
2018-06-26,35.991912841796875,119.26000213623047,239.8730926513672,95.07637023925781,58.926998138427734
2018-06-27,35.299766540527344,118.58000183105469,237.8858642578125,95.97232818603516,58.70103454589844
2018-06-28,35.59996795654297,118.22000122070312,239.24594116210938,95.99591064453125,59.225868225097656
2018-06-29,36.13368225097656,118.6500015258789,239.59046936035156,95.66584014892578,59.37163162231445
2018-07-02,35.77509307861328,117.45999908447266,240.10267639160156,95.59098815917969,59.04362869262695
2018-07-03,35.80011749267578,118.6500015258789,239.25477600097656,96.10298919677734,59.4882926940918
2018-07-05,35.708377838134766,119.05000305175781,241.20664978027344,96.37874603271484,60.195335388183594
2018-07-06,36.20039367675781,118.86000061035156,243.24681091308594,96.69380950927734,60.51607131958008
2018-07-09,36.85084915161133,119.1500015258789,245.43714904785156,96.07146453857422,60.03499221801758
2018-07-10,36.767459869384766,118.93000030517578,246.3203125,96.06363677978516,60.158897399902344
2018-07-11,36.05029296875,117.63999938964844,244.51866149902344,96.43389892578125,59.96207046508789
2018-07-12,36.54228973388672,118.12999725341797,246.73538208007812,96.42597198486328,60.14432907104492
2018-07-13,36.56732177734375,117.61000061035156,246.92970275878906,96.67017364501953,59.96207046508789
2018-07-16,36.3671760559082,117.55000305175781,246.70899963378906,96.2684326171875,59.641357421875
2018-07-17,36.63402557373047,116.27999877929688,247.70687866210938,96.08727264404297,59.247711181640625
2018-07-18,36.59233093261719,116.30999755859375,248.22799682617188,95.70126342773438,58.98530960083008
2018-07-19,36.14202117919922,115.80999755859375,247.29177856445312,96.30782318115234,59.677791595458984
2018-07-20,36.65904998779297,116.55999755859375,247.00912475585938,95.12620544433594,59.101932525634766
2018-07-23,36.417213439941406,116.0,247.46847534179688,93.95252227783203,58.97801971435547
2018-07-24,36.950927734375,116.04000091552734,248.71363830566406,94.27550506591797,58.67916488647461
2018-07-25,37.55133819580078,116.68000030517578,250.83335876464844,94.12580871582031,59.14569091796875
2018-07-26,37.134376525878906,115.7699966430664,250.24160766601562,93.94464874267578,59.342491149902344
2018-07-27,37.26780319213867,115.83000183105469,248.5458984375,94.10216522216797,58.70832824707031
2018-07-30,37.209434509277344,115.6500015258789,247.2476043701172,93.77916717529297,58.74475860595703
2018-07-31,37.409576416015625,115.98999786376953,248.4664306640625,94.29120635986328,59.72882080078125
2018-08-01,37.07600784301758,115.13999938964844,248.05137634277344,93.52304077148438,60.15159225463867
2018-08-02,36.583984375,114.5199966430664,249.40269470214844,93.65728759765625,59.91105270385742
2018-08-03,36.86751937866211,114.91999816894531,250.4712677001953,94.12307739257812,60.559791564941406
2018-08-06,36.583984375,114.33000183105469,251.38978576660156,94.17833709716797,60.479618072509766
2018-08-07,36.959251403808594,114.58999633789062,252.2198486328125,93.6888198852539,60.370296478271484
2018-08-08,36.909217834472656,114.91000366210938,252.11402893066406,93.7835922241211,60.02040481567383
2018-08-09,36.800819396972656,114.73999786376953,251.76956176757812,94.57305908203125,60.049560546875
2018-08-10,36.016929626464844,114.69000244140625,250.08265686035156,95.25994873046875,59.5903205871582
2018-08-13,35.42485046386719,112.95999908447266,249.1465606689453,95.0625991821289,59.47368621826172
2018-08-14,35.64167022705078,113.06999969482422,250.73617553710938,94.84940338134766,59.76527786254883
2018-08-15,34.61594009399414,111.19000244140625,248.86386108398438,95.40202331542969,60.22450256347656
2018-08-16,34.832767486572266,111.0999984741211,250.8775634765625,95.39420318603516,60.71287155151367
2018-08-17,35.1996955871582,112.12999725341797,251.76072692871094,95.51258850097656,61.274166107177734
2018-08-20,35.358131408691406,112.69000244140625,252.29946899414062,96.15205383300781,61.317901611328125
2018-08-21,35.80845260620117,113.0199966430664,252.8911895751953,95.828369140625,60.946136474609375
2018-08-22,36.091983795166016,113.2699966430664,252.74107360839844,96.20733642578125,60.60354995727539
2018-08-23,35.508235931396484,112.19999694824219,252.40545654296875,96.35729217529297,60.450469970703125
2018-08-24,36.167030334472656,114.16000366210938,253.92446899414062,96.54682922363281,60.80763244628906
2018-08-27,36.684059143066406,114.58999633789062,255.92933654785156,95.99417877197266,60.588966369628906
2018-08-28,36.550636291503906,113.68000030517578,256.0530090332031,95.4178466796875,61.40535354614258
2018-08-29,36.77579879760742,114.19999694824219,257.4307861328125,95.54412841796875,61.41993713378906
2018-08-30,35.81679153442383,113.63999938964844,256.38861083984375,95.7494125366211,61.02631378173828
2018-08-31,36.00025177001953,113.51000213623047,256.3973693847656,95.52835083007812,61.26686096191406
2018-09-04,35.299766540527344,112.93000030517578,255.95574951171875,94.9760513305664,60.537940979003906
2018-09-05,34.791072845458984,113.31999969482422,255.26695251464844,94.72285461425781,60.88785171508789
2018-09-06,34.82443618774414,113.54000091552734,254.49855041503906,95.07099914550781,61.06277847290039
2018-09-07,34.6493034362793,113.2300033569336,254.00399780273438,94.26394653320312,60.39944839477539
2018-09-10,34.307395935058594,113.1500015258789,254.44557189941406,94.61205291748047,60.66914367675781
2018-09-11,34.382450103759766,113.22000122070312,255.28469848632812,93.8919906616211,60.6618537902832
2018-09-12,34.55757522583008,114.16999816894531,255.34640502929688,94.11354064941406,60.691001892089844
2018-09-13,35.024566650390625,113.76000213623047,256.8565979003906,94.25601959228516,60.98987579345703
2018-09-14,34.991214752197266,113.0199966430664,256.9007873535156,93.80496215820312,60.60354995727539
2018-09-17,34.6743278503418,113.61000061035156,255.5407257080078,93.80496215820312,60.800357818603516
2018-09-18,35.00788116455078,113.44000244140625,256.9273986816406,92.82381439208984,60.50877380371094
2018-09-19,35.49155807495117,113.87999725341797,257.2011413574219,92.2699203491211,59.80172348022461
2018-09-20,35.88350296020508,114.2699966430664,259.2854919433594,92.69720458984375,60.36298751831055
2018-09-21,36.05029296875,113.48999786376953,259.048583984375,92.65762329101562,60.34111404418945
2018-09-24,35.64167022705078,113.47000122070312,258.18798828125,92.42028045654297,59.25752639770508
2018-09-25,35.78343200683594,113.6500015258789,257.9483642578125,92.32530975341797,59.26492691040039
2018-09-26,35.85847854614258,113.05000305175781,257.17657470703125,92.97416687011719,58.555335998535156
2018-09-27,36.03360366821289,112.05000305175781,257.8951721191406,93.03746032714844,58.83623504638672
2018-09-28,35.79176712036133,112.76000213623047,257.9219055175781,92.7921142578125,59.634517669677734
2018-10-01,35.80011749267578,112.56999969482422,258.8178405761719,92.11094665527344,59.080142974853516
2018-10-02,35.34979248046875,113.87000274658203,258.66693115234375,92.67398834228516,58.94709396362305
2018-10-03,35.05792236328125,113.41999816894531,258.8089904785156,91.06412506103516,58.31880569458008
2018-10-04,34.182315826416016,113.4800033569336,256.7862243652344,90.42179870605469,57.83098602294922
2018-10-05,34.05722427368164,113.80000305175781,255.34906005859375,89.64458465576172,57.80141067504883
2018-10-08,34.10725784301758,112.54000091552734,255.34906005859375,89.34326934814453,58.63666915893555
2018-10-09,33.98217010498047,112.5999984741211,254.97633361816406,90.24728393554688,58.71796798706055
2018-10-10,32.9731330871582,112.87999725341797,246.90298461914062,90.00143432617188,57.84575653076172
2018-10-11,32.63956069946289,115.77999877929688,241.4646453857422,91.09581756591797,56.1900749206543
2018-10-12,33.598567962646484,115.2300033569336,244.8181610107422,90.77864074707031,56.042240142822266
2018-10-15,33.2399787902832,116.0,243.4429931640625,90.73899841308594,56.41919708251953
2018-10-16,34.07390213012695,115.80000305175781,248.76608276367188,90.94515991210938,57.57967758178711
2018-10-17,33.65694046020508,115.79000091552734,248.81048583984375,90.40589141845703,57.35792922973633
2018-10-18,32.772987365722656,115.91999816894531,245.21737670898438,90.37417602539062,57.24704360961914
2018-10-19,33.08153533935547,116.01000213623047,245.08425903320312,90.17591857910156,57.74229431152344
2018-10-22,33.440120697021484,115.70999908447266,243.98422241210938,90.05696105957031,56.93659591674805
2018-10-23,33.07319641113281,116.38999938964844,242.74215698242188,90.34248352050781,57.187931060791016
2018-10-24,32.00578689575195,116.66000366210938,235.3873291015625,91.02449798583984,57.72749328613281
2018-10-25,32.62288284301758,116.4000015258789,239.61036682128906,90.64384460449219,58.46665573120117
2018-10-26,32.247615814208984,116.7699966430664,235.396240234375,91.19102478027344,57.062259674072266
2018-10-29,31.688899993896484,116.30999755859375,234.09210205078125,90.98482513427734,57.78664016723633
2018-10-30,32.30599594116211,115.80000305175781,237.56103515625,90.53278350830078,58.57752990722656
2018-10-31,32.65623474121094,115.1500015258789,240.09835815429688,90.07281494140625,57.89010238647461
2018-11-01,33.82373046875,116.62999725341797,242.6533966064453,90.15628051757812,58.16359329223633
2018-11-02,34.04054641723633,116.6500015258789,241.21620178222656,89.03540802001953,57.68313980102539
2018-11-05,34.132266998291016,116.37000274658203,242.54698181152344,89.38520812988281,58.540565490722656
2018-11-06,34.07390213012695,116.04000091552734,244.08177185058594,89.32954406738281,58.83623504638672
2018-11-07,34.71601867675781,116.02999877929688,249.30735778808594,89.44882202148438,59.538394927978516
2018-11-08,33.815391540527344,115.77999877929688,248.8548126220703,89.4408950805664,59.58275604248047
2018-11-09,33.189945220947266,114.4800033569336,246.42401123046875,90.1086196899414,59.57537078857422
2018-11-12,32.72295379638672,113.66000366210938,241.81947326660156,90.69688415527344,59.693626403808594
2018-11-13,33.098209381103516,113.69999694824219,241.36700439453125,90.64124298095703,59.634517669677734
2018-11-14,33.29835510253906,114.63999938964844,239.71690368652344,90.69688415527344,59.48667526245117
2018-11-15,34.04054641723633,114.7699966430664,242.2187042236328,90.65708923339844,59.080142974853516
2018-11-16,34.10725784301758,115.62000274658203,242.84861755371094,91.18179321289062,59.71580505371094
2018-11-19,33.64860153198242,115.66999816894531,238.7409210205078,91.43617248535156,59.797115325927734
2018-11-20,32.923091888427734,115.66999816894531,234.32273864746094,91.468017578125,59.183616638183594
2018-11-21,33.531856536865234,115.86000061035156,235.12123107910156,91.43617248535156,59.23535919189453
2018-11-23,33.13990783691406,115.7699966430664,233.55088806152344,91.53157043457031,59.117088317871094
2018-11-26,33.548526763916016,115.63999938964844,237.3214111328125,91.32489776611328,59.22798156738281
2018-11-27,33.78202438354492,114.94999694824219,238.11996459960938,91.42822265625,59.47929763793945
2018-11-28,34.5909309387207,115.37999725341797,243.60272216796875,90.98304748535156,60.0114631652832
2018-11-29,34.290714263916016,115.73999786376953,243.07041931152344,91.3407974243164,60.02626037597656
2018-11-30,34.257362365722656,115.54000091552734,244.55197143554688,91.68265533447266,60.595401763916016
2018-12-03,34.949520111083984,116.41000366210938,247.79019165039062,92.3336181640625,60.920616149902344
2018-12-04,34.20732879638672,117.12000274658203,239.76119995117188,93.87944793701172,60.018856048583984
2018-12-06,33.890445709228516,117.13999938964844,239.3974609375,94.17424774169922,61.50456237792969
2018-12-07,33.25666046142578,118.08999633789062,233.8347625732422,94.34954833984375,60.69887924194336
2018-12-10,32.90641784667969,117.68000030517578,234.2784423828125,94.73999786376953,60.307132720947266
2018-12-11,33.15658950805664,117.54000091552734,234.33163452148438,94.72406005859375,60.33668518066406
2018-12-12,33.698631286621094,117.79000091552734,235.51158142089844,94.30169677734375,59.405357360839844
2018-12-13,33.69029998779297,117.52999877929688,235.43177795410156,94.07862091064453,59.748680114746094
2018-12-14,33.21495819091797,117.05999755859375,231.08453369140625,94.40530395507812,59.5766487121582
2018-12-17,32.90641784667969,117.87000274658203,226.55104064941406,94.9551010131836,57.33271408081055
2018-12-18,33.12987518310547,118.1500015258789,226.3026580810547,95.5238037109375,57.92361068725586
2018-12-19,32.579689025878906,117.43000030517578,222.91360473632812,96.78568267822266,57.2878303527832
2018-12-20,32.833621978759766,119.23999786376953,219.2850341796875,96.43428039550781,56.42766189575195
2018-12-21,32.605072021484375,118.72000122070312,214.79196166992188,96.41830444335938,55.642269134521484
2018-12-24,32.300357818603516,120.0199966430664,209.11654663085938,96.89754486083984,53.660118103027344
2018-12-26,32.94365692138672,119.66000366210938,219.68209838867188,95.8592300415039,55.455284118652344
2018-12-27,32.90134048461914,120.56999969482422,221.36868286132812,95.87519073486328,55.44779968261719
2018-12-28,33.21452331542969,121.05999755859375,221.08316040039062,96.68191528320312,55.627323150634766
2018-12-31,33.06216049194336,121.25,223.01959228515625,97.04927825927734,55.776920318603516
2019-01-02,33.14680099487305,121.33000183105469,223.25160217285156,97.56048583984375,54.565185546875
2019-01-03,32.54582977294922,122.43000030517578,217.92417907714844,98.67063903808594,54.946659088134766
2019-01-04,33.59541702270508,121.44000244140625,225.22369384765625,97.52850341796875,55.58992385864258
2019-01-07,33.67159652709961,121.86000061035156,226.99954223632812,97.24097442626953,56.13595199584961
2019-01-08,33.79856491088867,121.52999877929688,229.1322479248047,96.98540496826172,57.29531478881836
2019-01-09,34.39955139160156,122.30999755859375,230.20303344726562,96.83363342285156,57.2130241394043
2019-01-10,34.6450080871582,121.58999633789062,231.01510620117188,96.21065521240234,57.990936279296875
2019-01-11,34.4757194519043,121.80000305175781,231.10438537597656,96.58602905273438,58.15549087524414
2019-01-14,34.18793869018555,122.08999633789062,229.69444274902344,96.22660827636719,57.96102523803711
2019-01-15,34.424930572509766,121.87999725341797,232.3269805908203,95.87519073486328,58.51453399658203
2019-01-16,34.84815979003906,122.2699966430664,232.88912963867188,95.97103881835938,58.92591857910156
2019-01-17,35.000518798828125,122.11000061035156,234.656005859375,95.9949722290039,59.210147857666016
2019-01-18,35.16980743408203,121.0199966430664,237.77920532226562,95.49182891845703,59.4120979309082
2019-01-22,34.560367584228516,121.44999694824219,234.5668182373047,96.1387939453125,59.23258972167969
2019-01-23,34.91587829589844,121.27999877929688,235.0575408935547,96.09880065917969,59.24006271362305
2019-01-24,35.254451751708984,121.08999633789062,235.18251037597656,96.72980499267578,59.4420166015625
2019-01-25,35.71999740600586,122.86000061035156,237.1724395751953,96.26655578613281,60.182533264160156
2019-01-28,35.34756851196289,123.29000091552734,235.3699188232422,96.17073059082031,60.77340316772461
2019-01-29,35.40681457519531,123.9800033569336,235.0575408935547,96.65792083740234,61.252132415771484
2019-01-30,36.17708206176758,124.69000244140625,238.7787628173828,96.58602905273438,61.745784759521484
2019-01-31,36.48179244995117,124.75,240.875732421875,97.41670227050781,62.38904571533203
2019-02-01,36.19400405883789,124.5,240.9917449951172,96.82833862304688,61.99261474609375
2019-02-04,36.253265380859375,123.95999908447266,242.68728637695312,96.39602661132812,62.45637893676758
2019-02-05,36.752662658691406,124.27999877929688,243.70458984375,96.8363265991211,62.81542205810547
2019-02-06,36.253265380859375,123.44000244140625,243.38333129882812,96.8843765258789,62.40403747558594
2019-02-07,35.889286041259766,123.73999786376953,241.0631561279297,97.52474212646484,62.92012023925781
2019-02-08,35.68614196777344,124.20999908447266,241.3576202392578,97.9410171508789,62.92012023925781
2019-02-11,35.56764221191406,123.5999984741211,241.4915008544922,97.55677032470703,63.09217071533203
2019-02-12,35.86389923095703,123.86000061035156,244.59695434570312,97.30860900878906,62.69573974609375
2019-02-13,35.60997009277344,123.37000274658203,245.39114379882812,96.94036102294922,63.017372131347656
2019-02-14,35.677677154541016,124.05999755859375,244.84678649902344,97.49271392822266,63.219322204589844
2019-02-15,35.62689208984375,124.80000305175781,247.5149383544922,97.64483642578125,63.64566421508789
2019-02-19,35.906219482421875,126.69999694824219,247.9432830810547,97.89297485351562,63.630714416503906
2019-02-20,36.10936737060547,126.4800033569336,248.4430389404297,97.61279296875,63.2342643737793
2019-02-21,36.03318786621094,125.05000305175781,247.5595703125,96.740234375,63.29411697387695
2019-02-22,36.4310188293457,125.5,249.09445190429688,97.3166275024414,63.668128967285156
2019-02-25,36.83730697631836,125.37000274658203,249.43348693847656,97.0284423828125,63.16696548461914
2019-02-26,36.71033477783203,125.58000183105469,249.2550506591797,97.50875091552734,62.972476959228516
2019-02-27,36.39714813232422,124.69000244140625,249.1479949951172,96.40409088134766,62.6583251953125
2019-02-28,35.92314529418945,123.98999786376953,248.68399047851562,96.07583618164062,62.822879791259766
2019-03-01,35.9654655456543,121.87999725341797,250.23670959472656,95.18778228759766,62.62841796875
2019-03-04,36.01625061035156,121.55999755859375,249.326416015625,95.93389892578125,62.91262435913086
2019-03-05,36.371761322021484,121.72000122070312,248.9873504638672,96.13443756103516,63.08466339111328
2019-03-06,36.16861343383789,121.61000061035156,247.4792022705078,96.48736572265625,62.79296112060547
2019-03-07,35.499916076660156,121.51000213623047,245.40896606445312,97.11304473876953,62.6583251953125
2019-03-08,35.2459831237793,122.83999633789062,244.91824340820312,97.5221939086914,62.725643157958984
2019-03-11,35.906219482421875,122.23999786376953,248.4697723388672,97.23340606689453,63.64566421508789
2019-03-12,36.092430114746094,122.9800033569336,249.4067840576172,97.91527557373047,63.93739318847656
2019-03-13,36.1347541809082,123.83999633789062,251.0576629638672,97.73075866699219,64.25151824951172
2019-03-14,35.94007110595703,122.41000366210938,250.89707946777344,97.02484130859375,64.34876251220703
2019-03-15,36.46487808227539,122.97000122070312,252.1365966796875,97.66658782958984,64.14682006835938
2019-03-18,36.87116622924805,123.04000091552734,253.05068969726562,97.61043548583984,63.8251838684082
2019-03-19,36.88809585571289,123.37999725341797,253.11354064941406,97.39382934570312,63.630714416503906
2019-03-20,36.947349548339844,124.18000030517578,252.35165405273438,98.41260528564453,63.8251838684082
2019-03-21,36.998130798339844,123.68000030517578,255.2018585205078,98.6292495727539,64.96209716796875
2019-03-22,35.91468048095703,123.97000122070312,250.2902374267578,100.16138458251953,64.49087524414062
2019-03-25,35.999332427978516,124.91999816894531,250.10198974609375,100.32184600830078,64.57316589355469
2019-03-26,36.10936737060547,124.30000305175781,251.9662322998047,100.24962615966797,65.08924865722656
2019-03-27,35.71999740600586,123.6500015258789,250.64869689941406,101.17220306396484,64.90228271484375
2019-03-28,35.95700454711914,121.9000015258789,251.59877014160156,101.52513885498047,65.53205108642578
2019-03-29,36.32943344116211,122.01000213623047,253.1853485107422,101.42886352539062,65.4717788696289
2019-04-01,36.930416107177734,121.52999877929688,256.1877746582031,99.9881820678711,65.43413543701172
2019-04-02,36.811912536621094,121.9800033569336,256.3133850097656,100.17311096191406,65.89366149902344
2019-04-03,37.06584930419922,121.80000305175781,256.7167053222656,99.30476379394531,65.81832122802734
2019-04-04,37.29439163208008,122.11000061035156,257.3977966308594,99.58613586425781,65.7128677368164
2019-04-05,37.58218002319336,121.9800033569336,258.6436767578125,99.71479797363281,66.1723861694336
2019-04-08,37.58218002319336,122.51000213623047,258.8409118652344,99.36107635498047,65.80326080322266
2019-04-09,37.50600814819336,123.1500015258789,257.5144348144531,99.67461395263672,65.45673370361328
2019-04-10,37.68375778198242,123.52999877929688,258.3928527832031,99.91583251953125,66.05939483642578
2019-04-11,37.27745819091797,121.94999694824219,258.3208923339844,99.32894134521484,66.0141830444336
2019-04-12,37.54832077026367,121.83000183105469,260.06890869140625,98.62145233154297,66.3305892944336
2019-04-15,37.35364532470703,121.5999984741211,259.89849853515625,98.87066650390625,65.9916000366211
2019-04-16,37.63296890258789,120.51000213623047,260.06890869140625,98.25164031982422,64.5
2019-04-17,37.74300003051758,120.27999877929688,259.4323425292969,98.29183197021484,63.91239929199219
2019-04-18,37.71760940551758,120.37000274658203,259.94329833984375,98.80640411376953,64.40206146240234
2019-04-22,37.472137451171875,120.37000274658203,260.1673278808594,98.33201599121094,63.69392776489258
2019-04-23,37.55678176879883,120.12000274658203,262.50677490234375,98.54106140136719,64.53766632080078
2019-04-24,37.048912048339844,120.47000122070312,261.9241027832031,99.34500122070312,65.01228332519531
2019-04-25,36.998130798339844,120.56999969482422,261.7628479003906,99.20027160644531,64.87665557861328
2019-04-26,37.142024993896484,121.37000274658203,262.9818420410156,99.53788757324219,65.388916015625
2019-04-29,37.218204498291016,120.83000183105469,263.3940124511719,98.9028091430664,64.74858856201172
2019-04-30,37.18434524536133,121.19999694824219,263.5285339355469,99.40930938720703,65.36631774902344
2019-05-01,36.905025482177734,120.4000015258789,261.5476989746094,99.81938934326172,65.4190444946289
2019-05-02,36.98967361450195,119.94000244140625,260.9830322265625,99.34404754638672,65.48686218261719
2019-05-03,37.429813385009766,120.6500015258789,263.5375061035156,99.62606048583984,66.0443115234375
2019-05-06,36.659549713134766,120.80999755859375,262.4529113769531,99.8999252319336,65.8333969116211
2019-05-07,35.94007110595703,121.20999908447266,258.070068359375,100.66532135009766,64.64311218261719
2019-05-08,35.889286041259766,120.91000366210938,257.71148681640625,100.23027801513672,64.57533264160156
2019-05-09,35.32217025756836,121.19999694824219,256.931884765625,100.64110565185547,64.74107360839844
2019-05-10,35.533775329589844,121.43000030517578,258.222412109375,100.50415802001953,65.43413543701172
2019-05-13,34.348758697509766,122.66999816894531,251.73326110839844,101.2937240600586,65.36631774902344
2019-05-14,34.83123016357422,122.45999908447266,254.00994873046875,100.99563598632812,65.60738372802734
2019-05-15,34.89894485473633,122.38999938964844,255.49766540527344,101.61592864990234,66.05183410644531
2019-05-16,34.72965621948242,121.51000213623047,257.8638916015625,101.27761840820312,66.31551361083984
2019-05-17,34.10329055786133,120.6500015258789,256.19677734375,101.503173828125,66.18744659423828
2019-05-20,33.959388732910156,120.63999938964844,254.50279235839844,101.2937240600586,65.2307357788086
2019-05-21,34.391075134277344,120.36000061035156,256.7973327636719,101.13260650634766,65.78817749023438
2019-05-22,34.221797943115234,120.23999786376953,256.0085754394531,101.71266174316406,65.98405456542969
2019-05-23,33.78164291381836,121.16999816894531,252.8804931640625,102.85665893554688,66.13472747802734
2019-05-24,33.81549835205078,121.30000305175781,253.45416259765625,102.94529724121094,66.3381118774414
2019-05-28,33.93401336669922,120.83000183105469,251.09689331054688,103.68644714355469,65.68273162841797
2019-05-29,34.15407180786133,120.87000274658203,249.41183471679688,104.00065612792969,64.80886840820312
2019-05-30,34.340293884277344,121.69000244140625,250.09304809570312,104.89496612548828,65.0800552368164
2019-05-31,34.458797454833984,123.33000183105469,246.7229766845703,106.20814514160156,65.45673370361328
2019-06-03,34.77198028564453,125.11000061035156,246.09555053710938,106.9185791015625,65.61489868164062
2019-06-04,34.84815979003906,125.1500015258789,251.4374237060547,105.6995620727539,65.32112121582031
2019-06-05,34.5688362121582,125.47000122070312,253.6154022216797,105.10211944580078,66.68465423583984
2019-06-06,34.58576583862305,125.87999725341797,255.2646942138672,105.44121551513672,66.81273651123047
2019-06-07,34.85662078857422,126.58999633789062,257.8190612792969,106.35343933105469,67.061279296875
2019-06-10,35.22060012817383,125.33000183105469,259.0022277832031,105.35247039794922,66.84284210205078
2019-06-11,35.6184196472168,125.18000030517578,258.9394836425781,105.41700744628906,67.0236587524414
2019-06-12,35.23752975463867,125.83000183105469,258.4823913574219,105.49771881103516,67.24964141845703
2019-06-13,35.17827224731445,126.5999984741211,259.5489501953125,105.86100769042969,67.53591918945312
2019-06-14,34.78891372680664,126.55999755859375,259.26214599609375,106.12744140625,67.57357025146484
2019-06-17,34.92622756958008,126.4800033569336,259.3607482910156,106.31309509277344,68.2967758178711
2019-06-18,35.77058792114258,127.12000274658203,262.0763854980469,106.8459243774414,68.2289810180664
2019-06-19,36.06910705566406,127.88999938964844,262.6681213378906,106.9992904663086,68.59809875488281
2019-06-20,36.59790802001953,131.11000061035156,265.1776428222656,107.28189849853516,68.94463348388672
2019-06-21,36.47850036621094,131.97999572753906,264.7922058105469,106.10318756103516,67.97284698486328
2019-06-24,36.427330017089844,133.94000244140625,264.4679870605469,106.89434051513672,67.73931121826172
2019-06-25,36.05205535888672,134.1999969482422,261.8740234375,107.22539520263672,66.73737335205078
2019-06-26,36.393211364746094,132.97000122070312,261.6129150390625,106.53913879394531,65.40397644042969
2019-06-27,36.64908218383789,132.83999633789062,262.5405578613281,107.28996276855469,66.24593353271484
2019-06-28,36.59790802001953,133.1999969482422,263.8915710449219,107.21724700927734,66.47412872314453
2019-07-01,37.03288650512695,130.6199951171875,266.2872619628906,106.96647644042969,66.44367980957031
2019-07-02,36.93907165527344,133.41000366210938,266.9808044433594,107.79158020019531,67.59976196289062
2019-07-03,36.8708381652832,133.6300048828125,269.11529541015625,108.56006622314453,68.40599060058594
2019-07-05,36.61497116088867,132.13999938964844,268.80902099609375,107.12023162841797,68.16258239746094
2019-07-08,36.393211364746094,131.2899932861328,267.33203125,107.26582336425781,68.40599060058594
2019-07-09,36.28234100341797,131.75,267.66522216796875,107.22539520263672,68.63414764404297
2019-07-10,36.589378356933594,133.8300018310547,268.9441833496094,106.63484954833984,69.02965545654297
2019-07-11,36.521148681640625,132.6999969482422,269.57464599609375,105.21124267578125,68.13216400146484
2019-07-12,36.54673385620117,133.52999877929688,270.78155517578125,105.3326187133789,68.0408935546875
2019-07-15,36.68320083618164,133.52999877929688,270.8716125488281,105.93921661376953,67.98765563964844
2019-07-16,36.632022857666016,132.39999389648438,269.9979248046875,105.62374114990234,67.82793426513672
2019-07-17,36.521148681640625,134.5800018310547,268.16064453125,106.7642822265625,67.59976196289062
2019-07-18,36.74290466308594,136.47999572753906,269.14227294921875,106.77239990234375,67.59976196289062
2019-07-19,36.55525588989258,134.47000122070312,267.6473083496094,106.52162170410156,66.49693298339844
2019-07-22,36.56379699707031,134.4499969482422,268.3046875,106.72386932373047,66.43608856201172
2019-07-23,36.6064338684082,133.69000244140625,270.2232360839844,106.1415023803711,67.18907928466797
2019-07-24,36.66614532470703,134.3699951171875,271.4931640625,106.6025390625,67.24229431152344
2019-07-25,36.342041015625,133.4199981689453,270.1961669921875,106.0929183959961,66.84681701660156
2019-07-26,36.41880416870117,133.63999938964844,272.00634765625,106.34366607666016,67.15101623535156
2019-07-29,36.350563049316406,134.52999877929688,271.51104736328125,106.37605285644531,67.33355712890625
2019-07-30,36.06910705566406,134.97999572753906,270.8445739746094,106.63484954833984,67.87358856201172
2019-07-31,35.62560272216797,133.2100067138672,267.8813781738281,107.4923095703125,67.60736083984375
2019-08-01,34.92622756958008,136.41000366210938,265.5487365722656,109.62715148925781,67.60736083984375
2019-08-02,34.58506393432617,135.88999938964844,263.5491638183594,110.64022064208984,67.93441772460938
2019-08-05,33.30571746826172,137.7899932861328,255.62353515625,112.5530014038086,66.5958023071289
2019-08-06,33.7833366394043,138.91000366210938,259.2082214355469,113.45263671875,67.33355712890625
2019-08-07,33.93686294555664,141.02000427246094,259.3612976074219,113.49319458007812,67.98765563964844
2019-08-08,34.35478591918945,141.72999572753906,264.449951171875,113.73629760742188,69.18177795410156
2019-08-09,34.005096435546875,141.25999450683594,262.648681640625,113.50936889648438,69.09810638427734
2019-08-12,33.595699310302734,142.6300048828125,259.4513244628906,115.87598419189453,68.9155502319336
2019-08-13,34.02214813232422,141.77999877929688,263.4862060546875,115.4788818359375,69.01444244384766
2019-08-14,33.04132080078125,142.75,255.6956024169922,118.08057403564453,67.96483612060547
2019-08-15,33.2630729675293,143.6999969482422,256.37109375,119.39358520507812,68.64175415039062
2019-08-16,33.7236328125,142.77999877929688,260.15386962890625,118.43714141845703,69.34908294677734
2019-08-19,33.860111236572266,141.11000061035156,263.2880859375,116.74324798583984,69.8510513305664
2019-08-20,33.9283332824707,142.2100067138672,261.2707214355469,117.95088958740234,69.356689453125
2019-08-21,34.25243377685547,141.75999450683594,263.39617919921875,117.16473388671875,69.64571380615234
2019-08-22,33.80892562866211,141.39999389648438,263.3151550292969,116.38663482666016,69.96514129638672
2019-08-23,33.30571746826172,144.1699981689453,256.5511779785156,118.29940032958984,68.9840087890625
2019-08-26,33.484825134277344,144.19000244140625,259.3883056640625,117.8211898803711,69.51643371582031
2019-08-27,33.54452896118164,145.57000732421875,258.37060546875,119.63672637939453,69.31863403320312
2019-08-28,33.638343811035156,145.16000366210938,260.1898498535156,119.79070281982422,69.54683685302734
2019-08-29,34.01362609863281,144.1199951171875,263.51324462890625,119.33674621582031,70.08683013916016
2019-08-30,34.278018951416016,143.75,263.39617919921875,119.36925506591797,70.14007568359375
2019-09-03,34.06480026245117,145.75,261.8560485839844,119.52354431152344,70.8398208618164
2019-09-04,34.636234283447266,146.66000366210938,264.8282775878906,119.70216369628906,71.43305969238281
2019-09-05,35.02857208251953,143.13999938964844,268.23272705078125,117.5342788696289,70.91586303710938
2019-09-06,35.18210220336914,141.9199981689453,268.4398193359375,118.37060546875,71.07557678222656
2019-09-09,35.29296875,141.38999938964844,268.5749816894531,116.2677001953125,70.73333740234375
2019-09-10,35.31856155395508,140.17999267578125,268.5119323730469,114.22972869873047,70.00318145751953
2019-09-11,35.56590270996094,141.02999877929688,270.4212646484375,114.02678680419922,70.07923889160156
2019-09-12,35.8217658996582,141.32000732421875,271.3580017089844,113.27983093261719,70.45191192626953
2019-09-13,36.02647399902344,140.14999389648438,271.1778869628906,110.86023712158203,69.6989517211914
2019-09-16,35.7450065612793,141.32000732421875,270.34033203125,112.27302551269531,70.3073959350586
2019-09-17,35.7450065612793,141.60000610351562,271.02471923828125,112.88191986083984,71.06798553466797
2019-09-18,35.60002517700195,140.7100067138672,271.18682861328125,113.36097717285156,70.8245849609375
2019-09-19,35.45501708984375,141.27999877929688,271.16876220703125,113.7020263671875,71.07557678222656
2019-09-20,35.489139556884766,142.9499969482422,269.8875732421875,115.20409393310547,71.07557678222656
2019-09-23,35.523258209228516,143.75,269.82427978515625,115.17969512939453,71.18968200683594
2019-09-24,35.147979736328125,144.50999450683594,267.7070617675781,116.56806945800781,71.03175354003906
2019-09-25,35.12239074707031,141.8300018310547,269.2903747558594,114.863037109375,71.16974639892578
2019-09-26,35.11386489868164,141.7899932861328,268.7294616699219,115.60192108154297,71.76774597167969
2019-09-27,34.661827087402344,141.05999755859375,267.28179931640625,115.88609313964844,71.36906433105469
2019-09-30,34.857994079589844,138.8699951171875,268.52130126953125,116.17027282714844,71.49173736572266
2019-10-01,34.610652923583984,139.6300048828125,265.32733154296875,116.5199966430664,70.81707763671875
2019-10-02,34.346248626708984,141.25999450683594,260.64044189453125,116.80459594726562,70.51807403564453
2019-10-03,34.789764404296875,141.89999389648438,262.7757873535156,117.87014770507812,71.20040130615234
2019-10-04,34.94328689575195,141.89999389648438,266.3316345214844,118.7405014038086,71.62972259521484
2019-10-07,34.65329360961914,140.69000244140625,265.1825866699219,117.75626373291016,71.47640991210938
2019-10-08,34.40595245361328,141.9199981689453,261.06573486328125,118.073486328125,71.1007308959961
2019-10-09,34.67036056518555,142.0500030517578,263.5448913574219,117.40656280517578,71.23873138427734
2019-10-10,35.02857208251953,140.80999755859375,265.32733154296875,115.65787506103516,71.35372924804688
2019-10-11,35.591487884521484,140.02999877929688,268.07794189453125,114.22637939453125,71.32305908203125
2019-10-14,35.43796920776367,140.58999633789062,267.77935791015625,115.05599212646484,71.35372924804688
2019-10-15,35.753536224365234,139.61000061035156,270.43048095703125,113.6651382446289,71.44574737548828
2019-10-16,35.85588836669922,140.41000366210938,269.99615478515625,113.80342864990234,71.45341491699219
2019-10-17,35.99235153198242,140.61000061035156,270.79248046875,113.52685546875,71.92107391357422
2019-10-18,35.80471420288086,140.4600067138672,269.60711669921875,113.52685546875,72.47309112548828
2019-10-21,36.128822326660156,139.7899932861328,271.434814453125,112.67289733886719,73.02507019042969
2019-10-22,36.15439987182617,140.1999969482422,270.54815673828125,113.33167266845703,72.8104019165039
2019-10-23,36.16292953491211,140.52999877929688,271.3352966308594,113.44552612304688,72.97139739990234
2019-10-24,36.16292953491211,141.52999877929688,271.7787170410156,113.21780395507812,72.78740692138672
2019-10-25,36.41880416870117,141.86000061035156,272.8916320800781,112.66471099853516,72.16639709472656
2019-10-28,36.632022857666016,140.63999938964844,274.4298400878906,111.63994598388672,71.72940826416016
2019-10-29,36.44438171386719,140.25,274.34832763671875,111.7131118774414,72.16639709472656
2019-10-30,36.6064338684082,141.02000427246094,275.1898498535156,113.34796905517578,72.42707824707031
2019-10-31,36.31644821166992,142.42999267578125,274.4569091796875,114.8770980834961,72.29674530029297
2019-11-01,36.86231231689453,142.55999755859375,276.9993896484375,114.5234375,72.28141021728516
2019-11-04,37.229061126708984,142.14999389648438,278.11236572265625,113.0161361694336,71.775390625
2019-11-05,37.442283630371094,139.85000610351562,277.8047790527344,111.74507141113281,70.55638122558594
2019-11-06,37.322872161865234,140.4499969482422,277.8680114746094,112.42134857177734,70.7097396850586
2019-11-07,37.59580612182617,138.27000427246094,278.84521484375,110.38439178466797,70.00440979003906
2019-11-08,37.254634857177734,137.38999938964844,279.5328674316406,109.92005157470703,69.83570098876953
2019-11-11,36.9902458190918,137.05999755859375,278.9991760253906,109.99335479736328,69.98907470703125
2019-11-12,36.75143051147461,137.42999267578125,279.5872497558594,110.49847412109375,69.46006774902344
2019-11-13,36.46997833251953,137.97999572753906,279.677734375,111.2154541015625,70.09642028808594
2019-11-14,36.495567321777344,138.55999755859375,280.0848388671875,112.36428833007812,70.64073181152344
2019-11-15,36.78554916381836,138.2100067138672,282.1116943359375,112.24213409423828,71.0240707397461
2019-11-18,36.72584915161133,138.6199951171875,282.3197021484375,112.44575500488281,71.36906433105469
2019-11-19,36.8026008605957,138.69000244140625,282.2383728027344,113.38272094726562,71.49173736572266
2019-11-20,36.64054870605469,138.75999450683594,281.1885986328125,114.55601501464844,71.45341491699219
2019-11-21,36.56379699707031,138.0,280.73638916015625,113.83899688720703,70.44908905029297
2019-11-22,36.56379699707031,137.74000549316406,281.3605041503906,113.98568725585938,70.18840026855469
2019-11-25,36.930538177490234,137.0800018310547,283.541259765625,114.31976318359375,70.41075134277344
2019-11-26,36.81966018676758,137.74000549316406,284.1836242675781,114.98783111572266,71.34607696533203
2019-11-27,36.86231231689453,137.00999450683594,285.45037841796875,114.65380096435547,71.68339538574219
2019-11-29,36.28234100341797,137.86000061035156,284.3917236328125,114.40939331054688,71.35372924804688
2019-12-02,36.27379608154297,137.7899932861328,281.97601318359375,112.88394927978516,70.27273559570312
2019-12-03,36.086177825927734,139.11000061035156,280.0848388671875,115.25081634521484,70.72506713867188
2019-12-04,36.359092712402344,138.9199981689453,281.8130798339844,114.10003662109375,71.01639556884766
2019-12-05,36.521148681640625,139.0,282.3197021484375,113.54503631591797,71.05473327636719
2019-12-06,36.734371185302734,137.6199951171875,284.8984680175781,112.91661834716797,71.20040130615234
2019-12-09,36.589378356933594,137.5800018310547,284.0027160644531,113.1613998413086,71.33840942382812
2019-12-10,36.717315673828125,137.97000122070312,283.6860656738281,113.16959381103516,70.92440795898438
2019-12-11,37.254634857177734,138.9199981689453,284.4913330078125,114.05924224853516,70.2037353515625
2019-12-12,37.902835845947266,138.42999267578125,286.943359375,112.18205261230469,69.25308227539062
2019-12-13,37.88578796386719,139.0500030517578,287.11517333984375,113.47974395751953,69.26840209960938
2019-12-16,38.20723342895508,139.0399932861328,289.08770751953125,112.45954895019531,69.76673889160156
2019-12-17,38.5556755065918,139.00999450683594,289.1510925292969,112.30451202392578,69.10741424560547
2019-12-18,38.764739990234375,139.02000427246094,289.169189453125,111.38219451904297,69.94972229003906
2019-12-19,38.78216552734375,139.3800048828125,290.3544006347656,111.56037902832031,70.56964111328125
2019-12-20,38.86056900024414,139.52000427246094,291.62744140625,111.7075424194336,70.95708465576172
2019-12-23,38.91283416748047,139.9499969482422,292.0730285644531,111.5440444946289,70.6006088256836
2019-12-24,38.825721740722656,141.27000427246094,292.08209228515625,111.86283111572266,70.7865982055664
2019-12-26,39.10447692871094,142.3800048828125,293.63690185546875,112.13262939453125,71.0965576171875
2019-12-27,39.26128387451172,142.3300018310547,293.5641784667969,112.25521850585938,71.3212661743164
2019-12-30,38.99995040893555,142.6300048828125,291.9456481933594,111.84654998779297,71.39100646972656
2019-12-31,39.087059020996094,142.89999389648438,292.6549072265625,110.75110626220703,71.90245819091797
2020-01-02,39.87976837158203,143.9499969482422,295.3917541503906,112.00181579589844,71.05780792236328
2020-01-03,39.13933181762695,145.86000061035156,293.1549377441406,113.72669219970703,71.49951934814453
2020-01-06,39.04350280761719,147.38999938964844,294.27337646484375,113.08094024658203,71.58474731445312
2020-01-07,39.01736831665039,147.97000122070312,293.4459533691406,112.52499389648438,70.7865982055664
2020-01-08,39.243858337402344,146.86000061035156,295.0099182128906,111.78115844726562,71.00357055664062
2020-01-09,39.50519943237305,146.02999877929688,297.0102844238281,112.17349243164062,70.9648208618164
2020-01-10,39.714263916015625,146.91000366210938,296.15557861328125,113.17086029052734,71.50726318359375
2020-01-13,40.332763671875,145.82000732421875,298.19232177734375,112.82749938964844,72.36737823486328
2020-01-14,40.10626220703125,145.69000244140625,297.7377014160156,113.40790557861328,72.09616088867188
2020-01-15,39.792659759521484,146.5399932861328,298.4105224609375,114.159912109375,72.74708557128906
2020-01-16,40.0452880859375,146.30999755859375,300.8927917480469,113.80027770996094,73.32825469970703
2020-01-17,40.27177810668945,146.5800018310547,301.8293762207031,112.82749938964844,73.39799499511719
2020-01-21,39.2525749206543,146.74000549316406,301.2383117675781,114.01277923583984,74.09540557861328
2020-01-22,39.57488250732422,146.7899932861328,301.27459716796875,114.41338348388672,73.5994644165039
2020-01-23,39.16545486450195,147.1199951171875,301.6202697753906,115.2145004272461,74.21937561035156
2020-01-24,38.85185241699219,147.97999572753906,298.9378662109375,116.14640808105469,73.96365356445312
2020-01-27,37.51034164428711,148.99000549316406,294.14617919921875,117.9530258178711,73.60722351074219
2020-01-28,37.823936462402344,147.66000366210938,297.228515625,117.02930450439453,73.90167236328125
2020-01-29,38.00687789916992,148.4600067138672,296.9829406738281,118.17377471923828,73.63047790527344
2020-01-30,37.44065475463867,148.47000122070312,297.94683837890625,118.19007110595703,73.6846923828125
2020-01-31,36.68277359008789,149.3300018310547,292.5367126464844,119.26914978027344,72.78582763671875
2020-02-03,37.09219741821289,148.36000061035156,294.7098388671875,119.17257690429688,73.02603912353516
2020-02-04,38.05043029785156,146.42999267578125,299.2015686035156,117.56763458251953,73.77769470214844
2020-02-05,38.26820755004883,146.61000061035156,302.65673828125,116.28207397460938,73.82418060302734
2020-02-06,38.30305099487305,147.39999389648438,303.67510986328125,116.80610656738281,74.0721435546875
2020-02-07,37.771671295166016,147.7899932861328,302.0565185546875,118.26362609863281,74.0566635131836
2020-02-10,37.980735778808594,148.1699981689453,304.3116149902344,118.59120178222656,74.88580322265625
2020-02-11,38.477272033691406,147.66000366210938,304.8389892578125,117.99342346191406,75.45147705078125
2020-02-12,38.99995040893555,147.5399932861328,306.80303955078125,117.39569091796875,75.90089416503906
2020-02-13,38.485984802246094,148.3800048828125,306.4757385253906,117.84600830078125,76.35810852050781
2020-02-14,38.5034065246582,149.0,306.9666442871094,118.36189270019531,77.14846801757812
2020-02-18,38.25078582763672,150.91000366210938,306.17559814453125,119.17257690429688,77.0632553100586
2020-02-19,38.529541015625,151.7899932861328,307.63946533203125,119.16433715820312,76.02488708496094
2020-02-20,37.928470611572266,152.41000366210938,306.3756103515625,120.09786224365234,76.93152618408203
2020-02-21,37.710697174072266,154.6999969482422,303.22052001953125,121.21961212158203,77.15621948242188
2020-02-24,36.29948425292969,156.08999633789062,293.1640930175781,123.02925872802734,76.10235595703125
2020-02-25,36.012020111083984,153.3000030517578,284.2806091308594,123.68428802490234,74.0411605834961
2020-02-26,36.29948425292969,153.97000122070312,283.23504638671875,123.02925872802734,73.24301147460938
2020-02-27,35.42836380004883,154.0,270.51434326171875,124.3638916015625,69.34530639648438
2020-02-28,35.297698974609375,148.3800048828125,269.37786865234375,127.17253875732422,67.67155456542969
2020-03-02,36.06428909301758,149.1999969482422,281.0436706542969,126.23690032958984,70.56187438964844
2020-03-03,35.82036590576172,153.88999938964844,272.99658203125,128.19680786132812,70.39916229248047
2020-03-04,36.456275939941406,154.16000366210938,284.47161865234375,126.83548736572266,73.05703735351562
2020-03-05,35.68970489501953,157.49000549316406,275.0152282714844,129.99267578125,71.49176025390625
2020-03-06,34.95796203613281,157.5500030517578,270.4689025878906,136.75796508789062,70.25967407226562
2020-03-09,32.57110595703125,157.80999755859375,249.3468017578125,140.46450805664062,64.84315490722656
2020-03-10,34.22622299194336,154.47999572753906,262.2491455078125,133.26463317871094,67.58271789550781
2020-03-11,32.63207244873047,153.92999267578125,249.4650115966797,128.36074829101562,63.52180480957031
2020-03-12,29.365381240844727,147.7899932861328,225.5968475341797,129.15611267089844,57.086856842041016
2020-03-13,31.482200622558594,143.27999877929688,244.88230895996094,126.23690032958984,62.06924819946289
2020-03-16,27.55345916748047,141.63999938964844,218.0863800048828,134.4126434326172,51.065773010253906
2020-03-17,29.452495574951172,143.55999755859375,229.86129760742188,125.44955444335938,54.01774978637695
2020-03-18,26.908832550048828,140.6999969482422,218.22274780273438,118.3726806640625,48.879150390625
2020-03-19,27.117897033691406,138.0399932861328,218.68649291992188,121.5954360961914,49.050960540771484
2020-03-20,27.31825828552246,140.11000061035156,209.2623748779297,130.73883056640625,46.60660934448242
2020-03-23,26.6649169921875,146.3000030517578,203.91188049316406,136.1265106201172,44.44339370727539
2020-03-24,28.668489456176758,153.39999389648438,222.38699340820312,133.59263610839844,48.44181442260742
2020-03-25,29.678985595703125,151.3000030517578,225.71617126464844,133.28916931152344,51.05017852783203
2020-03-26,30.802724838256836,153.24000549316406,238.89569091796875,133.94522094726562,54.650306701660156
2020-03-27,29.051780700683594,152.25,231.7799835205078,137.52061462402344,54.704978942871094
2020-03-30,29.530899047851562,152.9199981689453,239.30726623535156,136.38890075683594,55.899818420410156
2020-03-31,29.73125457763672,148.0500030517578,235.74026489257812,135.28189086914062,54.54878234863281
2020-04-01,28.459421157836914,149.4499969482422,225.1308135986328,137.17723083496094,50.964271545410156
2020-04-02,29.417654037475586,151.89999389648438,230.32577514648438,138.04776000976562,51.136077880859375
2020-04-03,28.86013412475586,152.64999389648438,226.99659729003906,138.3762969970703,50.39417266845703
2020-04-06,30.43685531616211,156.8800048828125,242.2431182861328,138.014892578125,54.127079010009766
2020-04-07,30.593650817871094,156.0399932861328,242.49009704589844,136.56956481933594,54.62687301635742
2020-04-08,30.907264709472656,154.64999389648438,250.63003540039062,135.57589721679688,58.351985931396484
2020-04-09,30.794015884399414,158.69000244140625,254.4440460205078,135.82229614257812,61.62412643432617
2020-04-13,30.83757209777832,161.41000366210938,252.12091064453125,134.58226013183594,59.03137969970703
2020-04-14,31.54317855834961,162.67999267578125,259.5566711425781,134.5493927001953,60.68698501586914
2020-04-15,30.73303985595703,161.85000610351562,254.0415802001953,138.11341857910156,58.281681060791016
2020-04-16,30.89855194091797,161.7100067138672,255.26719665527344,139.6819610595703,57.617897033691406
2020-04-17,31.586729049682617,158.57000732421875,262.1632385253906,137.8095703125,59.4374885559082
2020-04-20,31.18602180480957,159.6999969482422,257.54449462890625,138.9182586669922,57.2274169921875
2020-04-21,30.32361602783203,158.61000061035156,249.72470092773438,140.66744995117188,56.18876647949219
2020-04-22,31.15117073059082,161.72999572753906,255.26719665527344,139.23033142089844,57.047786712646484
2020-04-23,31.037927627563477,163.33999633789062,255.24887084960938,139.969482421875,56.57141876220703
2020-04-24,30.9943790435791,162.63999938964844,258.8066711425781,140.29795837402344,56.81351852416992
2020-04-27,31.6215763092041,161.55999755859375,262.53826904296875,137.68646240234375,58.758056640625
2020-04-28,31.682554244995117,160.83999633789062,261.33099365234375,139.27137756347656,59.24223709106445
2020-04-29,32.60594177246094,161.72999572753906,268.1722412109375,138.54869079589844,60.132511138916016
2020-04-30,31.917757034301758,158.8000030517578,265.6753845214844,136.93084716796875,59.4374885559082
2020-05-01,30.767887115478516,159.77999877929688,258.64208984375,138.10348510742188,57.43046569824219
2020-05-04,31.098901748657227,160.33999633789062,259.3554382324219,137.4539031982422,57.149330139160156
2020-05-05,31.273134231567383,161.02000427246094,261.751708984375,136.5740509033203,57.43046569824219
2020-05-06,31.177310943603516,158.9499969482422,259.9774169921875,134.3702850341797,56.399620056152344
2020-05-07,31.429931640625,161.38999938964844,263.11444091796875,136.61514282226562,57.2039794921875
2020-05-08,32.09198760986328,160.4199981689453,267.46807861328125,134.8389434814453,58.562843322753906
2020-05-11,31.882909774780273,159.4199981689453,267.52288818359375,133.78643798828125,57.711605072021484
2020-05-12,31.760957717895508,160.0399932861328,262.1907043457031,135.1597442626953,55.08763122558594
2020-05-13,31.699979782104492,161.5800018310547,257.5536804199219,136.1053009033203,53.75223159790039
2020-05-14,31.821935653686523,163.00999450683594,260.6358337402344,137.4375,53.939659118652344
2020-05-15,31.386371612548828,163.92999267578125,261.8340759277344,137.08387756347656,53.728797912597656
2020-05-18,32.61465072631836,162.69000244140625,269.8093566894531,134.07424926757812,56.907222747802734
2020-05-19,32.35331344604492,164.25999450683594,267.0382080078125,134.57586669921875,56.141910552978516
2020-05-20,32.7801628112793,164.64999389648438,271.5745849609375,134.97877502441406,56.64170455932617
2020-05-21,32.405582427978516,162.25,269.69964599609375,135.31597900390625,56.68856430053711
2020-05-22,31.734819412231445,163.2100067138672,270.2119140625,136.12998962402344,57.45389175415039
2020-05-26,32.43171310424805,160.88999938964844,273.541015625,134.30450439453125,59.60146713256836
2020-05-27,32.53624725341797,161.17999267578125,277.61102294921875,134.05787658691406,60.78852081298828
2020-05-28,32.30976104736328,161.72000122070312,277.098876953125,133.56442260742188,61.07745361328125
2020-05-29,32.86727523803711,162.91000366210938,278.33355712890625,134.51834106445312,60.46832275390625
2020-06-01,33.62514877319336,163.66000366210938,279.4585266113281,133.61257934570312,61.866214752197266
2020-06-02,34.42658615112305,162.60000610351562,281.7724914550781,133.126953125,62.36601257324219
2020-06-03,35.22800827026367,159.60000610351562,285.52227783203125,131.35658264160156,64.36521911621094
2020-06-04,34.73147201538086,161.27999877929688,284.7724609375,129.4546661376953,63.7248649597168
2020-06-05,35.64614486694336,158.00999450683594,292.0710144042969,128.53257751464844,66.13797760009766
2020-06-08,35.86392593383789,159.72000122070312,295.6013488769531,129.02664184570312,67.7779312133789
2020-06-09,35.62001419067383,161.25999450683594,293.3972473144531,130.49212646484375,66.65338134765625
2020-06-10,35.88134002685547,163.57000732421875,291.760009765625,132.42701721191406,64.95873260498047
2020-06-11,34.00843811035156,162.38999938964844,274.94036865234375,134.9299774169922,60.78852081298828
2020-06-12,34.73147201538086,162.6199951171875,278.2330017089844,133.62905883789062,62.96733474731445
2020-06-15,34.41604995727539,162.3300018310547,280.8304443359375,133.70318603515625,63.85761642456055
2020-06-16,34.63508987426758,162.25,286.2357482910156,131.6529998779297,65.11492156982422
2020-06-17,34.968040466308594,162.55999755859375,285.0468444824219,132.19642639160156,64.16998291015625
2020-06-18,34.98556137084961,162.24000549316406,285.15655517578125,133.5961151123047,63.467140197753906
2020-06-19,34.97679901123047,164.02999877929688,283.5268859863281,133.70318603515625,62.54562759399414
2020-06-22,35.40612030029297,165.08999633789062,285.3458251953125,133.71969604492188,62.483158111572266
2020-06-23,35.74782943725586,166.47999572753906,286.6594543457031,132.8057403564453,62.2254524230957
2020-06-24,35.27469253540039,165.89999389648438,279.3470764160156,134.230224609375,60.45270538330078
2020-06-25,35.42365646362305,165.8000030517578,282.3418884277344,134.61703491210938,61.22481155395508
2020-06-26,34.99432373046875,166.5399932861328,275.6358947753906,136.0579833984375,60.0496826171875
2020-06-29,35.15202713012695,166.6300048828125,279.6869812011719,135.62974548339844,61.20905685424805
2020-06-30,35.03813171386719,167.3699951171875,283.2696228027344,134.97113037109375,61.93462371826172
2020-07-01,35.432403564453125,166.6199951171875,285.2539367675781,134.70904541015625,63.36211013793945
2020-07-02,36.23848342895508,166.97999572753906,286.8247985839844,134.84910583496094,63.180728912353516
2020-07-06,37.798072814941406,167.97999572753906,291.2525634765625,134.29689025878906,63.14918518066406
2020-07-07,37.167232513427734,169.0399932861328,288.2486877441406,136.18450927734375,61.89520263671875
2020-07-08,38.131011962890625,170.08999633789062,290.45343017578125,135.64051818847656,61.808441162109375
2020-07-09,38.131011962890625,169.6300048828125,288.79986572265625,137.8001708984375,61.42200469970703
2020-07-10,37.88568878173828,169.19000244140625,291.74859619140625,137.10784912109375,61.61128616333008
2020-07-13,37.6316032409668,169.39999389648438,289.2224426269531,137.5610809326172,60.8778076171875
2020-07-14,37.68416976928711,170.19000244140625,292.970458984375,137.75897216796875,61.39045333862305
2020-07-15,37.798072814941406,170.33999633789062,295.662109375,137.1160125732422,61.98984146118164
2020-07-16,37.263607025146484,168.72999572753906,294.68841552734375,137.76722717285156,61.24848175048828
2020-07-17,37.4738883972168,170.1199951171875,295.54254150390625,137.4786834716797,62.04505920410156
2020-07-20,37.955787658691406,170.94000244140625,297.93109130859375,137.8167266845703,61.30367660522461
2020-07-21,38.30625534057617,173.0,298.56494140625,137.8991241455078,61.453529357910156
2020-07-22,38.13977813720703,175.6300048828125,300.2644348144531,138.31124877929688,62.392059326171875
2020-07-23,37.83312225341797,177.17999267578125,296.6816711425781,139.92694091796875,62.131797790527344
2020-07-24,37.798072814941406,178.6999969482422,294.77093505859375,139.91868591308594,61.67434310913086
2020-07-27,38.38511276245117,182.22999572753906,296.92059326171875,139.39939880371094,62.25799560546875
2020-07-28,38.06968307495117,183.75,295.0373840332031,140.36373901367188,63.4962043762207
2020-07-29,38.68301010131836,185.1300048828125,298.6658935546875,140.124755859375,64.72653198242188
2020-07-30,38.19234848022461,183.75999450683594,297.6004333496094,141.0479736328125,64.30854797363281
2020-07-31,37.92950439453125,185.42999267578125,299.9520568847656,140.95729064941406,64.19022369384766
2020-08-03,38.19234848022461,185.63999938964844,302.03729248046875,140.2476043701172,63.33847427368164
2020-08-04,38.700531005859375,189.58999633789062,303.20404052734375,141.58445739746094,64.28489685058594
2020-08-05,39.121097564697266,191.35000610351562,305.08721923828125,140.3466796875,63.961517333984375
2020-08-06,39.24375534057617,193.88999938964844,307.1265869140625,141.13059997558594,64.06404876708984
2020-08-07,38.43767166137695,190.80999755859375,307.3470764160156,140.18983459472656,64.97891235351562
2020-08-10,38.5340576171875,190.14999389648438,308.2657775878906,139.56260681152344,65.08142852783203
2020-08-11,38.42892074584961,179.94000244140625,305.7210693359375,137.90390014648438,64.14291381835938
2020-08-12,38.94586181640625,179.10000610351562,309.98345947265625,136.6496124267578,64.78962707519531
2020-08-13,38.83195877075195,183.3300018310547,309.4230651855469,135.18896484375,63.99305725097656
2020-08-14,38.761871337890625,182.5399932861328,309.4323425292969,134.6608428955078,64.00094604492188
2020-08-17,39.25252151489258,186.5,310.415283203125,134.9991455078125,64.521484375
2020-08-18,39.20870590209961,188.17999267578125,311.0859069824219,135.96461486816406,64.2138900756836
2020-08-19,38.7268180847168,182.24000549316406,309.79071044921875,135.11465454101562,63.086097717285156
2020-08-20,38.60415267944336,183.5,310.7551574707031,136.3359832763672,63.68547821044922
2020-08-21,38.796913146972656,182.02999877929688,311.85748291015625,137.1530303955078,63.78801727294922
2020-08-24,39.226234436035156,181.0,315.01763916015625,136.93016052246094,64.1981430053711
2020-08-25,39.620513916015625,181.22000122070312,316.1199951171875,135.8821258544922,64.3637466430664
2020-08-26,39.725650787353516,183.36000061035156,319.2892150878906,135.36219787597656,63.77223587036133
2020-08-27,39.3927001953125,181.24000549316406,319.9874267578125,133.05987548828125,64.71076965332031
2020-08-28,39.909645080566406,184.38999938964844,322.0543518066406,132.9608154296875,65.13665008544922
2020-08-31,39.02471160888672,184.8300018310547,320.8876953125,133.8437957763672,64.47415161132812
2020-09-01,39.69060516357422,185.0500030517578,323.9100646972656,135.3747100830078,64.521484375
2020-09-02,39.58546829223633,182.6199951171875,328.5949401855469,136.6634979248047,65.72025299072266
2020-09-03,38.83195877075195,181.13999938964844,317.2867126464844,137.0518035888672,64.93159484863281
2020-09-04,38.849483489990234,181.63999938964844,314.6961364746094,134.44944763183594,64.59246063232422
2020-09-08,38.174827575683594,181.2899932861328,306.09771728515625,135.27557373046875,63.80377960205078
2020-09-09,38.74433135986328,183.0500030517578,312.1424255371094,134.91200256347656,64.43472290039062
2020-09-10,38.122257232666016,182.4600067138672,306.7222900390625,135.5977783203125,63.646034240722656
2020-09-11,38.49024963378906,182.4499969482422,306.8785400390625,135.8869171142578,63.29115295410156
2020-09-14,39.112335205078125,183.88999938964844,310.9205017089844,135.87860107421875,64.83695220947266
2020-09-15,39.52413558959961,183.4499969482422,312.49139404296875,135.5481414794922,65.61773681640625
2020-09-16,39.471561431884766,183.97000122070312,311.25128173828125,135.14337158203125,65.96475982666016
2020-09-17,39.3138542175293,182.9600067138672,308.513671875,135.55642700195312,64.6792221069336
2020-09-18,39.00719451904297,183.1999969482422,304.96185302734375,135.13507080078125,63.220157623291016
2020-09-21,38.64795684814453,179.52000427246094,301.5678405761719,135.82081604003906,61.31945037841797
2020-09-22,38.358829498291016,178.64999389648438,304.6390686035156,135.71339416503906,62.05292892456055
2020-09-23,37.763023376464844,174.7899932861328,297.5742492675781,135.89524841308594,60.183773040771484
2020-09-24,37.587791442871094,175.44000244140625,298.3674011230469,136.41563415527344,60.50710678100586
2020-09-25,37.622840881347656,174.94000244140625,303.1911315917969,136.41563415527344,61.75494384765625
2020-09-28,38.04339599609375,176.6999969482422,308.226806640625,136.02734375,63.018653869628906
2020-09-29,38.017112731933594,178.19000244140625,306.54827880859375,136.18434143066406,62.565635681152344
2020-09-30,38.630435943603516,177.1199951171875,308.87255859375,134.87899780273438,62.756378173828125
2020-10-01,38.98966598510742,178.6999969482422,310.8554382324219,135.1014404296875,64.01213073730469
2020-10-02,38.542823791503906,178.5399932861328,307.9040222167969,134.59701538085938,65.11689758300781
2020-10-05,39.05976867675781,179.41000366210938,313.3641357421875,131.96713256835938,65.49044799804688
2020-10-06,39.12985610961914,177.3000030517578,308.9094543457031,132.67832946777344,65.0612564086914
2020-10-07,39.55918502807617,177.22000122070312,314.2864074707031,131.71066284179688,65.1566390991211
2020-10-08,39.883365631103516,177.85000610351562,317.0718078613281,132.4219970703125,66.24549102783203
2020-10-09,40.15497589111328,181.0800018310547,319.9032897949219,132.39710998535156,65.98322296142578
2020-10-12,40.50544738769531,180.55999755859375,325.04986572265625,132.81890869140625,66.29317474365234
2020-10-13,40.33897018432617,177.72000122070312,322.928466796875,133.77001953125,65.1566390991211
2020-10-14,40.06736373901367,178.27000427246094,320.8993835449219,134.07601928710938,64.3618392944336
2020-10-15,39.778221130371094,178.9199981689453,320.5028381347656,133.8444366455078,64.69566345214844
2020-10-16,39.91841506958008,178.3000030517578,320.3092041015625,133.47225952148438,64.23466491699219
2020-10-19,39.80451202392578,178.38999938964844,315.4393005371094,132.9677734375,63.23323440551758
2020-10-20,40.24259567260742,179.25,316.7028503417969,131.7024383544922,63.686256408691406
2020-10-21,40.35649871826172,180.60000610351562,316.1033630371094,131.2476043701172,63.49553680419922
2020-10-22,40.34773254394531,178.8300018310547,317.83734130859375,129.883056640625,63.48757553100586
2020-10-23,40.58429718017578,178.63999938964844,318.91650390625,130.6768798828125,63.86907196044922
2020-10-26,40.05860137939453,178.5500030517578,313.02288818359375,131.89260864257812,62.955055236816406
2020-10-27,40.233829498291016,179.02000427246094,311.9436950683594,132.777587890625,61.945674896240234
2020-10-28,39.226234436035156,176.1300048828125,301.2818603515625,132.90162658691406,60.4673957824707
2020-10-29,39.620513916015625,175.39999389648438,304.3439636230469,131.6114959716797,61.278076171875
2020-10-30,39.173667907714844,176.1999969482422,301.1711730957031,130.31304931640625,60.872718811035156
2020-11-02,39.67308044433594,177.91000366210938,304.5467834472656,131.2891845703125,62.32719802856445
2020-11-03,39.84831619262695,178.9199981689453,309.9239196777344,130.5275421142578,63.527320861816406
2020-11-04,41.10124206542969,178.82000732421875,316.85040283203125,133.35897827148438,63.638580322265625
2020-11-05,41.80217361450195,182.92999267578125,323.0299987792969,133.5907440185547,63.94062042236328
2020-11-06,41.994937896728516,183.19000244140625,322.9562072753906,131.97633361816406,63.50348663330078
2020-11-09,42.28407287597656,175.0800018310547,327.01434326171875,129.20281982421875,65.75271606445312
2020-11-10,41.80217361450195,175.66000366210938,326.5347900390625,128.45767211914062,66.71442413330078
2020-11-11,42.073795318603516,174.89999389648438,328.9603271484375,128.9213104248047,66.96874237060547
2020-11-12,41.75836944580078,175.9600067138672,325.76922607421875,131.11526489257812,66.09447479248047
2020-11-13,42.34541320800781,177.16000366210938,330.279296875,130.94139099121094,67.85891723632812
2020-11-16,42.8711051940918,177.14999389648438,334.4019775390625,130.62684631347656,68.62189483642578
2020-11-17,42.827308654785156,176.5,332.60357666015625,131.4795684814453,68.68550872802734
2020-11-18,42.67835998535156,175.49000549316406,328.6007080078125,131.8603973388672,67.3502426147461
2020-11-19,42.748443603515625,175.16000366210938,329.9841613769531,132.53932189941406,67.61250305175781
2020-11-20,42.985015869140625,175.69000244140625,327.72454833984375,133.71490478515625,67.24691009521484
2020-11-23,43.098915100097656,172.22999572753906,329.6889953613281,133.102294921875,67.37409210205078
2020-11-24,43.67718505859375,169.58999633789062,335.00152587890625,131.77764892578125,67.73175048828125
2020-11-25,43.431861877441406,169.50999450683594,334.485107421875,131.3719940185547,67.771484375
2020-11-27,43.84366226196289,167.7899932861328,335.41650390625,132.6468963623047,67.46945190429688
2020-11-30,42.69588088989258,166.6699981689453,333.931640625,132.48133850097656,66.76210021972656
2020-12-01,43.53699493408203,170.17999267578125,337.5840759277344,130.5279998779297,67.62046813964844
2020-12-02,43.598331451416016,171.4600067138672,338.2942199707031,129.4920654296875,67.08796691894531
2020-12-03,44.097755432128906,172.80999755859375,338.2019348144531,130.53628540039062,67.65225982666016
2020-12-04,44.55335998535156,172.32000732421875,341.11651611328125,128.621826171875,68.68550872802734
2020-12-07,44.55335998535156,174.88999938964844,340.4154968261719,129.7821044921875,68.08939361572266
2020-12-08,44.570884704589844,175.5,341.4115905761719,130.3953399658203,67.85096740722656
2020-12-09,44.185367584228516,172.5,338.3494873046875,129.96437072753906,67.4297103881836
2020-12-10,44.7548828125,172.1699981689453,338.2388610839844,131.11639404296875,67.1356430053711
2020-12-11,44.4394645690918,172.49000549316406,337.8421936035156,131.58047485351562,67.07206726074219
2020-12-14,44.20840835571289,171.5399932861328,336.32965087890625,131.21578979492188,66.77799987792969
2020-12-15,44.68644332885742,173.94000244140625,340.87664794921875,130.77658081054688,68.14501953125
2020-12-16,44.898895263671875,174.89999389648438,341.4115905761719,130.42852783203125,68.2245101928711
2020-12-17,45.19101333618164,176.74000549316406,343.3207702636719,130.08335876464844,68.8841781616211
2020-12-18,45.13791275024414,176.44000244140625,341.9498596191406,129.69351196289062,67.50125885009766
2020-12-21,44.47398376464844,175.8800048828125,340.72723388671875,130.2078399658203,67.1197509765625
2020-12-22,44.1198844909668,174.49000549316406,340.1530456542969,130.87982177734375,67.58867645263672
2020-12-23,44.57135772705078,175.64999389648438,340.458740234375,129.9755096435547,67.15155029296875
2020-12-24,44.376609802246094,176.35000610351562,341.7831726074219,130.4899139404297,67.73945617675781
2020-12-28,44.50054168701172,175.7100067138672,344.7194519042969,130.5479736328125,68.14324188232422
2020-12-29,45.164466857910156,176.35000610351562,344.061767578125,130.38204956054688,67.56180572509766
2020-12-30,45.766422271728516,177.6999969482422,344.5526428222656,130.66416931152344,67.93327331542969
2020-12-31,45.7398681640625,178.36000061035156,346.3031921386719,130.85501098632812,68.58740997314453
2021-01-04,46.031986236572266,182.3300018310547,341.5887145996094,130.6973419189453,66.3584976196289
2021-01-05,47.138526916503906,182.8699951171875,343.94134521484375,129.7266845703125,66.45540618896484
2021-01-06,46.74016571044922,179.89999389648438,345.9976501464844,127.06363677978516,66.56846618652344
2021-01-07,47.18278884887695,179.47999572753906,351.1382141113281,125.9435806274414,66.43926239013672
2021-01-08,48.430965423583984,173.33999633789062,353.1389465332031,125.53716278076172,67.08531951904297
2021-01-11,47.7758903503418,173.0,350.7584533691406,125.32974243164062,66.19697570800781
2021-01-12,48.24505615234375,174.1199951171875,350.83251953125,125.23014068603516,66.35045623779297
2021-01-13,48.35129165649414,173.3699951171875,351.7773132324219,126.64054107666016,67.15799713134766
2021-01-14,48.80276107788086,173.27999877929688,350.54547119140625,125.45418548583984,67.55370330810547
2021-01-15,48.112274169921875,171.1300048828125,347.9890441894531,125.95196533203125,68.32898712158203
2021-01-19,48.908992767333984,172.5800018310547,350.721435546875,126.35840606689453,68.13517761230469
2021-01-20,49.767662048339844,175.38999938964844,355.5749206542969,126.48290252685547,69.43537902832031
2021-01-21,49.85618591308594,175.27999877929688,355.899169921875,125.59526824951172,69.10425567626953
2021-01-22,49.422428131103516,173.89999389648438,354.6394348144531,126.00172424316406,69.26575469970703
2021-01-25,49.794219970703125,174.0500030517578,356.0381164550781,127.48666381835938,69.79071807861328
2021-01-26,49.4312744140625,173.6199951171875,355.4823303222656,127.24617004394531,70.2833023071289
2021-01-27,48.059165954589844,172.52000427246094,346.794189453125,127.56962585449219,69.03966522216797
2021-01-28,48.39555358886719,172.67999267578125,349.77667236328125,126.86448669433594,69.41114807128906
2021-01-29,47.19164276123047,172.61000061035156,342.7742919921875,126.10124969482422,68.61164093017578
2021-02-01,48.466373443603516,174.22999572753906,348.47998046875,126.2474365234375,70.17835998535156
2021-02-02,49.09488296508789,172.11000061035156,353.407470703125,125.43350219726562,70.59828186035156
2021-02-03,49.34274673461914,171.85000610351562,353.68536376953125,124.32050323486328,70.42060852050781
2021-02-04,49.360450744628906,168.14999389648438,357.705322265625,123.98826599121094,70.90514373779297
2021-02-05,49.785369873046875,169.80999755859375,359.11322021484375,122.95003509521484,71.15550231933594
2021-02-08,49.87389373779297,171.52000427246094,361.7067565917969,123.48991394042969,71.54313659667969
2021-02-09,50.405029296875,172.0800018310547,361.4658203125,123.58123016357422,71.79348754882812
2021-02-10,50.58207321166992,172.7100067138672,361.3083190917969,124.40359497070312,72.18111419677734
2021-02-11,51.122066497802734,171.2100067138672,361.89190673828125,123.72246551513672,72.33456420898438
2021-02-12,51.16632843017578,170.69000244140625,363.6795959472656,122.18594360351562,72.3507080078125
2021-02-16,51.290260314941406,168.24000549316406,363.3646240234375,120.32546997070312,71.79348754882812
2021-02-17,51.307960510253906,166.3300018310547,363.44805908203125,121.08953094482422,71.70467376708984
2021-02-18,50.59977340698242,166.32000732421875,361.90118408203125,120.59952545166016,71.39777374267578
2021-02-19,50.92730712890625,167.00999450683594,361.26202392578125,118.99649047851562,71.80963897705078
2021-02-22,49.4312744140625,169.50999450683594,358.4834289550781,118.09121704101562,72.40726470947266
2021-02-23,49.6525764465332,169.1199951171875,358.918701171875,117.7506332397461,72.8594741821289
2021-02-24,49.33389663696289,169.0,362.87371826171875,116.97818756103516,73.4167251586914
2021-02-25,48.20964813232422,165.82000732421875,354.1300048828125,115.06784057617188,72.01152038574219
2021-02-26,47.56343460083008,161.80999755859375,352.3052978515625,118.8719482421875,70.96170043945312
2021-03-01,48.83816909790039,161.52999877929688,360.84521484375,117.3019027709961,71.27664947509766
2021-03-02,48.36014938354492,162.41000366210938,358.02947998046875,117.31024932861328,70.59019470214844
2021-03-03,48.26277160644531,160.6199951171875,353.2871398925781,116.03791809082031,70.18640899658203
2021-03-04,47.138526916503906,159.0399932861328,348.915283203125,115.28951263427734,69.38690948486328
2021-03-05,47.6519660949707,159.13999938964844,355.3341064453125,115.51402282714844,70.1460189819336
2021-03-08,46.368377685546875,157.49000549316406,353.5649108886719,114.61590576171875,70.75171661376953
2021-03-09,47.386390686035156,160.83999633789062,358.6130065917969,116.20426177978516,71.22010803222656
2021-03-10,47.17393493652344,161.66000366210938,360.84521484375,116.43712615966797,71.93077850341797
2021-03-11,48.66112518310547,161.52000427246094,364.50396728515625,115.59719848632812,72.7706527709961
2021-03-12,47.79359436035156,161.49000549316406,364.994873046875,113.14400482177734,73.99009704589844
2021-03-15,47.90867233276367,162.1999969482422,367.1714782714844,113.80928039550781,75.08838653564453
2021-03-16,48.112274169921875,162.35000610351562,366.7084045410156,113.3519515991211,74.78152465820312
2021-03-17,48.17424011230469,163.50999450683594,367.9588928222656,112.50371551513672,74.84612274169922
2021-03-18,47.28901672363281,162.55999755859375,362.6051025390625,111.36445617675781,74.08700561523438
2021-03-19,47.87326431274414,163.24000549316406,361.9341735839844,112.05465698242188,73.07752227783203
2021-03-22,47.73162841796875,163.0,364.82421875,113.31033325195312,73.5943603515625
2021-03-23,46.81984329223633,161.80999755859375,361.9527587890625,114.33317565917969,73.48939514160156
2021-03-24,45.74871826171875,162.3699951171875,360.1128234863281,114.94854736328125,73.07752227783203
2021-03-25,45.96116256713867,161.77999877929688,362.1386413574219,114.0421371459961,73.82160949707031
2021-03-26,47.15623474121094,162.24000549316406,367.9744873046875,113.64301300048828,75.4136962890625
2021-03-29,46.82870101928711,160.30999755859375,367.78863525390625,112.67837524414062,74.97506713867188
2021-03-30,46.97918701171875,157.57000732421875,366.8128967285156,113.26878356933594,75.07252502441406
2021-03-31,47.218196868896484,159.9600067138672,368.2997131347656,112.63677215576172,74.6176528930664
2021-04-01,47.67851638793945,161.97999572753906,372.2770690917969,114.50618743896484,75.97420501708984
2021-04-05,47.864418029785156,161.9199981689453,377.62030029296875,114.00659942626953,76.26660919189453
2021-04-06,48.12998580932617,163.22000122070312,377.3973693847656,114.78099060058594,76.4615707397461
2021-04-07,47.42180252075195,162.75999450683594,377.83404541015625,113.98165130615234,76.51841735839844
2021-04-08,47.811302185058594,164.50999450683594,379.6275634765625,114.92259979248047,76.23412322998047
2021-04-09,47.40409851074219,163.27000427246094,382.3875732421875,114.50618743896484,76.14476013183594
2021-04-12,47.12082290649414,162.27999877929688,382.52691650390625,114.4562759399414,76.591552734375
2021-04-13,47.315582275390625,163.42999267578125,383.6606140136719,115.31394958496094,76.97332000732422
2021-04-14,47.554595947265625,162.72000122070312,382.3503723144531,114.94762420654297,76.56716918945312
2021-04-15,47.98834991455078,165.35000610351562,386.4577941894531,116.87113189697266,77.90746307373047
2021-04-16,48.112274169921875,166.35000610351562,387.7494812011719,115.96344757080078,78.07805633544922
2021-04-19,47.935237884521484,165.88999938964844,385.8443908691406,115.6303939819336,78.23237609863281
2021-04-20,47.545738220214844,166.47999572753906,383.0194091796875,116.16331481933594,78.87409973144531
2021-04-21,47.83785629272461,168.1300048828125,386.6435852050781,116.396484375,79.39397430419922
2021-04-22,47.66965866088867,167.0399932861328,383.1124572753906,116.90445709228516,78.96344757080078
2021-04-23,48.36014938354492,166.39999389648438,387.26617431640625,116.62962341308594,79.42645263671875
2021-04-26,48.4221076965332,166.83999633789062,388.07470703125,116.46312713623047,79.6620101928711
2021-04-27,48.39555358886719,166.4199981689453,387.9910888671875,115.44718933105469,79.65391540527344
2021-04-28,48.758506774902344,166.91000366210938,387.8795471191406,115.52212524414062,79.48330688476562
2021-04-29,48.64342498779297,166.22000122070312,390.3514099121094,115.18071746826172,80.1656494140625
2021-04-30,47.78474426269531,165.66000366210938,387.78668212890625,115.44718933105469,80.48242950439453
2021-05-03,47.78474426269531,167.80999755859375,388.6230163574219,115.51640319824219,80.32811737060547
2021-05-04,47.244754791259766,166.5800018310547,386.2253723144531,116.30033874511719,79.80823516845703
2021-05-05,47.466060638427734,167.27000427246094,386.3462829589844,116.49210357666016,78.48419189453125
2021-05-06,47.917537689208984,170.05999755859375,389.43145751953125,116.68392181396484,78.92284393310547
2021-05-07,48.41325759887695,171.58999633789062,392.26568603515625,116.1084976196289,79.96258544921875
2021-05-10,47.545738220214844,172.11000061035156,388.38134765625,114.93267822265625,79.93819427490234
2021-05-11,47.41294860839844,172.13999938964844,384.9151306152344,114.28218841552734,78.93096160888672
2021-05-12,46.10280990600586,170.42999267578125,376.7375183105469,113.08131408691406,76.93268585205078
2021-05-13,46.04084014892578,171.1300048828125,381.2631530761719,113.25643157958984,77.93183898925781
2021-05-14,46.872962951660156,172.69000244140625,387.11761474609375,114.31558990478516,78.85785675048828
2021-05-17,46.82870101928711,174.6999969482422,386.1325378417969,114.07367706298828,78.93907165527344
2021-05-18,47.45720672607422,175.0399932861328,382.8056640625,113.78182220458984,78.955322265625
2021-05-19,47.315582275390625,175.16000366210938,381.8020935058594,113.5066146850586,78.7035140991211
2021-05-20,47.589996337890625,175.9600067138672,385.909423828125,114.44063568115234,79.58892822265625
2021-05-21,47.04115295410156,176.0399932861328,385.59356689453125,114.80754852294922,79.50767517089844
2021-05-24,47.4306526184082,176.35000610351562,389.5243835449219,115.23285675048828,80.49870300292969
2021-05-25,47.89982604980469,177.9499969482422,388.6601257324219,116.30033874511719,80.47431945800781
2021-05-26,48.25391387939453,177.63999938964844,389.43145751953125,116.10015106201172,80.83174133300781
2021-05-27,48.26277160644531,177.7100067138672,389.63592529296875,115.63317108154297,80.64491271972656
2021-05-28,48.57260513305664,178.3800048828125,390.3327941894531,115.44972229003906,81.13228607177734
2021-06-01,49.572906494140625,177.89999389648438,389.9890441894531,115.42381286621094,82.59441375732422
2021-06-02,49.6525764465332,178.77000427246094,390.602294921875,115.69105529785156,83.56104278564453
2021-06-03,49.1214485168457,175.27000427246094,389.1527099609375,115.2567367553711,83.25238037109375
2021-06-04,49.564064025878906,177.16000366210938,392.7117919921875,116.8351821899414,83.2929916381836
2021-06-07,49.316192626953125,177.8699951171875,392.3307800292969,116.47605895996094,84.27587890625
2021-06-08,49.07718276977539,177.32000732421875,392.4143981933594,117.29449462890625,84.97445678710938
2021-06-09,48.93553924560547,176.97999572753906,391.8289489746094,118.330078125,85.08816528320312
2021-06-10,49.32764434814453,177.74000549316406,393.6504211425781,119.03987884521484,85.6973876953125
2021-06-11,49.15870666503906,175.74000549316406,394.30084228515625,118.84788513183594,85.35623931884766
2021-06-14,49.292076110839844,174.7100067138672,395.18365478515625,117.93754577636719,85.68925476074219
2021-06-15,48.9542121887207,174.0500030517578,394.4588317871094,117.79552459716797,84.77136993408203
2021-06-16,48.287384033203125,171.11000061035156,392.25634765625,117.69541931152344,84.21900939941406
2021-06-17,48.554115295410156,165.85000610351562,392.1263732910156,119.45751953125,84.11341857910156
2021-06-18,48.216251373291016,164.92999267578125,386.8364562988281,121.70401763916016,82.68375396728516
2021-06-21,48.42074203491211,166.9499969482422,392.3743591308594,119.6662826538086,84.38959503173828
2021-06-22,48.1984748840332,166.25,394.4720153808594,119.95852661132812,83.95094299316406
2021-06-23,48.49188232421875,166.13999938964844,393.99658203125,119.64961242675781,83.80474090576172
2021-06-24,48.936431884765625,166.0399932861328,396.32733154296875,119.8416519165039,83.62394714355469
2021-06-25,49.34541702270508,166.58999633789062,397.7351379394531,118.5973129272461,84.18840789794922
2021-06-28,49.38987731933594,166.5800018310547,398.53692626953125,119.81658935546875,83.94300079345703
2021-06-29,49.354312896728516,164.8300018310547,398.7513732910156,120.01707458496094,83.71392822265625
2021-06-30,49.03422927856445,165.6300048828125,399.0870361328125,120.55154418945312,83.27215576171875
2021-07-01,48.75861740112305,166.1999969482422,401.2966003417969,120.55819702148438,83.63213348388672
2021-07-02,48.70526123046875,167.2899932861328,404.3638916015625,121.28572082519531,83.88573455810547
2021-07-06,47.85171890258789,168.1199951171875,403.6274108886719,122.70729064941406,84.49928283691406
2021-07-07,47.798377990722656,168.75999450683594,405.0538024902344,123.79438781738281,84.79378509521484
2021-07-08,46.802581787109375,168.64999389648438,401.75341796875,124.27934265136719,84.55653381347656
2021-07-09,47.61166763305664,169.2100067138672,406.04205322265625,122.53170013427734,85.94728088378906
2021-07-12,47.6561164855957,169.0,407.49652099609375,122.37281799316406,86.68354797363281
2021-07-13,47.7005729675293,169.22000122070312,406.1073303222656,121.43621826171875,85.47279357910156
2021-07-14,47.90507125854492,171.0399932861328,406.71331787109375,122.81600189208984,86.06999969482422
2021-07-15,48.020652770996094,171.07000732421875,405.32415771484375,124.17069244384766,86.20907592773438
2021-07-16,47.6472282409668,169.41000366210938,402.1449890136719,123.93655395507812,86.15180206298828
2021-07-19,46.84703063964844,169.61000061035156,396.2061462402344,126.65426635742188,84.5810775756836
2021-07-20,46.99818420410156,169.38999938964844,401.8839416503906,125.43341064453125,86.57721710205078
2021-07-21,47.30047607421875,168.75999450683594,405.1376953125,123.84457397460938,86.56902313232422
2021-07-22,47.38938903808594,169.08999633789062,405.9861755371094,125.01528930664062,85.88184356689453
2021-07-23,46.68699264526367,168.55999755859375,410.16290283203125,124.17902374267578,86.59355926513672
2021-07-26,45.797882080078125,168.16000366210938,411.1698303222656,123.81111145019531,86.63447570800781
2021-07-27,44.87321472167969,168.44000244140625,409.2958679199219,125.13236999511719,87.12531280517578
2021-07-28,46.09128952026367,169.2899932861328,409.1280822753906,125.14073181152344,86.82263946533203
2021-07-29,46.32246017456055,171.1699981689453,410.8248596191406,124.44661712646484,86.83898162841797
2021-07-30,45.877906799316406,169.82000732421875,408.82965087890625,125.0320053100586,86.95352935791016
2021-08-02,46.20686721801758,169.61000061035156,407.9719543457031,126.14714813232422,86.7653579711914
2021-08-03,46.40248107910156,169.49000549316406,411.2910461425781,126.21417999267578,86.87171173095703
2021-08-04,46.642539978027344,169.52999877929688,409.2679443359375,126.4737777709961,86.60174560546875
2021-08-05,46.5714111328125,168.86000061035156,411.8597717285156,125.82906341552734,87.61617279052734
2021-08-06,46.180198669433594,164.63999938964844,412.54034423828125,123.72760009765625,87.46073150634766
2021-08-09,46.331356048583984,161.72000122070312,412.2046813964844,123.28384399414062,86.9944076538086
2021-08-10,46.39358901977539,161.77000427246094,412.7174377441406,122.7145767211914,86.16816711425781
2021-08-11,46.518062591552734,164.0,413.7430419921875,122.63914489746094,86.67536926269531
2021-08-12,46.10906982421875,164.0399932861328,414.9830017089844,122.43819427490234,86.86354064941406
2021-08-13,45.993492126464844,166.38999938964844,415.73822021484375,124.37223052978516,87.33802795410156
2021-08-16,45.57560348510742,167.22000122070312,416.7171325683594,124.67369079589844,87.23165130615234
2021-08-17,44.739845275878906,166.97000122070312,413.9854431152344,124.6234359741211,87.14168548583984
2021-08-18,44.810977935791016,167.10000610351562,409.454345703125,125.0420913696289,86.34815979003906
2021-08-19,44.046348571777344,166.61000061035156,410.0882873535156,125.96295166015625,86.7653579711914
2021-08-20,44.01078414916992,166.6999969482422,413.3514099121094,126.04672241210938,87.19895935058594
2021-08-23,44.677608489990234,168.72999572753906,416.98748779296875,125.96295166015625,87.03533935546875
2021-08-24,45.691192626953125,168.64999389648438,417.6494140625,124.98345947265625,86.65084075927734
2021-08-25,45.74454116821289,167.47999572753906,418.5257873535156,123.94525909423828,86.59355926513672
2021-08-26,45.30887222290039,167.6699981689453,416.05517578125,124.28856658935547,86.62630462646484
2021-08-27,45.869014739990234,170.19000244140625,419.77508544921875,125.13407135009766,87.53435516357422
2021-08-30,45.966819763183594,169.35000610351562,421.62115478515625,125.46067810058594,88.40970611572266
2021-08-31,46.59808349609375,169.69000244140625,420.9964599609375,124.60663604736328,88.82691955566406
2021-09-01,47.193782806396484,169.6999969482422,421.22015380859375,124.81541442871094,90.25038146972656
2021-09-02,46.98040008544922,169.25,422.51611328125,125.36031341552734,90.72486877441406
2021-09-03,47.229347229003906,171.05999755859375,422.4134826660156,124.22022247314453,90.7412338256836
2021-09-07,47.504966735839844,167.7100067138672,420.90325927734375,123.17233276367188,89.7186279296875
2021-09-08,46.81147003173828,167.2899932861328,420.3904113769531,124.01062774658203,90.1685791015625
2021-09-09,46.722557067871094,168.02999877929688,418.59100341796875,125.51123046875,88.3360595703125
2021-09-10,46.66921615600586,167.17999267578125,415.2906494140625,124.40464782714844,87.04352569580078
2021-09-13,46.79368591308594,167.74000549316406,416.353515625,125.15911102294922,87.63252258300781
2021-09-14,46.40248107910156,168.82000732421875,414.106689453125,126.67648315429688,87.4770736694336
2021-09-15,46.39358901977539,167.8300018310547,417.5654602050781,126.23209381103516,87.7552490234375
2021-09-16,45.869014739990234,164.02999877929688,416.903564453125,125.65373992919922,87.82884979248047
2021-09-17,45.67341613769531,163.77000427246094,412.842529296875,125.05010986328125,87.04352569580078
2021-09-20,44.446441650390625,164.94000244140625,405.9586181640625,126.60101318359375,86.51176452636719
2021-09-21,44.775421142578125,166.0399932861328,405.5751953125,126.49198913574219,86.55265808105469
2021-09-22,45.33555603027344,165.4199981689453,409.5315246582031,127.24652099609375,87.39529418945312
2021-09-23,45.691192626953125,163.50999450683594,414.50732421875,124.37109375,87.22348022460938
2021-09-24,45.148834228515625,163.3000030517578,415.190185546875,123.15552520751953,86.2908706665039
2021-09-27,45.442237854003906,163.63999938964844,414.0023498535156,122.70286560058594,85.1302261352539
2021-09-28,44.855430603027344,162.0500030517578,405.65936279296875,120.79154205322266,84.55401611328125
2021-09-29,44.43755340576172,161.32000732421875,406.3421325683594,121.00116729736328,85.18782806396484
2021-09-30,44.7932014465332,164.22000122070312,401.375732421875,120.98435974121094,83.7802505493164
2021-10-01,44.74874496459961,164.58999633789062,406.145751953125,122.00257110595703,84.96559143066406
2021-10-04,44.09080123901367,165.36000061035156,400.9080810546875,121.69192504882812,84.98204040527344
2021-10-05,44.40198516845703,164.58999633789062,405.0794982910156,120.51683807373047,84.39759826660156
2021-10-06,44.153038024902344,165.02999877929688,406.7630310058594,121.19672393798828,85.20429229736328
2021-10-07,45.015472412109375,164.16000366210938,410.2798156738281,119.92925262451172,85.43478393554688
2021-10-08,45.18440246582031,164.22999572753906,409.5315246582031,119.08987426757812,84.62808990478516
2021-10-11,45.09549331665039,163.9199981689453,406.5666809082031,118.7877426147461,84.84210968017578
2021-10-12,44.86431884765625,164.66000366210938,405.5657958984375,120.8189697265625,85.95336151123047
2021-10-13,45.486698150634766,167.58999633789062,407.02490234375,121.99417114257812,86.57894897460938
2021-10-14,45.62895584106445,168.0,413.871337890625,122.44737243652344,87.63258361816406
2021-10-15,46.180198669433594,165.3300018310547,417.0232849121094,121.73393249511719,87.56671905517578
2021-10-18,46.06462097167969,164.9199981689453,418.25787353515625,122.30467987060547,87.78897857666016
2021-10-19,46.67810821533203,165.4499969482422,421.4847717285156,120.6175537109375,87.83013916015625
2021-10-20,46.66921615600586,166.89999389648438,423.1402587890625,119.8033447265625,89.21302032470703
2021-10-21,46.36691665649414,166.75,424.2438049316406,119.66065979003906,89.33650207519531
2021-10-22,46.26911544799805,167.77000427246094,423.8043212890625,120.97847747802734,89.7563247680664
2021-10-25,46.50917053222656,168.92999267578125,426.0769958496094,120.7938232421875,90.04443359375
2021-10-26,46.26911544799805,167.67999267578125,426.4604797363281,121.79264831542969,90.2913818359375
2021-10-27,45.895687103271484,168.1199951171875,424.57122802734375,124.00861358642578,89.52584838867188
2021-10-28,45.940147399902344,168.0800018310547,428.6678771972656,123.5889663696289,90.77703094482422
2021-10-29,45.273311614990234,166.64999389648438,429.5376892089844,123.96662902832031,89.7563247680664
2021-11-01,45.62895584106445,167.52000427246094,430.2764892578125,123.07408142089844,90.20082092285156
2021-11-02,45.219966888427734,167.16000366210938,432.01629638671875,123.62039184570312,90.62886047363281
2021-11-03,45.433349609375,165.77000427246094,434.65380859375,122.3429183959961,90.93341827392578
2021-11-04,45.32666015625,167.64999389648438,436.70208740234375,123.62875366210938,90.06909942626953
2021-11-05,45.273311614990234,169.83999633789062,438.2172546386719,125.47772979736328,90.53007507324219
2021-11-08,45.691192626953125,170.4499969482422,438.5914001464844,125.24242401123047,90.45600128173828
2021-11-09,45.51337432861328,171.2899932861328,437.1416931152344,126.87293243408203,90.61241149902344
2021-11-10,45.32666015625,173.14999389648438,433.6249084472656,124.55335998535156,90.19259643554688
2021-11-11,46.10906982421875,174.1199951171875,433.7651672363281,124.3683853149414,90.34074401855469
2021-11-12,46.23354721069336,174.4499969482422,437.03875732421875,123.82209014892578,90.27490234375
2021-11-15,46.08240509033203,174.17999267578125,437.1884765625,122.26729583740234,90.90872955322266
2021-11-16,46.1446418762207,172.9199981689453,438.918701171875,121.9562759399414,90.30782318115234
2021-11-17,45.90458297729492,174.5,437.85247802734375,122.92283630371094,90.58771514892578
2021-11-18,45.34444046020508,173.94000244140625,439.33953857421875,123.38507080078125,90.60415649414062
2021-11-19,45.273311614990234,172.61000061035156,438.553955078125,124.68780517578125,90.06909942626953
2021-11-22,44.908782958984375,168.74000549316406,437.31939697265625,123.22537231445312,89.62460327148438
2021-11-23,44.86431884765625,167.27999877929688,437.89923095703125,121.44361877441406,90.3489761352539
2021-11-24,44.80208969116211,167.1199951171875,439.0684509277344,123.39344024658203,91.44376373291016
2021-11-26,43.299495697021484,166.85000610351562,429.27581787109375,126.5114974975586,88.9002456665039
2021-11-29,43.46842956542969,166.6199951171875,434.54150390625,125.49454498291016,89.55876159667969
2021-11-30,43.423973083496094,165.5,426.0863342285156,127.40232849121094,87.8630599975586
2021-12-01,43.584007263183594,166.16000366210938,421.3536682128906,128.1883087158203,86.41433715820312
2021-12-02,44.11747741699219,165.24000549316406,427.80731201171875,128.34815979003906,89.00724792480469
2021-12-03,43.49509811401367,166.6300048828125,424.0849609375,129.87960815429688,88.71090698242188
2021-12-06,43.83296203613281,166.22000122070312,429.1073913574219,128.0957489013672,90.26667022705078
2021-12-07,44.526466369628906,166.80999755859375,437.9833984375,127.06067657470703,91.56726837158203
2021-12-08,44.70427703857422,166.89999389648438,439.1431579589844,124.86447143554688,92.22577667236328
2021-12-09,44.49090576171875,165.8800048828125,436.1782531738281,125.56291961669922,90.89225769042969
2021-12-10,44.526466369628906,166.5800018310547,440.28424072265625,125.26007843017578,91.1721420288086
2021-12-13,43.8203239440918,167.0,436.3840637207031,127.11117553710938,92.0282211303711
2021-12-14,43.72111511230469,165.44000244140625,433.38177490234375,126.80831146240234,90.85111236572266
2021-12-15,43.59485626220703,166.14999389648438,440.1532897949219,125.5881576538086,92.12699127197266
2021-12-16,43.64897918701172,168.16000366210938,436.2718200683594,125.63704681396484,92.09408569335938
2021-12-17,43.432533264160156,167.8000030517578,431.6286315917969,127.06072998046875,91.97882843017578
2021-12-20,42.7832145690918,167.08999633789062,427.0389709472656,126.10879516601562,91.2626724243164
2021-12-21,43.50468826293945,167.02000427246094,434.6227111816406,125.62861633300781,92.29161071777344
2021-12-22,43.71210479736328,168.58999633789062,438.9683837890625,126.20989990234375,93.23824310302734
2021-12-23,43.93756866455078,168.97000122070312,441.69964599609375,125.11475372314453,93.13946533203125
2021-12-27,44.13597106933594,169.3699951171875,447.9507141113281,125.41801452636719,94.72062683105469
2021-12-28,43.99167251586914,168.63999938964844,447.5846862792969,124.92093658447266,95.06961822509766
2021-12-29,43.79327392578125,168.58999633789062,448.15716552734375,123.5562515258789,95.70938110351562
2021-12-30,44.29496383666992,169.8000030517578,446.918212890625,124.5924301147461,96.12482452392578
2021-12-31,44.07840347290039,170.9600067138672,445.79193115234375,124.83675384521484,96.39071655273438
2022-01-03,44.39422607421875,168.3300018310547,448.373046875,121.55974578857422,95.63459777832031
2022-01-04,44.240814208984375,169.57000732421875,448.2228698730469,121.0543441772461,95.5182876586914
2022-01-05,43.51896286010742,169.05999755859375,439.6160583496094,120.39720153808594,92.78467559814453
2022-01-06,43.71747589111328,166.99000549316406,439.20306396484375,120.70893096923828,92.86776733398438
2022-01-07,44.114498138427734,167.75,437.4666442871094,119.84121704101562,92.2529067993164
2022-01-10,44.114498138427734,168.25999450683594,436.9222412109375,120.1360855102539,91.72116088867188
2022-01-11,45.13412094116211,170.2899932861328,440.90191650390625,120.9363784790039,91.8624038696289
2022-01-12,45.8830451965332,170.74000549316406,442.0938415527344,120.47303009033203,91.97041320800781
2022-01-13,45.233375549316406,170.16000366210938,436.0025329589844,121.54293060302734,91.7876205444336
2022-01-14,45.21532440185547,169.6699981689453,436.1808166503906,119.70648193359375,90.95672607421875
2022-01-18,44.412269592285156,169.38999938964844,428.4562072753906,118.02165222167969,90.00120544433594
2022-01-19,44.601749420166016,172.0800018310547,424.0072937011719,118.83879089355469,88.78814697265625
2022-01-20,44.86342239379883,171.64999389648438,419.3143615722656,119.57169342041016,87.64981842041016
2022-01-21,44.213748931884766,171.08999633789062,411.08294677734375,120.9953384399414,87.43379974365234
2022-01-24,43.59115219116211,172.02999877929688,412.82879638671875,120.00130462646484,87.59996795654297
2022-01-25,43.50994110107422,172.5800018310547,407.7884826660156,119.8075180053711,87.25100708007812
2022-01-26,42.95952224731445,169.7899932861328,406.76544189453125,118.35861206054688,85.88835906982422
2022-01-27,42.4632453918457,167.60000610351562,404.7568664550781,120.53205871582031,84.46755981445312
2022-01-28,42.67078399658203,167.10000610351562,414.80914306640625,120.57415008544922,87.20114135742188
2022-01-31,44.06938171386719,168.08999633789062,422.2803039550781,119.9508056640625,88.27297973632812
2022-02-01,44.34008026123047,168.22999572753906,425.1336364746094,119.5525894165039,87.95724487304688
2022-02-02,44.26789093017578,168.83999633789062,429.263427734375,119.95751190185547,89.0789566040039
2022-02-03,43.79867935180664,168.60000610351562,419.1736145019531,119.0210952758789,88.13174438476562
2022-02-04,43.90696334838867,168.86000061035156,421.1446228027344,117.26652526855469,87.25930786132812
2022-02-07,43.816734313964844,170.11000061035156,419.7930908203125,117.34242248535156,87.13467407226562
2022-02-08,44.240814208984375,170.6300048828125,423.24700927734375,116.557861328125,86.72754669189453
2022-02-09,44.935611724853516,171.2100067138672,429.4417419433594,116.7771987915039,88.68842315673828
2022-02-10,44.63784408569336,170.55999755859375,421.7265625,114.92131805419922,86.59461212158203
2022-02-11,43.96110534667969,173.80999755859375,413.41058349609375,116.62535095214844,85.80525207519531
2022-02-14,43.65431213378906,174.74000549316406,412.05908203125,115.17436218261719,85.02423095703125
2022-02-15,44.601749420166016,173.0800018310547,418.704345703125,113.86685943603516,85.78864288330078
2022-02-16,44.92658615112305,174.86000061035156,419.1736145019531,114.54173278808594,86.1874771118164
2022-02-17,44.40324020385742,177.25,410.21942138671875,115.39368438720703,85.27349853515625
2022-02-18,43.96110534667969,177.1199951171875,407.5632019042969,116.60848236083984,84.75835418701172
2022-02-22,43.3385009765625,177.49000549316406,403.1893615722656,116.91217803955078,84.450927734375
2022-02-23,42.83320617675781,178.2899932861328,396.03741455078125,115.30094909667969,83.05502319335938
2022-02-24,41.94892501831055,177.13999938964844,401.9974060058594,115.3768539428711,84.450927734375
2022-02-25,42.72492218017578,176.5500030517578,410.86700439453125,115.46122741699219,86.48658752441406
2022-02-28,42.16548156738281,178.3800048828125,409.8158264160156,117.99195098876953,85.19871520996094
2022-03-01,41.606040954589844,181.6199951171875,403.5741882324219,119.35614013671875,84.75005340576172
2022-03-02,41.67822265625,179.72999572753906,410.99847412109375,115.2762680053711,86.33702850341797
2022-03-03,41.09172058105469,180.8000030517578,408.9523620605469,116.45034790039062,87.04328155517578
2022-03-04,40.26158142089844,183.67999267578125,405.62969970703125,118.46076965332031,87.44210052490234
2022-03-07,38.75471115112305,186.41000366210938,393.6720886230469,117.55689239501953,85.71385955810547
2022-03-08,38.88103103637695,191.50999450683594,390.68743896484375,116.37437438964844,85.29843139648438
2022-03-09,39.98186111450195,185.82000732421875,401.16204833984375,115.23406219482422,86.61121368408203
2022-03-10,39.23292922973633,186.39999389648438,399.3506164550781,113.5783920288086,86.82725524902344
2022-03-11,38.41181945800781,185.08999633789062,394.2727966308594,113.9585189819336,86.13761901855469
2022-03-14,37.48243713378906,182.3000030517578,391.3913269042969,111.29766082763672,85.46460723876953
2022-03-15,37.53657150268555,178.88999938964844,399.9981994628906,111.1034164428711,86.03791046142578
2022-03-16,40.55935287475586,180.00999450683594,408.8677978515625,112.19312286376953,87.05990600585938
2022-03-17,40.3518180847168,180.88999938964844,413.983154296875,111.35684204101562,88.40592956542969
2022-03-18,40.92930221557617,179.3000030517578,418.5174865722656,112.71682739257812,88.40592956542969
2022-03-21,40.29767608642578,180.6699981689453,418.39508056640625,110.1066665649414,87.8658447265625
2022-03-22,41.02855682373047,179.36000061035156,423.2908935546875,108.69601440429688,88.0901870727539
2022-03-23,40.75785827636719,181.80999755859375,417.8396301269531,111.07807922363281,87.10189819335938
2022-03-24,40.97441864013672,183.1300048828125,424.1382751464844,110.20806121826172,87.65326690673828
2022-03-25,40.64958190917969,182.3800048828125,426.2096252441406,108.67913818359375,88.74767303466797
2022-03-28,40.78493118286133,179.05999755859375,429.2411804199219,109.6082992553711,89.69170379638672
2022-03-29,41.47971725463867,179.13999938964844,434.55126953125,110.43612670898438,92.32331848144531
2022-03-30,41.36241149902344,180.5800018310547,431.867919921875,111.29766082763672,91.65496826171875
2022-03-31,40.73981475830078,180.64999389648438,425.22100830078125,111.5680160522461,90.53550720214844
2022-04-01,41.41655731201172,179.5,426.4260559082031,111.99272918701172,92.29827117919922
2022-04-04,42.147430419921875,180.3699951171875,430.07916259765625,111.21440887451172,91.84711456298828
2022-04-05,41.37144088745117,179.24000549316406,424.64666748046875,108.70179748535156,91.39599609375
2022-04-06,40.830039978027344,179.66000366210938,420.4005126953125,107.82193756103516,92.48206329345703
2022-04-07,40.50521469116211,180.33999633789062,422.5187683105469,107.00980377197266,91.56307983398438
2022-04-08,40.541297912597656,181.47000122070312,421.3890380859375,105.85079193115234,91.71345520019531
2022-04-11,40.03600311279297,182.3699951171875,414.18658447265625,104.17570495605469,90.72765350341797
2022-04-12,39.90968322753906,183.77000427246094,412.65191650390625,104.03189849853516,90.59398651123047
2022-04-13,40.43302536010742,184.64999389648438,417.37823486328125,104.24341583251953,91.23724365234375
2022-04-14,39.90968322753906,184.0399932861328,412.1811218261719,102.1537857055664,90.84461212158203
2022-04-18,39.77433395385742,184.61000061035156,412.3506164550781,101.64618682861328,90.4770278930664
2022-04-19,39.57581329345703,181.82000732421875,419.0070495605469,100.88481140136719,92.44863891601562
2022-04-20,39.341217041015625,182.7100067138672,418.6963195800781,102.9151840209961,93.9858169555664
2022-04-21,38.58326721191406,182.05999755859375,412.4353332519531,102.1537857055664,93.33417510986328
2022-04-22,38.24038314819336,180.2899932861328,401.1184387207031,101.5108413696289,91.69673919677734
2022-04-25,37.96065902709961,177.0500030517578,403.4440002441406,102.52605438232422,91.46282958984375
2022-04-26,37.13052749633789,177.32000732421875,391.75994873046875,103.5581283569336,89.95906066894531
2022-04-27,37.56364440917969,175.97999572753906,392.8614501953125,102.22991180419922,89.36590576171875
2022-04-28,38.10503387451172,176.92999267578125,402.7848815917969,102.38218688964844,91.0116958618164
2022-04-29,38.24038314819336,176.91000366210938,387.899658203125,101.05398559570312,86.83453369140625
2022-05-02,38.18624496459961,173.6300048828125,390.2346496582031,99.30236053466797,84.73761749267578
2022-05-03,38.46596908569336,174.08999633789062,392.0235290527344,99.9718246459961,85.79025268554688
2022-05-04,38.88103103637695,175.8000030517578,403.9617919921875,100.52266693115234,86.77607727050781
2022-05-05,37.44633865356445,175.1300048828125,389.6038818359375,97.76852416992188,84.46192932128906
2022-05-06,36.93202209472656,175.4199981689453,387.2783508300781,96.32785034179688,83.45941162109375
2022-05-09,35.867279052734375,172.8800048828125,374.8787536621094,97.17525482177734,79.78352355957031
2022-05-10,36.03871536254883,171.4199981689453,375.7449645996094,98.05663299560547,78.32986450195312
2022-05-11,35.78606414794922,172.82000732421875,369.7757873535156,99.94642639160156,78.16278839111328
2022-05-12,35.55147171020508,170.1699981689453,369.3898620605469,99.7599868774414,78.77265930175781
2022-05-13,36.53499221801758,168.7899932861328,378.2210693359375,98.28543853759766,80.85286712646484
2022-05-16,36.390625,170.39999389648438,376.6864013671875,98.18375396728516,80.34326171875
2022-05-17,37.2839241027832,169.3300018310547,384.43499755859375,96.997314453125,81.43768310546875
2022-05-18,36.390625,169.4199981689453,368.9378356933594,99.0650634765625,79.07341003417969
2022-05-19,36.96811294555664,171.91000366210938,366.6782531738281,99.30236053466797,78.7225341796875
2022-05-20,37.12150192260742,172.02999877929688,366.8382873535156,100.42943572998047,79.2237777709961
2022-05-23,37.40121841430664,172.8300018310547,373.7018737792969,98.77693939208984,80.14275360107422
2022-05-24,36.75155258178711,174.1300048828125,370.84912109375,100.72604370117188,80.8194580078125
2022-05-25,36.93202209472656,173.0800018310547,374.1254577636719,101.12434387207031,81.50450134277344
2022-05-26,37.50950622558594,172.75999450683594,381.6010437011719,100.66671752929688,81.60476684570312
2022-05-27,37.9426155090332,172.85000610351562,390.968994140625,100.9124755859375,83.79358673095703
2022-05-31,38.47498321533203,171.13999938964844,388.7753601074219,98.77693939208984,82.76599884033203
2022-06-01,38.204288482666016,172.22999572753906,385.6307067871094,98.66401672363281,82.0809555053711
2022-06-02,38.86298370361328,174.35000610351562,392.9744873046875,98.7149658203125,83.20878601074219
2022-06-03,38.231353759765625,172.5800018310547,386.5251770019531,98.50273895263672,82.09764099121094
2022-06-06,38.43889617919922,171.82000732421875,387.70208740234375,96.68600463867188,81.83867645263672
2022-06-07,38.556190490722656,172.94000244140625,391.4208679199219,97.73019409179688,82.96650695800781
2022-06-08,38.76373291015625,172.77999877929688,387.16534423828125,96.86427307128906,81.05335998535156
2022-06-09,37.84646224975586,172.22999572753906,377.9574890136719,97.18685913085938,79.13189697265625
2022-06-10,37.42786407470703,174.5399932861328,366.998291015625,96.58412170410156,77.37747955322266
2022-06-13,36.11748123168945,169.92999267578125,353.0640563964844,93.55338287353516,73.50943756103516
2022-06-14,36.61798095703125,168.57000732421875,352.00018310546875,92.37337493896484,72.94969940185547
2022-06-15,37.10026931762695,170.77000427246094,357.0184020996094,94.09671020507812,74.6790542602539
2022-06-16,35.96277618408203,172.69000244140625,345.2025146484375,94.8437728881836,72.71578216552734
2022-06-17,36.099281311035156,171.27000427246094,345.9466857910156,95.14944458007812,73.26715850830078
2022-06-21,36.68167495727539,170.6300048828125,354.65545654296875,93.53642272949219,74.286376953125
2022-06-22,36.02648162841797,171.30999755859375,354.012451171875,96.10871887207031,75.23043060302734
2022-06-23,36.13567352294922,170.25999450683594,357.48260498046875,96.8982162475586,76.65970611572266
2022-06-24,36.9910774230957,170.08999633789062,368.8484191894531,95.55690002441406,78.29076385498047
2022-06-27,37.03657150268555,169.89999389648438,367.4394836425781,94.74195098876953,78.17305755615234
2022-06-28,36.80907440185547,169.6199951171875,359.9316711425781,95.18338012695312,77.22301483154297
2022-06-29,36.663475036621094,169.49000549316406,359.6385803222656,96.66901397705078,76.7437973022461
2022-06-30,36.490570068359375,168.4600067138672,356.7166748046875,97.51795196533203,76.60086059570312
2022-07-01,36.26308059692383,168.32000732421875,360.4896545410156,98.5191421508789,77.97969055175781
2022-07-05,35.98098373413086,164.75,361.1704406738281,99.29320526123047,77.7610855102539
2022-07-06,35.76258087158203,162.13999938964844,362.39013671875,97.62596130371094,77.6181640625
2022-07-07,36.48147201538086,162.22999572753906,367.8177490234375,96.76688385009766,77.8283462524414
2022-07-08,36.48147201538086,162.3000030517578,367.5152282714844,95.69506072998047,77.41638946533203
2022-07-11,35.507789611816406,161.42999267578125,363.3168640136719,97.34530639648438,77.24822998046875
2022-07-12,35.37128448486328,160.8300018310547,360.1018371582031,97.92371368408203,76.945556640625
2022-07-13,35.28938293457031,161.60000610351562,358.21075439453125,99.04652404785156,76.57563018798828
2022-07-14,34.97089385986328,159.3300018310547,357.3407897949219,98.23844146728516,75.8862075805664
2022-07-15,35.152896881103516,159.00999450683594,364.1678161621094,98.79136657714844,77.17256927490234
2022-07-18,35.398582458496094,159.16000366210938,361.16094970703125,97.7621078491211,76.62606048583984
2022-07-19,35.98098373413086,159.5399932861328,370.9192810058594,97.23471069335938,78.61026000976562
2022-07-20,35.8262825012207,158.0399932861328,373.2830505371094,97.4898681640625,78.4252700805664
2022-07-21,36.235782623291016,160.27000427246094,377.0843811035156,99.17412567138672,79.04743194580078
2022-07-22,35.87178421020508,160.6699981689453,373.5856628417969,100.84135437011719,79.45941162109375
2022-07-25,35.999183654785156,160.22999572753906,374.0396423339844,99.8546142578125,79.59391784667969
2022-07-26,35.71708679199219,160.0399932861328,369.6143493652344,99.93116760253906,79.67799377441406
2022-07-27,36.38138198852539,161.6699981689453,379.2119140625,99.36978912353516,80.15723419189453
2022-07-28,36.536075592041016,163.63999938964844,383.9680480957031,100.16085815429688,82.7551498413086
2022-07-29,36.36317443847656,164.10000610351562,389.56585693359375,99.88866424560547,83.20073699951172
2022-08-01,36.053775787353516,165.02999877929688,388.41229248046875,102.29429626464844,82.52814483642578
2022-08-02,35.880882263183594,164.0500030517578,385.8497314453125,100.12981414794922,81.46881103515625
2022-08-03,36.16297912597656,164.4499969482422,391.8920593261719,101.70634460449219,81.72943115234375
2022-08-04,36.41777420043945,167.1699981689453,391.6272888183594,101.6722412109375,81.60333251953125
2022-08-05,36.45418167114258,165.2899932861328,390.96533203125,99.25208282470703,81.83033752441406
2022-08-08,36.499671936035156,166.69000244140625,390.5113830566406,100.8541488647461,82.56178283691406
2022-08-09,36.36317443847656,167.1999969482422,388.9607238769531,100.462158203125,83.01579284667969
2022-08-10,36.81817626953125,166.77999877929688,397.13043212890625,99.80597686767578,84.27692413330078
2022-08-11,36.963768005371094,166.33999633789062,397.13043212890625,97.47958374023438,84.07511138916016
2022-08-12,37.355064392089844,167.8699951171875,403.8534851074219,98.46807098388672,85.52123260498047
2022-08-15,37.182167053222656,165.7100067138672,405.51763916015625,98.38288116455078,85.86593627929688
2022-08-16,37.17306900024414,165.4199981689453,406.3119812011719,98.79190826416016,85.63894653320312
2022-08-17,37.01837158203125,164.35000610351562,403.4280090332031,97.76081085205078,85.12606048583984
2022-08-18,36.80907440185547,163.9199981689453,404.6004943847656,97.90567016601562,84.56275177001953
2022-08-19,36.30857467651367,162.72000122070312,399.1634826660156,96.32913970947266,83.67156219482422
2022-08-22,35.99007797241211,161.63999938964844,390.8518981933594,96.00531005859375,81.8471450805664
2022-08-23,36.18117904663086,162.77000427246094,389.90631103515625,95.47696685791016,80.79620361328125
2022-08-24,36.17207717895508,163.25,391.15447998046875,94.7781982421875,81.25861358642578
2022-08-25,36.95466613769531,163.75,396.67669677734375,96.09906768798828,82.46928405761719
2022-08-26,36.4086799621582,161.75999450683594,383.24945068359375,96.82342529296875,80.39264678955078
2022-08-29,36.18117904663086,161.86000061035156,380.71539306640625,96.02235412597656,79.66959381103516
2022-08-30,35.753482818603516,160.50999450683594,376.5359191894531,96.26097106933594,78.5682144165039
2022-08-31,35.880882263183594,159.27000427246094,373.6708679199219,95.34061431884766,78.19827270507812
2022-09-01,35.59878158569336,157.8699951171875,374.84332275390625,93.59512329101562,78.3411865234375
2022-09-02,35.27119064331055,159.25999450683594,370.8908386230469,94.12459564208984,77.24822998046875
2022-09-06,34.85259246826172,158.3300018310547,369.4914245605469,91.79325103759766,77.9460678100586
2022-09-07,35.16199493408203,159.94000244140625,376.1293029785156,93.2449951171875,79.46781158447266
2022-09-08,34.97089385986328,158.97999572753906,378.5877380371094,92.28852844238281,79.68640899658203
2022-09-09,35.48958969116211,159.82000732421875,384.4692687988281,92.49348449707031,80.55238342285156
2022-09-12,36.01738357543945,160.6300048828125,388.60137939453125,91.73344421386719,81.33427429199219
2022-09-13,34.907196044921875,158.5399932861328,371.7041320800781,91.94696807861328,78.22349548339844
2022-09-14,35.08009338378906,157.92999267578125,373.1224670410156,92.26290893554688,77.3322982788086
2022-09-15,34.70699691772461,154.97999572753906,368.88623046875,92.20317077636719,75.90303802490234
2022-09-16,34.38850021362305,155.83999633789062,366.0719909667969,91.43458557128906,75.91142272949219
2022-09-19,34.49769592285156,155.9600067138672,368.91094970703125,91.64805603027344,75.80215454101562
2022-09-20,34.30660629272461,155.07000732421875,364.67645263671875,90.73429107666016,73.96089172363281
2022-09-21,33.733306884765625,155.7899932861328,358.31500244140625,92.25439453125,72.7922592163086
2022-09-22,33.56950378417969,155.6999969482422,355.3052673339844,89.89741516113281,71.86741638183594
2022-09-23,32.74141311645508,153.00999450683594,349.3521728515625,90.2646255493164,70.91217803955078
2022-09-26,32.34102249145508,151.22999572753906,345.8961486816406,88.53959655761719,68.92352294921875
2022-09-27,32.304622650146484,151.5399932861328,345.0131530761719,86.20828247070312,68.00566864013672
2022-09-28,32.586727142333984,154.69000244140625,351.8017272949219,89.09468841552734,69.41643524169922
2022-09-29,31.85873031616211,154.66000366210938,344.45294189453125,88.63352966308594,67.37677001953125
2022-09-30,31.74043083190918,154.6699981689453,339.1264953613281,87.48919677734375,68.13314819335938
2022-10-03,32.259124755859375,158.42999267578125,348.07989501953125,88.87939453125,69.34844970703125
2022-10-04,33.31471633911133,160.6999969482422,358.86572265625,88.63114166259766,70.75071716308594
2022-10-05,33.33291244506836,159.80999755859375,358.0301818847656,87.78369140625,69.36544036865234
2022-10-06,33.13271713256836,159.6300048828125,354.3367614746094,87.29579162597656,67.43626403808594
2022-10-07,32.44112777709961,157.8800048828125,344.45294189453125,86.44834899902344,65.81303405761719
2022-10-10,31.986125946044922,155.47999572753906,341.8229064941406,85.10437774658203,65.19263458251953
2022-10-11,31.476533889770508,155.16000366210938,339.6581726074219,85.48099517822266,65.85552215576172
2022-10-12,31.512935638427734,155.99000549316406,338.537841796875,85.90046691894531,65.16712951660156
2022-10-13,31.60392951965332,154.91000366210938,347.47222900390625,85.07868957519531,66.35694122314453
2022-10-14,31.130735397338867,152.97999572753906,339.5538024902344,84.37677764892578,64.70822143554688
2022-10-17,31.986125946044922,153.4199981689453,348.27923583984375,83.96588134765625,67.1473159790039
2022-10-18,31.995229721069336,153.75,352.3713684082031,84.16279602050781,67.87818908691406
2022-10-19,31.41283416748047,151.69000244140625,349.8743896484375,82.6305160522461,66.18698120117188
2022-10-20,31.613035202026367,151.4499969482422,346.94049072265625,81.2181396484375,65.89800262451172
2022-10-21,32.0953254699707,154.14999389648438,355.3717041015625,79.75432586669922,66.41643524169922
2022-10-24,30.875940322875977,153.64999389648438,359.7201843261719,79.0952377319336,66.40792846679688
2022-10-25,31.130735397338867,154.0,365.4643859863281,81.39784240722656,69.01699829101562
2022-10-26,31.640329360961914,154.97999572753906,362.7110290527344,82.57059478759766,68.97452545166016
2022-10-27,31.394636154174805,154.74000549316406,360.774169921875,83.43517303466797,69.07648468017578
2022-10-28,31.20353889465332,153.16000366210938,369.3572082519531,82.86163330078125,70.59774017333984
2022-10-31,31.11253547668457,151.91000366210938,366.68914794921875,82.27101135253906,70.52124786376953
2022-11-01,31.685836791992188,153.4600067138672,365.0845947265625,83.03986358642578,70.49574279785156
2022-11-02,31.42193031311035,152.38999938964844,355.9223937988281,82.67945098876953,68.5580825805664
2022-11-03,31.60392951965332,151.80999755859375,352.25750732421875,82.23324584960938,68.46459197998047
2022-11-04,32.941619873046875,156.47000122070312,357.32763671875,80.85167694091797,69.3994369506836
2022-11-07,32.95981979370117,155.85000610351562,360.7456359863281,80.04505157470703,69.3994369506836
2022-11-08,33.1964111328125,159.4499969482422,362.6920166015625,80.9203109741211,69.61190032958984
2022-11-09,32.62312316894531,158.64999389648438,355.21978759765625,81.18634033203125,68.89801025390625
2022-11-10,33.80610656738281,163.47999572753906,374.7406005859375,84.30989074707031,73.93767547607422
2022-11-11,34.725196838378906,164.55999755859375,378.3675842285156,84.00096893310547,73.92916870117188
2022-11-14,34.51590347290039,164.9199981689453,375.14886474609375,83.79500579833984,72.12748718261719
2022-11-15,35.30759048461914,165.5,378.3484802246094,85.15082550048828,72.90934753417969
2022-11-16,34.743404388427734,165.1199951171875,375.4621276855469,87.01293182373047,72.2464599609375
2022-11-17,34.80709457397461,163.9199981689453,374.3133239746094,86.09477233886719,71.75353240966797
2022-11-18,34.606895446777344,162.7899932861328,376.01287841796875,85.50265502929688,72.66288757324219
2022-11-21,34.170101165771484,161.8800048828125,374.6456298828125,85.86308288574219,73.04532623291016
2022-11-22,34.25200271606445,162.07000732421875,379.687255859375,87.08159637451172,73.44476318359375
2022-11-23,34.534095764160156,163.0800018310547,382.0798645019531,88.6004638671875,73.5042495727539
2022-11-25,34.370304107666016,163.22000122070312,381.994384765625,88.30011749267578,73.9716567993164
2022-11-28,34.21559524536133,161.92999267578125,375.89892578125,88.54896545410156,71.99150085449219
2022-11-29,34.952693939208984,162.72999572753906,375.2532958984375,87.51066589355469,73.18130493164062
2022-11-30,35.96277618408203,164.80999755859375,387.073974609375,88.15422058105469,74.85552215576172
2022-12-01,35.844486236572266,167.83999633789062,386.7891845703125,90.97037506103516,74.69405364990234
2022-12-02,35.98098373413086,167.25999450683594,386.34295654296875,92.11442565917969,74.47309112548828
2022-12-05,35.57148361206055,164.38999938964844,379.39288330078125,90.82418823242188,73.11331939697266
2022-12-06,35.5259895324707,164.83999633789062,373.9240417480469,91.99398040771484,72.42493438720703
2022-12-07,35.316688537597656,166.3300018310547,373.2879638671875,94.16160583496094,72.56941986083984
2022-12-08,35.744384765625,166.47000122070312,376.21221923828125,93.9035415649414,73.07933807373047
2022-12-09,35.507789611816406,167.05999755859375,373.4018249511719,91.46068572998047,72.943359375
2022-12-12,35.398582458496094,165.67999267578125,378.7852478027344,91.75312042236328,73.5042495727539
2022-12-13,35.65172576904297,168.50999450683594,381.65264892578125,92.63910675048828,74.864013671875
2022-12-14,35.670204162597656,168.10000610351562,379.2124938964844,93.0348129272461,74.3541030883789
2022-12-15,34.84796905517578,165.35000610351562,369.936279296875,93.39778137207031,73.35977172851562
2022-12-16,34.9495964050293,166.7899932861328,365.56884765625,92.35447692871094,71.46459197998047
2022-12-19,34.97731018066406,166.32000732421875,362.4689025878906,90.80241394042969,70.55524444580078
2022-12-20,34.96807098388672,169.0800018310547,362.9649353027344,89.1900634765625,70.37677764892578
2022-12-21,35.28218078613281,168.8000030517578,368.3921203613281,89.41423034667969,70.98015594482422
2022-12-22,34.96807098388672,166.75999450683594,363.1365661621094,89.39701080322266,70.68195343017578
2022-12-23,34.921878814697266,167.25999450683594,365.2254638671875,88.0864028930664,71.31111907958984
2022-12-27,35.439239501953125,168.6699981689453,363.78515625,86.34468078613281,71.28526306152344
2022-12-28,34.921878814697266,167.91000366210938,359.2640686035156,85.83595275878906,70.07003021240234
2022-12-29,35.503910064697266,168.85000610351562,365.7309265136719,86.81027221679688,71.60415649414062
2022-12-30,35.01426315307617,169.63999938964844,364.76763916015625,85.84455108642578,71.08705139160156
2023-01-03,35.30990219116211,171.05999755859375,363.23193359375,87.48281860351562,71.15599822998047
2023-01-04,36.37233352661133,172.6699981689453,366.0361633300781,88.68134307861328,72.7676773071289
2023-01-05,36.261474609375,170.52000427246094,361.8584899902344,89.05208587646484,70.8112564086914
2023-01-06,37.01904296875,173.7100067138672,370.15667724609375,90.69032287597656,72.71598815917969
2023-01-09,37.29619598388672,174.10000610351562,369.9468078613281,91.1731948852539,72.74183654785156
2023-01-10,37.564117431640625,174.74000549316406,372.5412292480469,89.66426849365234,72.90558624267578
2023-01-11,37.72117233276367,174.6199951171875,377.2530517578125,91.12146759033203,75.51705169677734
2023-01-12,37.905941009521484,176.63999938964844,378.6264953613281,92.9149398803711,76.47372436523438
2023-01-13,38.15538024902344,178.75999450683594,380.09539794921875,92.0440673828125,75.99970245361328
2023-01-17,37.942901611328125,177.58999633789062,379.399169921875,91.4491195678711,76.21517181396484
2023-01-18,37.6842155456543,177.0800018310547,373.4091796875,93.66506958007812,75.10335540771484
2023-01-19,37.97060775756836,179.88999938964844,370.6907958984375,93.07876586914062,74.68965911865234
2023-01-20,38.55263900756836,179.2899932861328,377.59649658203125,91.56983947753906,75.57738494873047
2023-01-23,38.829795837402344,179.6300048828125,382.1271057128906,91.13870239257812,75.922119140625
2023-01-24,38.857521057128906,180.27999877929688,381.71685791015625,92.44934844970703,76.11175537109375
2023-01-25,38.894466400146484,181.11000061035156,381.8600158691406,92.67352294921875,76.14620971679688
2023-01-26,39.264015197753906,179.47000122070312,386.0567626953125,92.24240112304688,76.99947357177734
2023-01-27,39.07924270629883,179.22000122070312,386.94384765625,92.00959014892578,77.86134338378906
2023-01-30,38.29396438598633,178.75999450683594,382.0888977050781,91.67330932617188,76.87018585205078
2023-01-31,38.210819244384766,179.41000366210938,387.7068786621094,92.40621948242188,78.48188018798828
2023-02-01,38.68198776245117,181.6699981689453,391.82733154296875,93.51704406738281,78.96453094482422
2023-02-02,38.451019287109375,177.89999389648438,397.53118896484375,93.63805389404297,80.7572250366211
2023-02-03,37.767364501953125,173.4600067138672,393.3058166503906,92.23762512207031,79.2403335571289
2023-02-06,37.213050842285156,173.82000732421875,390.90216064453125,91.55475616455078,78.66287994384766
2023-02-07,37.36086654663086,173.97999572753906,396.01458740234375,90.81993103027344,78.4905014038086
2023-02-08,37.31467056274414,174.41000366210938,391.684326171875,91.25214385986328,78.1198959350586
2023-02-09,37.490203857421875,173.02999877929688,388.2886962890625,90.3877182006836,77.26665496826172
2023-02-10,37.1298942565918,173.36000061035156,389.1947937011719,89.37631225585938,77.53382873535156
2023-02-13,37.43476867675781,172.47999572753906,393.7635498046875,90.12836456298828,78.22332000732422
2023-02-14,37.3701057434082,172.61000061035156,393.5824279785156,89.92086029052734,77.602783203125
2023-02-15,37.05598831176758,170.88999938964844,394.86053466796875,89.08238983154297,77.91305541992188
2023-02-16,37.06522750854492,170.75,389.42376708984375,87.82029724121094,77.15460968017578
2023-02-17,36.65873336791992,171.25999450683594,388.45086669921875,88.503173828125,76.85295104980469
2023-02-21,36.19680404663086,170.6199951171875,380.65814208984375,86.78289794921875,75.31021881103516
2023-02-22,36.021270751953125,169.66000366210938,380.1335754394531,87.57823944091797,74.62933349609375
2023-02-23,36.19680404663086,169.57000732421875,382.1556701660156,88.43402099609375,75.18954467773438
2023-02-24,35.38380432128906,168.35000610351562,378.0733642578125,87.2843246459961,73.87088012695312
2023-02-27,35.568572998046875,169.00999450683594,379.36102294921875,87.5263442993164,73.98292541503906
2023-02-28,35.31914138793945,169.77999877929688,377.9588623046875,87.92399597167969,73.87950897216797
2023-03-01,36.07670211791992,170.75999450683594,376.50909423828125,86.97940826416016,72.94867706298828
2023-03-02,36.20603942871094,170.66000366210938,379.4372863769531,86.2081527709961,73.80191802978516
2023-03-03,36.529396057128906,172.49000549316406,385.5226745605469,88.29661560058594,74.92236328125
2023-03-06,36.400054931640625,171.6199951171875,385.7897644042969,87.61202239990234,74.62933349609375
2023-03-07,35.790306091308594,168.6199951171875,379.8759765625,88.14934539794922,72.88835144042969
2023-03-08,35.93811798095703,168.5399932861328,380.4960632324219,88.2359619140625,73.72435760498047
2023-03-09,35.14360809326172,170.1999969482422,373.4759826660156,88.45260620117188,72.03510284423828
2023-03-10,34.958831787109375,173.8699951171875,368.0869140625,91.50301361083984,69.64771270751953
2023-03-13,35.01426315307617,177.86000061035156,367.5622863769531,91.71099090576172,70.56129455566406
2023-03-14,35.032737731933594,176.8300018310547,373.63812255859375,90.2031478881836,71.24217224121094
2023-03-15,34.43223571777344,178.2100067138672,371.3012390136719,91.94496154785156,71.19047546386719
2023-03-16,34.958831787109375,178.57000732421875,377.8157958984375,91.22569274902344,71.03533935546875
2023-03-17,34.746341705322266,183.77000427246094,373.3981628417969,92.59491729736328,69.42363739013672
2023-03-20,34.87568664550781,183.83999633789062,376.9886474609375,91.78034210205078,70.21656799316406
2023-03-21,35.18979263305664,180.3699951171875,381.9386291503906,90.99171447753906,69.90628051757812
2023-03-22,35.3283805847168,183.44000244140625,375.4279479980469,92.20496368408203,67.29480743408203
2023-03-23,35.81802749633789,185.74000549316406,376.44281005859375,92.20496368408203,66.87249755859375
2023-03-24,35.72563552856445,183.64999389648438,378.9131164550781,92.59491729736328,68.58740234375
2023-03-27,35.5316276550293,181.9499969482422,379.6216125488281,90.41979217529297,68.50904846191406
2023-03-28,36.03974533081055,183.44000244140625,378.7694396972656,90.58443450927734,68.34365844726562
2023-03-29,36.1413688659668,182.52999877929688,384.27484130859375,90.4024429321289,69.85833740234375
2023-03-30,36.50167465209961,184.17999267578125,386.5248718261719,90.81842041015625,70.77236938476562
2023-03-31,36.455482482910156,183.22000122070312,391.9727478027344,92.17896270751953,72.28705596923828
2023-04-03,36.529396057128906,184.5399932861328,393.4664001464844,92.61246490478516,71.7125244140625
2023-04-04,36.529396057128906,187.97999572753906,391.28338623046875,93.07293701171875,71.61676788330078
2023-04-05,36.24300003051758,187.8300018310547,390.25897216796875,94.0459976196289,71.2337417602539
2023-04-06,36.39081573486328,186.49000549316406,391.78125,94.28921508789062,71.72122955322266
2023-04-10,36.42776870727539,185.11000061035156,392.18341064453125,92.76885986328125,72.0520248413086
2023-04-11,36.64949417114258,186.27999877929688,392.28875732421875,92.95999145507812,72.35669708251953
2023-04-12,36.39081573486328,187.19000244140625,390.6897277832031,92.8644027709961,72.00850677490234
2023-04-13,36.88970184326172,189.72000122070312,395.8791809082031,92.1346435546875,71.79088592529297
2023-04-14,36.695682525634766,186.36000061035156,394.9121398925781,91.29193878173828,70.67662811279297
2023-04-17,36.85274124145508,185.52999877929688,396.32916259765625,90.20594787597656,72.14778137207031
2023-04-18,36.806549072265625,186.25,396.5876770019531,90.52739715576172,71.98238372802734
2023-04-19,36.437007904052734,185.36000061035156,396.52069091796875,90.44049835205078,72.40892028808594
2023-04-20,36.38157653808594,186.08999633789062,394.3569030761719,91.2137222290039,71.69512176513672
2023-04-21,36.03974533081055,184.25,394.6632385253906,90.70116424560547,71.70382690429688
2023-04-24,35.95659637451172,184.80999755859375,395.07489013671875,91.57862091064453,71.43395233154297
2023-04-25,35.28218078613281,185.75,388.8035583496094,92.92522430419922,70.72885131835938
2023-04-26,35.48543167114258,184.74000549316406,387.15679931640625,91.934814453125,70.04986572265625
2023-04-27,35.96583557128906,184.75,394.8643493652344,91.02256774902344,71.6341781616211
2023-04-28,36.150611877441406,184.8000030517578,398.2345275878906,92.49085235595703,72.51338958740234
2023-05-01,36.03050994873047,183.97000122070312,397.8324279785156,89.82388305664062,71.97367858886719
2023-05-02,35.679443359375,187.52000427246094,393.361083984375,92.06229400634766,70.75496673583984
2023-05-03,35.6240119934082,189.11000061035156,390.6610412597656,92.57621002197266,70.47640991210938
2023-05-04,35.910404205322266,190.44000244140625,387.89398193359375,91.66166687011719,71.05964660644531
2023-05-05,36.39081573486328,187.4600067138672,395.07489013671875,91.35681915283203,72.24354553222656
2023-05-08,36.4092903137207,187.69000244140625,395.1802978515625,90.07649993896484,71.82568359375
2023-05-09,36.187564849853516,189.02000427246094,393.4472961425781,89.75423431396484,71.5210189819336
2023-05-10,36.169090270996094,188.75,395.28558349609375,90.62519836425781,72.20870208740234
2023-05-11,36.03974533081055,187.1300048828125,394.59619140625,91.583251953125,71.41656494140625
2023-05-12,35.61477279663086,186.80999755859375,394.0792236328125,90.81682586669922,71.40784454345703
2023-05-15,36.27070999145508,187.2100067138672,395.438720703125,89.87617492675781,71.2859878540039
2023-05-16,36.01203155517578,184.8699951171875,392.796142578125,89.60617065429688,69.50141906738281
2023-05-17,36.17832565307617,184.22999572753906,397.5643005371094,89.34485626220703,70.44158172607422
2023-05-18,35.984317779541016,181.83999633789062,401.3941650390625,88.68292236328125,70.1020736694336
2023-05-19,36.01203155517578,183.63999938964844,400.81005859375,88.05581665039062,69.98893737792969
2023-05-22,36.30766296386719,183.2100067138672,400.972900390625,87.74227142333984,70.41546630859375
2023-05-23,35.74410629272461,183.42999267578125,396.4728088378906,87.99484252929688,69.75386047363281
2023-05-24,35.476192474365234,181.9499969482422,393.6004333496094,87.55937194824219,68.25662994384766
2023-05-25,35.40228271484375,180.1999969482422,397.009033203125,87.34160614013672,68.2479019165039
2023-05-26,36.03050994873047,180.9199981689453,402.1504821777344,88.04710388183594,69.03135681152344
2023-05-30,35.61477279663086,182.0399932861328,402.30377197265625,88.92683410644531,69.29251861572266
2023-05-31,35.28218078613281,182.32000732421875,400.0728454589844,89.70196533203125,69.64070892333984
2023-06-01,35.910404205322266,183.75999450683594,403.8739013671875,90.05390167236328,69.64942932128906
2023-06-02,36.529396057128906,181.0500030517578,409.7143859863281,89.06707763671875,71.346923828125
2023-06-05,36.52015686035156,182.13999938964844,408.9293518066406,88.90116119384766,70.8507308959961
2023-06-06,36.84351348876953,182.33999633789062,409.81976318359375,89.42514038085938,71.52971649169922
2023-06-07,36.68522262573242,180.14999389648438,408.4026794433594,88.09771728515625,72.84418487548828
2023-06-08,36.945926666259766,182.52999877929688,410.87298583984375,89.12822723388672,72.39153289794922
2023-06-09,37.113525390625,182.0399932861328,411.61016845703125,89.00596618652344,71.97367858886719
2023-06-12,37.188011169433594,181.8800048828125,415.3442687988281,89.2679443359375,71.9910888671875
2023-06-13,37.56045150756836,180.5399932861328,418.08251953125,88.38594055175781,72.45246124267578
2023-06-14,37.83978271484375,180.63999938964844,418.5804443359375,89.09330749511719,72.72232818603516
2023-06-15,38.1935920715332,181.91000366210938,423.7698669433594,89.94911193847656,73.1053466796875
2023-06-16,38.0632438659668,181.6300048828125,422.326416015625,89.59981536865234,73.05311584472656
2023-06-20,37.318363189697266,179.75,420.13531494140625,90.21983337402344,72.1913070678711
2023-06-21,37.14145278930664,179.49000549316406,417.9826965332031,90.43815612792969,71.75605010986328
2023-06-22,37.01110076904297,177.7100067138672,419.491455078125,89.34652709960938,70.72885131835938
2023-06-23,36.471065521240234,178.1999969482422,416.3200988769531,90.2373046875,69.75386047363281
2023-06-26,36.592105865478516,178.50999450683594,414.6191711425781,90.3333740234375,71.36431884765625
2023-06-27,36.96454620361328,177.69000244140625,419.1646728515625,90.0975570678711,72.24354553222656
2023-06-28,36.741085052490234,177.27999877929688,419.37615966796875,90.4818115234375,72.3479995727539
2023-06-29,36.545555114746094,177.08999633789062,421.0290222167969,88.8487548828125,73.15613555908203
2023-06-30,36.83419418334961,178.27000427246094,425.9974670410156,89.8967056274414,73.56109619140625
2023-07-03,37.24387741088867,178.47000122070312,426.4875793457031,89.38706970214844,74.28298950195312
2023-07-05,37.02041244506836,177.83999633789062,425.85333251953125,88.5376968383789,74.45025634765625
2023-07-06,36.26622772216797,177.30999755859375,422.51861572265625,87.2854995727539,73.8780288696289
2023-07-07,36.67591094970703,178.63999938964844,421.4519348144531,86.7601318359375,73.71076202392578
2023-07-10,36.70384216308594,178.77999877929688,422.51861572265625,86.87393188476562,74.0276870727539
2023-07-11,37.0762825012207,179.4499969482422,425.20947265625,87.32051849365234,75.08409881591797
2023-07-12,37.90495300292969,181.8800048828125,428.630615234375,88.29252624511719,75.48904418945312
2023-07-13,38.398441314697266,182.00999450683594,432.03265380859375,89.22071075439453,75.97322845458984
2023-07-14,38.18428039550781,181.42999267578125,431.76361083984375,88.69532012939453,75.8235855102539
2023-07-17,38.2308464050293,181.55999755859375,433.26275634765625,88.73908996582031,75.3305892944336
2023-07-18,37.951507568359375,183.63999938964844,436.4821472167969,89.14191436767578,74.91682434082031
2023-07-19,37.87702560424805,183.6699981689453,437.4527587890625,90.14892578125,75.761962890625
2023-07-20,37.597694396972656,182.74000549316406,434.5505065917969,89.0543441772461,75.51545715332031
2023-07-21,37.54182815551758,182.17999267578125,434.5505065917969,89.08061981201172,75.86759185791016
2023-07-24,38.053932189941406,181.39999389648438,436.49176025390625,88.7566146850586,76.49263000488281
2023-07-25,38.37050247192383,182.41000366210938,437.6833801269531,88.5902328491211,75.94682312011719
2023-07-26,38.59396743774414,183.3000030517578,437.7506408691406,88.67781829833984,76.2901611328125
2023-07-27,38.119110107421875,180.4199981689453,434.8484191894531,86.95276641845703,74.63512420654297
2023-07-28,39.0408935546875,181.86000061035156,439.1056823730469,87.39936828613281,74.57349395751953
2023-07-31,39.05952072143555,182.35000610351562,439.9418029785156,87.6094970703125,75.05767822265625
2023-08-01,38.56603240966797,180.4600067138672,438.6828918457031,86.1738510131836,74.93443298339844
2023-08-02,37.64424514770508,179.60000610351562,432.5804138183594,85.25186157226562,74.50306701660156
2023-08-03,37.7932243347168,179.5399932861328,431.34075927734375,83.28498840332031,73.69315338134766
2023-08-04,37.74666976928711,180.19000244140625,429.38983154296875,84.76016998291016,73.09452056884766
2023-08-07,37.69080352783203,179.77999877929688,433.1377868652344,83.92601776123047,74.01007843017578
2023-08-08,37.23456573486328,178.63999938964844,431.2542419433594,84.90065002441406,73.53469848632812
2023-08-09,37.32767105102539,177.7899932861328,428.3712463378906,85.33969116210938,73.52587127685547
2023-08-10,37.383541107177734,177.60000610351562,428.5249328613281,83.93476104736328,73.24417114257812
2023-08-11,36.83419418334961,177.60000610351562,428.2751159667969,83.74159240722656,73.3586196899414
2023-08-14,36.657283782958984,177.05999755859375,430.6391296386719,83.55720520019531,72.87443542480469
2023-08-15,36.23828887939453,176.58999633789062,425.6227111816406,83.04792785644531,72.05570983886719
2023-08-16,35.912410736083984,175.57000732421875,422.4993896484375,82.39812469482422,71.16658782958984
2023-08-17,35.99620819091797,175.3000030517578,419.2799987792969,82.04695129394531,70.59436798095703
2023-08-18,35.754119873046875,175.3300018310547,419.4818115234375,82.33667755126953,70.81446075439453
2023-08-21,35.83791732788086,175.80999755859375,422.21112060546875,81.23910522460938,70.16299438476562
2023-08-22,35.763431549072266,176.10000610351562,421.0675048828125,81.86251831054688,70.36548614501953
2023-08-23,36.33140182495117,177.88999938964844,425.75726318359375,83.89088439941406,71.4747085571289
2023-08-24,36.191734313964844,177.85000610351562,419.8566589355469,83.33769226074219,71.20179748535156
2023-08-25,36.22897720336914,177.6199951171875,422.8164978027344,83.60989379882812,71.25462341308594
2023-08-28,36.58279800415039,178.1300048828125,425.497802734375,83.69769287109375,71.9236831665039
2023-08-29,37.048343658447266,179.8699951171875,431.6482238769531,84.56700134277344,72.79521179199219
2023-08-30,36.927303314208984,180.32000732421875,433.4261169433594,84.47917175292969,73.05931854248047
2023-08-31,36.471065521240234,180.02000427246094,432.7918395996094,84.85673522949219,72.52230072021484
2023-09-01,36.899375915527344,180.11000061035156,433.59912109375,83.5347900390625,72.64554595947266
2023-09-05,36.60141372680664,178.63999938964844,431.7251281738281,82.36346435546875,71.80043029785156
2023-09-06,36.396575927734375,177.8300018310547,428.8228454589844,82.56602478027344,71.6507797241211
2023-09-07,35.96827697753906,178.02000427246094,427.50634765625,82.79502868652344,72.09972381591797
2023-09-08,36.04275894165039,178.0800018310547,428.150146484375,83.1120834350586,71.81802368164062
2023-09-11,36.48968505859375,178.41000366210938,430.9659729003906,82.51319885253906,71.82682037353516
2023-09-12,36.37795639038086,177.49000549316406,428.601806640625,82.98876953125,71.79161834716797
2023-09-13,36.33140182495117,177.0800018310547,429.1015930175781,82.9711685180664,71.00812530517578
2023-09-14,36.573486328125,177.1699981689453,432.8013916015625,82.37226104736328,72.2934341430664
2023-09-15,36.43382263183594,178.33999633789062,427.5869445800781,81.87029266357422,72.02051544189453
2023-09-18,36.38726806640625,179.38999938964844,427.8376770019531,82.3370361328125,71.37786865234375
2023-09-19,36.17311477661133,179.22000122070312,426.950439453125,81.7293701171875,71.05213165283203
2023-09-20,36.02413558959961,179.35000610351562,423.0252990722656,81.98478698730469,71.11375427246094
2023-09-21,35.400306701660156,178.0500030517578,416.033447265625,79.87989044189453,68.69284057617188
2023-09-22,35.81930160522461,178.6199951171875,415.0979309082031,80.52279663085938,68.1734390258789
2023-09-25,35.6610107421875,177.6999969482422,416.8434753417969,78.54122924804688,68.11181640625
2023-09-26,35.15821838378906,176.27999877929688,410.7195739746094,78.26820373535156,66.87052154541016
2023-09-27,35.214088439941406,174.10000610351562,410.8834228515625,77.86307525634766,66.42154693603516
2023-09-28,35.307193756103516,173.22999572753906,413.2655944824219,78.1008529663086,67.05889892578125
2023-09-29,35.33512496948242,171.4499969482422,412.2625732421875,78.10969543457031,67.25444793701172
2023-10-02,35.15821838378906,169.64999389648438,412.09869384765625,76.80207824707031,66.01888275146484
2023-10-03,34.69266891479492,169.16000366210938,406.5822448730469,75.14994812011719,64.72998046875
2023-10-04,34.59025192260742,169.13999938964844,409.5429382324219,76.21015930175781,65.52108764648438
2023-10-05,34.720603942871094,168.8300018310547,409.388671875,75.83026123046875,65.88555908203125
2023-10-06,35.2234001159668,169.6999969482422,414.2492980957031,74.91143035888672,66.0633316040039
2023-10-09,35.05580520629883,172.82000732421875,416.9013671875,76.66960144042969,66.78333282470703
2023-10-10,35.558589935302734,172.52999877929688,419.0712890625,76.56356811523438,67.10335540771484
2023-10-11,35.78205490112305,173.7899932861328,420.78790283203125,78.16266632080078,68.26781463623047
2023-10-12,35.38167953491211,173.25999450683594,418.2225646972656,76.04228973388672,67.2722396850586
2023-10-13,35.2513313293457,178.8300018310547,416.1394958496094,77.40289306640625,67.10335540771484
2023-10-16,35.51203918457031,177.9600067138672,420.5178527832031,76.15715026855469,67.90337371826172
2023-10-17,35.41893005371094,178.2899932861328,420.4985046386719,75.31784057617188,67.80557250976562
2023-10-18,34.8788948059082,180.8699951171875,414.8954162597656,74.65520477294922,66.36557006835938
2023-10-19,34.674049377441406,183.08999633789062,411.2499694824219,73.12674713134766,64.79219055175781
2023-10-20,34.25505065917969,183.58999633789062,406.196533203125,73.54200744628906,64.35662841796875
2023-10-23,34.22711944580078,182.97000122070312,405.4924621582031,74.42552185058594,63.725521087646484
2023-10-24,34.664737701416016,182.9499969482422,408.5496520996094,75.40620422363281,64.54328155517578
2023-10-25,34.208499908447266,183.72000122070312,402.68609619140625,73.72752380371094,63.156620025634766
2023-10-26,34.0409049987793,184.00999450683594,397.8641052246094,74.8584213256836,64.36552429199219
2023-10-27,34.01297378540039,186.14999389648438,396.0605773925781,74.54035949707031,63.33438491821289
2023-10-30,34.36678695678711,185.10000610351562,400.7957763671875,74.20462799072266,63.734405517578125
2023-10-31,34.17125701904297,184.08999633789062,403.3129577636719,73.8424072265625,64.81886291503906
2023-11-01,34.487831115722656,183.50999450683594,407.61419677734375,75.4434814453125,65.21887969970703
2023-11-02,35.093040466308594,184.1199951171875,415.42584228515625,77.16331481933594,67.36111450195312
2023-11-03,35.80998992919922,184.7899932861328,419.2159118652344,77.68636322021484,68.97004699707031
2023-11-06,36.0986328125,183.35000610351562,420.1803283691406,76.93285369873047,67.97447204589844
2023-11-07,36.033451080322266,182.58999633789062,421.3761291503906,78.06756591796875,67.41446685791016
2023-11-08,35.79136276245117,180.77000427246094,421.6847839355469,79.39737701416016,67.6366958618164
2023-11-09,35.45616912841797,181.49000549316406,418.3961486816406,77.57111358642578,66.57001495361328
2023-11-10,35.70756530761719,179.50999450683594,424.9251708984375,78.00550079345703,67.19223022460938
2023-11-13,35.6982536315918,180.50999450683594,424.5201416015625,77.8282241821289,66.6322250366211
2023-11-14,36.647972106933594,182.1199951171875,432.7561340332031,79.59239959716797,70.33004760742188
2023-11-15,36.95523452758789,181.63999938964844,433.6723327636719,78.47538757324219,70.53453063964844
2023-11-16,36.60141372680664,183.69000244140625,434.2027893066406,79.4505844116211,70.3833999633789
2023-11-17,36.647972106933594,183.6699981689453,434.74273681640625,79.82290649414062,70.33004760742188
2023-11-20,37.10421371459961,183.3699951171875,438.08929443359375,80.31047821044922,70.84562683105469
2023-11-21,36.87143325805664,185.35000610351562,437.1344909667969,80.27506256103516,70.34783935546875
2023-11-22,36.79694747924805,184.55999755859375,438.82220458984375,80.55872344970703,70.69451141357422
2023-11-24,36.815574645996094,185.52000427246094,439.0922546386719,79.61014556884766,70.89896392822266
2023-11-27,36.66659927368164,186.77000427246094,438.30145263671875,80.93993377685547,71.15674591064453
2023-11-28,36.973854064941406,189.25999450683594,438.7355041503906,81.0995101928711,71.62786865234375
2023-11-29,36.75971221923828,189.5399932861328,438.4267883300781,82.11902618408203,72.12564086914062
2023-11-30,36.83419418334961,188.75,440.153076171875,81.17044067382812,72.65010833740234
2023-12-01,36.99248123168945,192.00999450683594,442.75701904296875,82.6991958618164,74.43679809570312
2023-12-04,36.573486328125,187.86000061035156,440.4327392578125,82.37017059326172,74.9790267944336
2023-12-05,36.35002899169922,187.14999389648438,440.3459777832031,84.13992309570312,74.48123931884766
2023-12-06,36.303470611572266,187.83999633789062,438.57147216796875,85.26049041748047,74.25901794433594
2023-12-07,36.480377197265625,188.14999389648438,441.9179382324219,84.7713394165039,74.47235870361328
2023-12-08,36.32209014892578,185.63999938964844,443.81787109375,84.07763671875,74.347900390625
2023-12-11,36.53624725341797,183.58999633789062,445.5440673828125,83.89981842041016,74.55236053466797
2023-12-12,36.545555114746094,183.49000549316406,447.5790100097656,84.14881134033203,74.50791931152344
2023-12-13,36.90868377685547,187.6300048828125,453.75115966796875,86.12313079833984,77.36128234863281
2023-12-14,37.44872283935547,188.72999572753906,455.2074279785156,88.36343383789062,79.59245300292969
2023-12-15,37.225257873535156,187.0,454.4578857421875,88.46160888671875,78.47241973876953
2023-12-18,37.20663070678711,187.85000610351562,457.0143127441406,87.75676727294922,78.29464721679688
2023-12-19,37.5232048034668,189.1300048828125,459.7933044433594,88.2295913696289,78.89021301269531
2023-12-20,36.84772491455078,188.10000610351562,453.421875,88.82740783691406,77.93018341064453
2023-12-21,37.540279388427734,189.42999267578125,457.72113037109375,88.26530456542969,78.62128448486328
2023-12-22,37.36002731323242,190.27000427246094,458.6409912109375,87.86380767822266,78.92724609375
2023-12-26,37.65412902832031,191.72000122070312,460.57763671875,88.11363220214844,79.51215362548828
2023-12-27,37.8723258972168,192.58999633789062,461.4103698730469,89.67495727539062,79.89910125732422
2023-12-28,38.16642761230469,191.47000122070312,461.58465576171875,89.02367401123047,80.46601867675781
2023-12-29,38.1474494934082,191.1699981689453,460.2484130859375,88.22068786621094,79.51215362548828
2024-01-02,37.70156478881836,190.72000122070312,457.6726989746094,87.7121353149414,80.19605255126953
2024-01-03,37.49284362792969,189.1300048828125,453.9350280761719,88.07794952392578,78.27935028076172
2024-01-04,37.36951446533203,189.32000732421875,452.47283935546875,86.73963165283203,78.13536071777344
2024-01-05,37.41694641113281,189.35000610351562,453.0926208496094,85.909912109375,77.93739318847656
2024-01-08,37.52130889892578,187.8699951171875,459.5609130859375,86.75747680664062,79.05323028564453
2024-01-09,36.99003982543945,187.92999267578125,458.86370849609375,86.2043228149414,78.52232360839844
2024-01-10,36.90464401245117,187.5,461.4588317871094,85.8028335571289,78.61229705810547
2024-01-11,37.05644607543945,187.8699951171875,461.2555236816406,86.28462219238281,77.88341522216797
2024-01-12,37.18925857543945,189.7100067138672,461.5749206542969,86.1151123046875,78.35132598876953
2024-01-16,36.28799057006836,187.91000366210938,459.8804931640625,84.5983657836914,77.77542114257812
2024-01-17,35.747230529785156,185.83999633789062,457.3241271972656,84.46452331542969,76.3536376953125
2024-01-18,36.041324615478516,187.3699951171875,461.3909606933594,83.67938995361328,75.939697265625
2024-01-19,36.42081069946289,187.92999267578125,467.142822265625,83.94705963134766,76.84855651855469
2024-01-22,36.09825134277344,187.22000122070312,468.1304626464844,84.44670867919922,77.30748748779297
2024-01-23,36.41132354736328,187.9499969482422,469.4957580566406,83.7775650024414,76.77656555175781
2024-01-24,36.81926727294922,186.39999389648438,470.00909423828125,83.28683471679688,75.6787338256836
2024-01-25,36.86669921875,187.13999938964844,472.5653381347656,83.83108520507812,76.65058898925781
2024-01-26,36.89515686035156,187.00999450683594,471.96502685546875,83.67049407958984,76.43462371826172
2024-01-29,36.91413497924805,188.3300018310547,475.7026672363281,84.63404846191406,76.93854522705078
2024-01-30,36.62003707885742,188.58999633789062,475.3346862792969,85.40135955810547,76.21864318847656
2024-01-31,36.42081069946289,188.4499969482422,467.57855224609375,86.24000549316406,75.48976135253906
2024-02-01,36.771827697753906,190.41000366210938,473.69830322265625,87.93167877197266,76.85755157470703
2024-02-02,36.667476654052734,188.61000061035156,478.6850891113281,85.98939514160156,75.90370178222656
2024-02-05,36.714908599853516,187.57000732421875,476.9421691894531,84.25297546386719,74.31094360351562
2024-02-06,37.54977035522461,188.5500030517578,478.32684326171875,85.07642364501953,75.30978393554688
2024-02-07,37.597206115722656,188.5,482.3162536621094,84.66468811035156,75.2018051147461
2024-02-08,37.38848876953125,188.3300018310547,482.5293273925781,84.17239379882812,75.81371307373047
2024-02-09,37.54977035522461,187.60000610351562,485.3180236816406,84.0023422241211,75.9306869506836
2024-02-12,37.843868255615234,187.11000061035156,485.10498046875,84.1008071899414,75.94868469238281
2024-02-13,37.13233947753906,184.52999877929688,478.42364501953125,82.65972137451172,74.38292694091797
2024-02-14,37.66361618041992,184.4199981689453,482.7713623046875,83.08041381835938,74.96782684326172
2024-02-15,37.843868255615234,185.66000366210938,486.10235595703125,83.51004791259766,76.71358489990234
2024-02-16,38.02412033081055,186.33999633789062,483.681640625,83.02668762207031,75.92169189453125
2024-02-20,38.0810432434082,187.47000122070312,481.01873779296875,83.09830474853516,75.7867202758789
2024-02-21,38.1474494934082,187.47999572753906,481.4544677734375,82.507568359375,76.20966339111328
2024-02-22,38.53641891479492,187.55999755859375,491.4184265136719,82.91036987304688,76.3536376953125
2024-02-23,38.51744842529297,188.6199951171875,491.75732421875,84.02022552490234,76.31761932373047
2024-02-26,38.3466796875,188.1999969482422,489.95623779296875,83.76962280273438,75.48075103759766
2024-02-27,38.422576904296875,188.0,490.866455078125,83.17890167236328,75.57074737548828
2024-02-28,37.91976547241211,188.33999633789062,490.2176818847656,83.70697021484375,76.33563995361328
2024-02-29,37.93873977661133,189.30999755859375,491.98004150390625,84.29772186279297,76.98352813720703
2024-03-01,38.403602600097656,192.88999938964844,496.598876953125,84.82299041748047,77.90137481689453
2024-03-04,38.31822204589844,196.00999450683594,496.0662536621094,84.48176574707031,78.63027954101562
2024-03-05,37.9766845703125,197.19000244140625,491.1085510253906,85.6849594116211,77.67642974853516
2024-03-06,38.52693176269531,198.80999755859375,493.5970764160156,86.18775939941406,78.06336975097656
2024-03-07,38.76411056518555,199.94000244140625,498.4967346191406,86.10693359375,78.04537963867188
2024-03-08,38.72616195678711,201.6300048828125,495.5046691894531,85.9543228149414,78.94524383544922
2024-03-11,38.81154251098633,202.0,495.07861328125,85.909423828125,78.5672836303711
2024-03-12,39.23846435546875,199.7899932861328,500.40435791015625,85.19110870361328,78.39632415771484
2024-03-13,39.11513137817383,201.19000244140625,499.6199645996094,84.77808380126953,78.0003890991211
2024-03-14,38.91590118408203,200.35000610351562,498.63232421875,83.47615814208984,76.8305435180664
2024-03-15,38.67873001098633,199.7100067138672,495.2083740234375,83.44921112060547,76.65957641601562
2024-03-18,38.74513626098633,200.02999877929688,498.1515197753906,83.19781494140625,76.6955795288086
2024-03-19,38.555397033691406,199.8000030517578,500.9198303222656,83.43124389648438,76.6685791015625
2024-03-20,38.991798400878906,202.17999267578125,505.5529479980469,83.404296875,77.1725082397461
2024-03-21,39.039241790771484,201.97000122070312,507.2236633300781,83.5838851928711,77.73042297363281
2024-03-22,38.76411056518555,200.35000610351562,506.2620849609375,84.38300323486328,76.75208282470703
2024-03-25,38.792572021484375,200.99000549316406,504.8633728027344,83.96100616455078,76.28016662597656
2024-03-26,38.76411056518555,201.63999938964844,503.9308166503906,84.19446563720703,75.97156524658203
2024-03-27,38.83052062988281,203.10000610351562,508.1658020019531,85.02947998046875,77.93191528320312
2024-03-28,38.97283172607422,205.72000122070312,508.06878662109375,84.95767211914062,78.48552703857422
2024-04-01,39.039241790771484,207.82000732421875,507.1847229003906,83.37396240234375,77.1695556640625
2024-04-02,39.162567138671875,210.88999938964844,503.96014404296875,82.91453552246094,76.1984634399414
2024-04-03,39.1910285949707,212.74000549316406,504.5136413574219,82.896484375,76.28016662597656
2024-04-04,39.04872512817383,211.52000427246094,498.35546875,83.49105072021484,75.79007720947266
2024-04-05,39.13410568237305,215.13999938964844,503.561767578125,82.3289566040039,76.1803207397461
2024-04-08,39.3902587890625,216.47999572753906,503.8434753417969,82.3199691772461,76.99710845947266
2024-04-09,39.6558952331543,217.6699981689453,504.4263000488281,83.08567810058594,78.02265930175781
2024-04-10,39.11513137817383,215.61000061035156,499.3753662109375,81.27497100830078,74.79175567626953
2024-04-11,39.35231399536133,219.8000030517578,503.1441345214844,80.90562438964844,75.04586029052734
2024-04-12,38.4510383605957,216.88999938964844,496.1991882324219,81.33802795410156,74.1564712524414
2024-04-15,38.20437240600586,220.9499969482422,489.98272705078125,80.07682800292969,72.89495849609375
2024-04-16,37.70156478881836,221.22000122070312,489.08905029296875,79.54531860351562,71.86942291259766
2024-04-17,37.673099517822266,219.58999633789062,486.1946105957031,80.42815399169922,71.34304809570312
2024-04-18,37.82489013671875,220.33999633789062,485.19415283203125,80.02278137207031,71.35211944580078
2024-04-19,37.673099517822266,221.02999877929688,480.9591369628906,80.31104278564453,71.69698333740234
2024-04-22,38.0810432434082,215.57000732421875,485.3883972167969,80.17594909667969,72.33229064941406
2024-04-23,38.39411544799805,215.0399932861328,491.1483154296875,80.20294952392578,72.99479675292969
2024-04-24,38.52693176269531,214.63999938964844,490.9151611328125,79.63541412353516,73.13093566894531
2024-04-25,38.61231994628906,215.9199981689453,489.0502624511719,79.076904296875,72.71344757080078
2024-04-26,39.05820846557617,216.6199951171875,493.6834716796875,79.49128723144531,72.749755859375
2024-04-29,39.43769454956055,216.17999267578125,495.4318542480469,80.15792083740234,73.49394989013672
2024-04-30,38.8874397277832,211.8699951171875,487.5835266113281,79.4732666015625,72.25057983398438
2024-05-01,38.92538833618164,213.7899932861328,486.00030517578125,80.05905151367188,72.2778091430664
2024-05-02,39.9310188293457,213.1300048828125,490.54608154296875,80.402587890625,73.29429626464844
2024-05-03,40.29153060913086,212.9600067138672,496.6265563964844,81.21617126464844,73.78437805175781
2024-05-06,40.32947540283203,215.1999969482422,501.755126953125,81.5326156616211,73.847900390625
2024-05-07,40.101783752441406,214.2100067138672,502.30877685546875,82.02981567382812,74.54671478271484
2024-05-08,40.11126708984375,213.5800018310547,502.3573303222656,81.5326156616211,73.92049407958984
2024-05-09,40.23460388183594,216.9499969482422,505.25189208984375,81.93035125732422,75.43611907958984
2024-05-10,40.31999206542969,218.7100067138672,505.90277099609375,81.46932983398438,75.22737884521484
2024-05-13,40.62357711791992,216.25999450683594,505.9706115722656,81.67723846435547,75.4724349975586
2024-05-14,40.841773986816406,218.08999633789062,508.29205322265625,82.13826751708984,76.05326843261719
2024-05-15,41.278175354003906,220.88999938964844,514.5862426757812,83.25924682617188,77.10601806640625
2024-05-16,41.36356735229492,220.02999877929688,513.5275268554688,83.17789459228516,77.05156707763672
2024-05-17,41.543819427490234,223.66000366210938,514.2656860351562,82.61740112304688,77.04248809814453
2024-05-20,41.39202880859375,224.55999755859375,514.8583374023438,82.37332916259766,76.58872985839844
2024-05-21,41.13587951660156,224.22999572753906,516.1209716796875,82.79821014404297,76.56149291992188
2024-05-22,41.0030632019043,220.11000061035156,514.6348876953125,82.89766693115234,75.87174224853516
2024-05-23,40.6994743347168,215.72000122070312,510.87579345703125,82.36429595947266,74.2381362915039
2024-05-24,40.813316345214844,215.9199981689453,514.2559814453125,82.60836029052734,74.29259490966797
2024-05-28,40.75638961791992,218.19000244140625,514.615478515625,81.42412567138672,73.8025131225586
2024-05-29,40.14922332763672,216.16000366210938,511.0118408203125,80.43875122070312,73.08554077148438
2024-05-30,40.03537368774414,216.57000732421875,507.62188720703125,81.21617126464844,74.1564712524414
2024-05-31,39.64640808105469,215.3000030517578,512.2454223632812,81.76763153076172,75.5450210571289
2024-06-03,40.063838958740234,217.22000122070312,512.6629638671875,83.09017944335938,75.37259674072266
2024-06-04,39.50410461425781,215.27000427246094,513.2361450195312,84.06078338623047,75.95343017578125
2024-06-05,40.13973617553711,217.82000732421875,519.3361206054688,84.6776123046875,75.86266326904297
2024-06-06,40.338966369628906,219.42999267578125,519.3262939453125,84.55062103271484,76.00788879394531
2024-06-07,39.88358688354492,211.60000610351562,518.6949462890625,82.99950408935547,75.2909164428711
2024-06-10,40.120758056640625,213.5399932861328,520.297607421875,82.44615173339844,75.5450210571289
2024-06-11,39.987022399902344,214.14999389648438,521.5505981445312,83.29882049560547,75.27275848388672
2024-06-12,40.38823699951172,214.72000122070312,525.8341674804688,83.92469787597656,75.94435119628906
2024-06-13,40.29270553588867,212.97000122070312,526.8929443359375,85.15837097167969,76.25292205810547
2024-06-14,40.34047317504883,215.72999572753906,527.2135620117188,85.87499237060547,76.2347640991211
2024-06-17,40.598384857177734,214.61000061035156,531.4094848632812,85.02230834960938,75.9352798461914
2024-06-18,40.97093963623047,215.47000122070312,532.759765625,85.80242919921875,76.2347640991211
2024-06-20,40.904075622558594,218.16000366210938,531.3124389648438,85.23092651367188,76.01695251464844
2024-06-21,40.76077651977539,214.77999877929688,530.60009765625,85.23092651367188,76.2075424194336
2024-06-24,40.76077651977539,215.6300048828125,528.8753051757812,85.57561492919922,76.79747009277344
2024-06-25,40.66525650024414,214.55999755859375,530.911865234375,85.72077178955078,75.85359954833984
2024-06-26,40.57928466796875,212.5800018310547,531.5745849609375,84.49617767333984,75.61763763427734
2024-06-27,40.60793685913086,214.99000549316406,532.41259765625,84.83182525634766,76.35275268554688
2024-06-28,40.68436050415039,215.00999450683594,530.3175659179688,83.25346374511719,76.9619369506836
2024-07-01,40.779884338378906,215.57000732421875,531.408935546875,81.81660461425781,76.23606872558594
2024-07-02,40.904075622558594,215.55999755859375,534.9851684570312,82.45357513427734,76.59439849853516
2024-07-03,41.50587844848633,217.99000549316406,537.37255859375,83.53648376464844,76.52088928222656
2024-07-05,41.67782974243164,220.92999267578125,540.4713134765625,84.2280502319336,76.73224639892578
2024-07-08,41.6873779296875,218.19000244140625,541.0950317382812,84.41004943847656,76.98031616210938
2024-07-09,41.85932540893555,218.55999755859375,541.6211547851562,84.03695678710938,76.9619369506836
2024-07-10,42.09813690185547,219.36000061035156,546.9806518554688,84.30086517333984,77.5316162109375
2024-07-11,42.34650802612305,223.25,542.2642211914062,85.11986541748047,79.75521850585938
2024-07-12,42.51845169067383,223.11000061035156,545.6846313476562,85.48383331298828,80.36163330078125
2024-07-15,42.069480895996094,223.8300018310547,547.1853637695312,84.50104522705078,80.90376281738281
2024-07-16,42.30829620361328,228.2899932861328,550.4302368164062,85.69315338134766,81.8960952758789
2024-07-17,41.620513916015625,227.22999572753906,542.7125854492188,85.71131896972656,82.45660400390625
2024-07-18,41.22885513305664,225.77999877929688,538.5419311523438,85.0561294555664,81.730712890625
2024-07-19,40.82765197753906,221.72999572753906,534.9656982421875,84.5556640625,81.58370208740234
2024-07-22,41.171539306640625,221.8000030517578,540.4811401367188,84.30994415283203,82.42902374267578
2024-07-23,40.80854034423828,222.5800018310547,539.6332397460938,84.19164276123047,82.36470794677734
2024-07-24,40.216285705566406,221.8000030517578,527.40380859375,83.28167724609375,81.15186309814453
2024-07-25,40.053890228271484,218.3300018310547,524.6559448242188,83.96416473388672,80.88538360595703
2024-07-26,40.46465301513672,220.6300048828125,530.5319213867188,84.6193618774414,82.30039978027344
2024-07-29,40.33091735839844,220.32000732421875,530.84375,85.0743408203125,82.72306060791016
2024-07-30,40.149410247802734,222.52000427246094,528.1541748046875,85.40194702148438,83.36624145507812
2024-07-31,41.028255462646484,226.5500030517578,536.7391357421875,86.27552032470703,83.07222747802734
2024-08-01,40.31181335449219,225.77000427246094,529.138427734375,87.0196304321289,83.90836334228516
2024-08-02,39.7386589050293,225.33999633789062,519.2866821289062,89.73126983642578,83.86241149902344
2024-08-05,38.611454010009766,222.47999572753906,504.16314697265625,90.20606231689453,81.4642562866211
2024-08-06,38.83116149902344,220.6999969482422,508.81134033203125,88.18828582763672,83.07222747802734
2024-08-07,39.06998062133789,220.5500030517578,505.410400390625,87.56743621826172,82.5025405883789
2024-08-08,39.95836639404297,224.00999450683594,517.09423828125,87.02874755859375,83.31111145019531
2024-08-09,40.178077697753906,224.55999755859375,519.3744506835938,87.88699340820312,83.697021484375
2024-08-12,40.31181335449219,228.41000366210938,519.647216796875,88.20652770996094,83.0813980102539
2024-08-13,40.76077651977539,228.05999755859375,528.1931762695312,88.81826782226562,83.80728912353516
2024-08-14,40.541072845458984,226.1999969482422,529.8595581054688,89.37520599365234,84.02780151367188
2024-08-15,40.99004364013672,226.91000366210938,538.94140625,88.65391540527344,83.96349334716797
2024-08-16,41.46767044067383,231.99000549316406,540.1497192382812,88.96434020996094,83.91755676269531
2024-08-19,41.86888122558594,231.61000061035156,545.3143310546875,89.37520599365234,84.61585998535156
2024-08-20,41.54409408569336,232.4600067138672,544.4276123046875,90.08734893798828,84.51480102539062
2024-08-21,41.706485748291016,232.14999389648438,546.298583984375,90.14214324951172,84.96503448486328
2024-08-22,41.19064712524414,229.3699951171875,542.0109252929688,89.24739074707031,85.2131118774414
2024-08-23,41.87843322753906,232.02000427246094,547.7699584960938,89.83171081542969,87.08753967285156
2024-08-26,41.52499008178711,232.75999450683594,546.4642944335938,89.60345458984375,87.05078887939453
2024-08-27,41.58230209350586,233.38999938964844,547.2144775390625,89.4482421875,87.1794204711914
2024-08-28,41.324378967285156,231.75,544.037841796875,89.33867645263672,86.83946228027344
2024-08-29,41.34348678588867,232.9499969482422,544.0865478515625,89.04652404785156,86.572998046875
2024-08-30,41.42945861816406,231.2899932861328,549.2803344726562,88.09698486328125,87.40913391113281
2024-09-03,40.60793685913086,230.2899932861328,537.9767456054688,89.53783416748047,87.36319732666016
2024-09-04,40.598384857177734,230.42999267578125,536.8756103515625,90.69197845458984,87.61128997802734
2024-09-05,40.655704498291016,232.35000610351562,535.5698852539062,91.20494079589844,87.3264389038086
2024-09-06,39.91059875488281,230.6300048828125,526.55615234375,91.19578552246094,87.24374389648438
2024-09-09,40.24494552612305,231.60000610351562,532.4514770507812,91.58964538574219,88.21772003173828
2024-09-10,40.09210205078125,232.6199951171875,534.7708740234375,92.2308578491211,89.49491119384766
2024-09-11,40.38823699951172,232.25,540.2569580078125,92.15755462646484,89.32032012939453
2024-09-12,40.722572326660156,236.3300018310547,544.8076782226562,91.72705841064453,89.69705200195312
2024-09-13,40.91362762451172,238.67999267578125,547.653076171875,91.97435760498047,90.63426208496094
2024-09-16,41.04736328125,238.66000366210938,548.4618530273438,92.81707000732422,90.93748474121094
2024-09-17,41.095123291015625,237.33999633789062,548.68603515625,92.36824035644531,90.30348205566406
2024-09-18,40.95183563232422,235.50999450683594,547.0587158203125,91.22322082519531,90.1932373046875
2024-09-19,41.82111358642578,239.1699981689453,556.3938598632812,90.92098999023438,90.21160888671875
2024-09-20,41.73514175415039,242.2100067138672,555.43212890625,90.57288360595703,89.85325622558594
2024-09-23,42.0599250793457,242.67999267578125,556.820068359375,90.38053894042969,90.74452209472656
2024-09-24,43.49281692504883,246.07000732421875,558.4132080078125,90.36221313476562,90.8731689453125
2024-09-25,43.0342903137207,245.72999572753906,557.181640625,89.61109924316406,90.26673889160156
2024-09-26,44.6104621887207,246.97999572753906,559.3908081054688,89.82179260253906,89.44898223876953
2024-09-27,44.52449035644531,245.02000427246094,558.579345703125,90.28893280029297,89.56293487548828
2024-09-30,43.808048248291016,243.05999755859375,560.8177490234375,89.85843658447266,90.26712799072266
2024-10-01,44.12328338623047,245.61000061035156,555.7937622070312,90.5072250366211,89.68339538574219
2024-10-02,44.99256896972656,245.66000366210938,556.0283203125,89.7444839477539,89.36834716796875
2024-10-03,44.45762252807617,245.49000549316406,555.0118408203125,88.8990707397461,88.55297088623047
2024-10-04,44.868385314941406,245.0,560.0552978515625,87.80548858642578,88.12674713134766
2024-10-07,45.24093246459961,244.1699981689453,554.9922485351562,87.14385223388672,87.34840393066406
2024-10-08,44.12328338623047,242.3699951171875,560.2410278320312,87.29090118408203,87.52446746826172
2024-10-09,43.88446807861328,241.0500030517578,564.1216430664062,86.7946548461914,87.61711883544922
2024-10-10,43.97043991088867,242.82000732421875,563.1343994140625,86.45464324951172,86.83881378173828
2024-10-11,44.285675048828125,245.47000122070312,566.5065307617188,86.1054458618164,87.82096862792969
2024-10-14,44.10417938232422,245.07000732421875,571.1395874023438,86.16978454589844,88.34911346435547
2024-10-15,43.168025970458984,245.9199981689453,566.7020874023438,87.21736907958984,89.41468048095703
2024-10-16,43.50237274169922,247.14999389648438,569.1651000976562,87.5849609375,90.3968505859375
2024-10-17,43.43549728393555,248.6300048828125,569.2140502929688,86.19734191894531,89.68339538574219
2024-10-18,43.86536407470703,251.27000427246094,571.403564453125,86.26166534423828,90.35053253173828
2024-10-21,43.5596809387207,251.22000122070312,570.4652099609375,84.75460815429688,88.58077239990234
2024-10-22,43.46416091918945,253.92999267578125,570.1622314453125,84.8373031616211,88.71048736572266
2024-10-23,43.20623779296875,250.8699951171875,564.9523315429688,84.6075668334961,89.35908508300781
2024-10-24,43.13936996459961,252.8000030517578,566.1741943359375,85.14974212646484,89.55367279052734
2024-10-25,43.101158142089844,253.32000732421875,565.9786376953125,84.67189025878906,88.71048736572266
2024-10-28,43.29220962524414,253.3300018310547,567.7283325195312,84.442138671875,88.98845672607422
2024-10-29,43.15847396850586,256.0899963378906,568.6471557617188,84.57080841064453,88.34911346435547
2024-10-30,42.73816680908203,257.5,566.9268798828125,84.81893157958984,88.73826599121094
2024-10-31,42.46113967895508,253.50999450683594,555.8132934570312,84.95674896240234,87.23722076416016
2024-11-01,42.49934768676758,252.47000122070312,558.1591796875,83.7590103149414,86.2735824584961
2024-11-04,42.73816680908203,252.8300018310547,556.9568481445312,85.0591049194336,87.21868896484375
2024-11-05,43.320865631103516,253.39999389648438,563.6915283203125,85.51092529296875,88.37691497802734
2024-11-06,42.78592300415039,245.6999969482422,577.7080688476562,83.16891479492188,86.49595642089844
2024-11-07,43.73162841796875,249.64999389648438,582.1749877929688,84.21082305908203,87.53373718261719
2024-11-08,42.652191162109375,247.9600067138672,584.69677734375,85.2803955078125,88.84020233154297
2024-11-11,42.32740783691406,242.13999938964844,585.25390625,84.86549377441406,88.39543914794922
2024-11-12,41.52499008178711,240.0500030517578,583.4358520507812,83.59306335449219,87.17236328125
2024-11-13,41.257511138916016,237.6300048828125,583.7194213867188,82.80009460449219,87.65418243408203
2024-11-14,41.028255462646484,237.00999450683594,579.9658813476562,83.27955627441406,86.8666000366211
2024-11-15,41.028255462646484,236.58999633789062,572.537353515625,83.05826568603516,86.91291809082031
2024-11-18,41.4963264465332,241.08999633789062,574.8832397460938,83.20579528808594,87.54300689697266
2024-11-19,41.46767044067383,243.25,576.9846801757812,83.62993621826172,87.9692153930664
2024-11-20,41.41990661621094,244.6199951171875,577.18017578125,83.36254119873047,87.8580322265625
2024-11-21,41.33393478393555,246.66000366210938,580.2786865234375,83.2979965209961,88.50662994384766
2024-11-22,41.34348678588867,249.83999633789062,582.0772705078125,83.3440933227539,89.17375946044922
2024-11-25,41.37214279174805,242.47999572753906,584.0516967773438,85.5016860961914,90.4153823852539
2024-11-26,41.200199127197266,242.9499969482422,587.1012573242188,85.16976165771484,90.77674865722656
2024-11-27,41.257511138916016,243.49000549316406,585.322265625,85.7598876953125,91.36048889160156
2024-11-29,41.324378967285156,245.58999633789062,588.9583740234375,86.64503479003906,90.95280456542969
2024-12-02,41.48677444458008,243.44000244140625,590.0140380859375,86.85319519042969,89.62779998779297
2024-12-03,41.572750091552734,243.92999267578125,590.2877197265625,86.1037368774414,89.17375946044922
2024-12-04,41.67782974243164,244.6699981689453,593.953125,87.02900695800781,88.932861328125
2024-12-05,41.95484924316406,242.86000061035156,592.9756469726562,87.20481872558594,88.71975708007812
2024-12-06,41.88798141479492,242.9499969482422,594.0997924804688,87.33434295654297,88.59003448486328
2024-12-09,42.747711181640625,245.36000061035156,591.040283203125,86.52937316894531,88.84020233154297
2024-12-10,42.0599250793457,248.58999633789062,589.2027587890625,86.12226104736328,87.55226135253906
2024-12-11,42.231876373291016,250.9600067138672,593.757568359375,85.30802917480469,87.34840393066406
2024-12-12,42.0217170715332,247.27999877929688,590.6982421875,84.27176666259766,87.20942687988281
2024-12-13,42.0599250793457,244.2899932861328,590.5809936523438,83.41129302978516,86.95924377441406
2024-12-16,41.83066940307617,244.8800048828125,593.1026611328125,83.66111755371094,86.65348052978516
2024-12-17,41.730613708496094,243.94000244140625,590.6591186523438,83.86465454101562,86.23651885986328
2024-12-18,40.75923156738281,239.25999450683594,573.0554809570312,82.81597137451172,82.67847442626953
2024-12-19,40.895225524902344,239.60000610351562,572.8794555664062,81.5620346069336,81.3998031616211
2024-12-20,41.06036376953125,242.10000610351562,579.76025390625,82.02647399902344,82.77112579345703
2024-12-23,41.29349136352539,240.9600067138672,583.2319946289062,81.27410888671875,83.09481811523438
2024-12-24,41.41977310180664,241.44000244140625,589.7146606445312,81.6177978515625,83.64678955078125
2024-12-26,41.274070739746094,243.07000732421875,589.7539672851562,81.57132720947266,83.87132263183594
2024-12-27,41.08950424194336,241.39999389648438,583.5459594726562,80.90257263183594,83.02933502197266
2024-12-30,40.75923156738281,240.6300048828125,576.8866577148438,81.55276489257812,82.61769104003906
2024-12-31,40.62323760986328,242.1300048828125,574.7879638671875,81.11620330810547,83.33806610107422
2025-01-02,40.56495666503906,245.4199981689453,573.375732421875,81.33911895751953,82.59898376464844
2025-01-03,40.94380187988281,243.49000549316406,580.544921875,81.07905578613281,83.68421936035156
2025-01-06,41.08950424194336,243.19000244140625,583.8892211914062,80.71680450439453,82.60834503173828
2025-01-07,40.79808807373047,244.55999755859375,577.2888793945312,79.80653381347656,81.82247924804688
2025-01-08,40.60381317138672,245.86000061035156,578.13232421875,79.90870666503906,82.03765869140625
2025-01-10,39.91413116455078,248.2100067138672,569.3056030273438,79.3792724609375,80.03559875488281
2025-01-13,39.642147064208984,245.74000549316406,570.1882934570312,79.35140991210938,81.01792907714844
2025-01-14,40.0889778137207,247.02999877929688,570.972900390625,79.22135925292969,81.75699615478516
2025-01-15,40.613529205322266,248.8800048828125,581.3589477539062,80.58675384521484,82.22476196289062
2025-01-16,40.56495666503906,250.60000610351562,580.2408447265625,80.84683227539062,83.92745208740234
2025-01-17,40.88551330566406,249.27000427246094,586.0664672851562,80.98616790771484,83.87132263183594
2025-01-21,41.322635650634766,253.1300048828125,591.430908203125,81.71065521240234,85.44303894042969
2025-01-22,41.351776123046875,254.42999267578125,594.7557373046875,81.28340148925781,83.95552825927734
2025-01-23,41.448909759521484,254.07000732421875,598.0018920898438,80.65177917480469,84.57298278808594
2025-01-24,41.72090530395508,255.64999389648438,596.2561645507812,81.0140380859375,84.86299896240234
2025-01-27,40.96322250366211,252.99000549316406,587.8218994140625,81.97075653076172,85.99500274658203
2025-01-28,41.26435470581055,255.17999267578125,592.8726806640625,81.91503143310547,84.95654296875
2025-01-29,41.274070739746094,254.1999969482422,590.21484375,81.74783325195312,83.83390045166016
2025-01-30,41.97346115112305,258.04998779296875,593.382568359375,82.0543441772461,84.90042114257812
2025-01-31,41.49748229980469,258.55999755859375,590.2246704101562,81.5156021118164,84.71331024169922
2025-02-03,41.196353912353516,259.94000244140625,586.2527465820312,82.17931365966797,84.53556060791016
2025-02-04,41.934608459472656,262.5,590.185546875,82.43099975585938,84.60104370117188
2025-02-05,41.827754974365234,264.1300048828125,592.5784301757812,83.79194641113281,85.78917694091797
2025-02-06,42.00260543823242,263.42999267578125,594.6380004882812,83.75466918945312,86.00436401367188
2025-02-07,41.963748931884766,263.8999938964844,589.1948852539062,83.21400451660156,85.72369384765625
2025-02-10,42.4688720703125,268.3699951171875,593.1962890625,82.96231079101562,85.686279296875
2025-02-11,42.303733825683594,267.3900146484375,593.6474609375,82.43099975585938,86.06048583984375
2025-02-12,42.536865234375,267.6700134277344,591.7350463867188,81.31241607666016,85.26527404785156
2025-02-13,42.8088493347168,270.30999755859375,597.9822998046875,82.66404724121094,86.11663055419922
2025-02-14,43.139122009277344,266.2900085449219,597.952880859375,83.10213470458984,85.72369384765625
2025-02-18,43.411109924316406,270.70001220703125,599.7083740234375,82.12337493896484,86.1072769165039
2025-02-19,43.343109130859375,270.8500061035156,601.1206665039062,82.22590637207031,86.1727523803711
2025-02-20,43.74137878417969,270.989990234375,598.619873046875,82.53351593017578,86.58438873291016
2025-02-21,43.61510467529297,270.739990234375,588.3809204101562,83.53092956542969,85.7330551147461
2025-02-24,42.944847106933594,272.2099914550781,585.7035522460938,83.7732925415039,86.0698471069336
2025-02-25,42.9739875793457,268.6199951171875,582.7907104492188,85.21815490722656,87.12700653076172
2025-02-26,43.40139389038086,269.0299987792969,583.0850830078125,85.72151184082031,86.76213836669922
2025-02-27,42.55629348754883,264.92999267578125,573.77783203125,85.11561584472656,87.1082992553711
2025-02-28,41.97346115112305,263.2699890136719,582.73193359375,86.15963745117188,87.84738159179688
2025-03-03,41.60434341430664,266.739990234375,572.5224609375,86.56172943115234,88.2590103149414
2025-03-04,41.95403289794922,269.05999755859375,565.74560546875,85.4957275390625,87.23927307128906
2025-03-05,43.20711898803711,269.6199951171875,571.8262329101562,84.81307983398438,88.21223449707031
2025-03-06,42.93513488769531,268.25,561.6756591796875,84.53257751464844,85.94822692871094
2025-03-07,43.148834228515625,268.3900146484375,564.8236694335938,84.26138305664062,86.46277618408203
2025-03-10,42.11916732788086,266.0400085449219,549.7792358398438,85.140380859375,85.63014221191406
2025-03-11,42.4688720703125,269.1600036621094,545.2090454101562,84.53257751464844,84.62910461425781
2025-03-12,42.70199966430664,270.3299865722656,548.1021728515625,84.02761840820312,84.36715698242188
2025-03-13,42.52714920043945,275.1300048828125,540.7957763671875,84.76634216308594,82.70188903808594
2025-03-14,43.304256439208984,275.239990234375,551.9662475585938,84.3175048828125,84.35779571533203
2025-03-17,44.04250717163086,276.7300109863281,556.22265625,84.73828125,85.79854583740234
2025-03-18,43.819091796875,279.9599914550781,550.2108154296875,84.82245635986328,85.34947967529297
2025-03-19,43.925941467285156,281.1099853515625,556.2030029296875,85.261962890625,85.45238494873047
2025-03-20,43.51796340942383,280.75,554.5947265625,85.31806945800781,85.39624786376953
2025-03-21,43.304256439208984,278.489990234375,554.7776489257812,84.81307983398438,84.45135498046875
2025-03-24,43.498531341552734,277.25,564.712890625,83.9434585571289,85.75176239013672
2025-03-25,43.372257232666016,278.4700012207031,566.0703735351562,83.93412780761719,84.78958892822266
2025-03-26,43.109981536865234,278.239990234375,559.3124389648438,83.38241577148438,85.12039184570312
2025-03-27,43.32368469238281,281.9700012207031,557.8270874023438,83.13927459716797,84.90301513671875
2025-03-28,42.51743698120117,284.05999755859375,546.5933227539062,84.28943634033203,84.78958892822266
2025-03-31,42.449440002441406,288.1400146484375,550.2625732421875,85.12167358398438,85.57406616210938
2025-04-01,42.58543395996094,287.57000732421875,551.8167114257812,85.85930633544922,85.61188507080078
2025-04-02,42.643714904785156,288.1600036621094,555.308837890625,85.80301666259766,86.13169860839844
2025-04-03,41.740333557128906,286.4200134277344,527.9427490234375,86.19713592529297,83.1922836303711
2025-04-04,39.41872787475586,279.7200012207031,497.0354309082031,87.1355972290039,79.5818099975586
2025-04-07,37.951934814453125,273.7099914550781,496.1501770019531,84.5079345703125,77.49301147460938
2025-04-08,37.41767501831055,275.20001220703125,488.3790283203125,82.91255187988281,75.41368865966797
2025-04-09,40.01126480102539,285.3800048828125,539.6683959960938,83.40054321289062,79.91261291503906
2025-04-10,39.32158660888672,292.3500061035156,516.0205078125,81.1013412475586,78.0884780883789
2025-04-11,40.55524444580078,297.92999267578125,525.2278442382812,81.54240417480469,79.04306030273438
2025-04-14,40.92436981201172,296.2300109863281,530.3233032226562,82.124267578125,80.67818450927734
2025-04-15,40.88551330566406,297.7799987792969,528.8379516601562,82.4151611328125,80.9239273071289
2025-04-16,40.40953826904297,307.4700012207031,517.0828857421875,82.87501525878906,80.8672103881836
2025-04-17,40.720375061035156,306.1199951171875,517.8206787109375,82.14299774169922,82.0770034790039
2025-04-21,40.710662841796875,315.5899963378906,505.4950866699219,80.70719146728516,80.36627960205078
2025-04-22,41.322635650634766,311.1099853515625,518.6469116210938,81.15763854980469,81.92577362060547
2025-04-23,41.798614501953125,303.6499938964844,526.6836547851562,81.94593811035156,82.0770034790039
2025-04-24,42.284305572509766,308.07000732421875,537.769775390625,82.80931854248047,82.37947082519531
2025-04-25,42.20659255981445,304.7300109863281,541.6553955078125,83.41931915283203,82.2376937866211
2025-04-28,42.284305572509766,309.07000732421875,541.8618774414062,83.94485473632812,82.74807739257812
2025-04-29,42.40087127685547,306.05999755859375,545.2753295898438,84.64868927001953,83.1922836303711
2025-04-30,42.50772476196289,303.7699890136719,545.4916381835938,83.963623046875,83.48528289794922
2025-05-01,42.498008728027344,297.4599914550781,549.3575439453125,83.53789520263672,83.75938415527344
2025-05-02,43.71223831176758,297.9800109863281,557.5122680664062,82.63365173339844,84.78958892822266
2025-05-05,44.04250717163086,306.8800048828125,554.3153076171875,82.172119140625,84.60057830810547
2025-05-06,43.86766052246094,315.4800109863281,549.6821899414062,82.44524383544922,83.94841766357422
2025-05-07,43.36254119873047,310.75,551.9938354492188,82.79377746582031,84.04293060302734
2025-05-08,43.33340072631836,304.6300048828125,555.840087890625,81.87068939208984,83.71212005615234
2025-05-09,43.62481689453125,306.8399963378906,555.1318359375,81.99315643310547,84.26976776123047
2025-05-12,44.56705856323242,298.19000244140625,573.4774780273438,81.23020935058594,84.68562316894531
2025-05-13,44.6447639465332,299.4599914550781,577.2647094726562,80.90055084228516,83.608154296875
2025-05-14,44.9847526550293,293.1600036621094,578.00244140625,80.36365509033203,82.78587341308594
2025-05-15,44.96532440185547,297.8399963378906,580.8256225585938,81.07008361816406,84.2981185913086
2025-05-16,44.936180114746094,294.239990234375,584.5045776367188,81.2867202758789,85.34722900390625
2025-05-19,45.03331756591797,298.0299987792969,585.1439208984375,81.05123901367188,85.36614227294922
2025-05-20,44.9847526550293,303.5799865722656,583.1765747070312,80.46726989746094,84.8652114868164
2025-05-21,44.86818313598633,305.82000732421875,573.349609375,79.09207153320312,82.60629272460938
2025-05-22,44.722476959228516,303.1099853515625,573.5758056640625,79.50652313232422,82.22824096679688
2025-05-23,44.907039642333984,309.75,569.6607666015625,79.63839721679688,82.31329345703125
2025-05-27,44.80018615722656,304.5,581.50439453125,80.74983978271484,83.74992370605469
2025-05-28,44.596195220947266,303.80999755859375,578.1400756835938,80.40132141113281,83.66486358642578
2025-05-29,44.76133346557617,305.6099853515625,580.4223022460938,81.14543151855469,84.42098236083984
2025-05-30,44.21735763549805,303.6000061035156,579.7730712890625,81.26787567138672,84.42098236083984
2025-06-02,44.53791046142578,311.6700134277344,583.0388793945312,80.51155090332031,84.53440856933594
2025-06-03,44.6447639465332,308.9100036621094,586.3637084960938,80.36973571777344,84.36427307128906
2025-06-04,45.19845199584961,310.8999938964844,586.206298828125,81.67440032958984,84.60057830810547
2025-06-05,45.43158721923828,309.3299865722656,583.373291015625,81.73114013671875,84.53440856933594
2025-06-06,45.577293395996094,305.17999267578125,589.3639526367188,80.69116973876953,84.94081115722656
2025-06-09,45.96584701538086,306.6199951171875,589.8951416015625,80.7762680053711,85.05423736572266
2025-06-10,46.228118896484375,306.7099914550781,593.2396850585938,81.1922378540039,85.78201293945312
2025-06-11,46.422401428222656,308.3699951171875,591.5476684570312,81.43804168701172,85.31887817382812
2025-06-12,46.50010681152344,312.20001220703125,593.898681640625,82.41184997558594,85.7347412109375
2025-06-13,45.76185989379883,316.2900085449219,587.2589111328125,81.61768341064453,84.90301513671875
2025-06-16,46.32286834716797,311.7799987792969,592.84619140625,80.7951889038086,84.96917724609375
2025-06-17,45.714778900146484,311.94000244140625,587.7802734375,81.7784194946289,84.66673278808594
2025-06-18,45.7049674987793,310.260009765625,587.6917114257812,81.92022705078125,84.95972442626953
2025-06-20,45.44015884399414,310.1300048828125,586.3115234375,81.76893615722656,84.90301513671875
2025-06-23,45.8128547668457,311.0799865722656,592.1027221679688,82.0336685180664,86.17897033691406
2025-06-24,46.99961471557617,306.19000244140625,598.6438598632812,82.62928009033203,86.40579986572266
2025-06-25,47.038848876953125,307.1199951171875,598.979248046875,82.73329162597656,84.32647705078125
2025-06-26,47.35270309448242,306.7799987792969,603.6655883789062,83.14926147460938,84.24819946289062
2025-06-27,47.166351318359375,301.2200012207031,606.664794921875,82.61981201171875,84.45818328857422
2025-06-30,47.313472747802734,304.8299865722656,609.5653686523438,83.43289947509766,85.00221252441406
2025-07-01,47.4017448425293,307.54998779296875,609.3681640625,83.63973236083984,85.62259674072266
2025-07-02,47.60771179199219,309.25,612.1305541992188,83.10834503173828,85.82303619384766
2025-07-03,47.823482513427734,307.1400146484375,616.9549560546875,82.52949523925781,85.91846466064453
2025-07-07,47.14673614501953,307.3699951171875,612.357421875,81.74185180664062,85.18356323242188
2025-07-08,47.440975189208984,304.1600036621094,612.02197265625,81.63748931884766,85.05947875976562
2025-07-09,47.36251449584961,305.5199890136719,615.692138671875,82.49153900146484,85.12629699707031
2025-07-10,47.490013122558594,306.20001220703125,617.4285278320312,82.54845428466797,85.66077423095703
2025-07-11,47.33308792114258,309.1400146484375,615.2579956054688,81.40974426269531,85.67032623291016
2025-07-14,47.4017448425293,308.010009765625,616.4320678710938,81.23892211914062,86.2238998413086
2025-07-15,47.745018005371094,306.7300109863281,613.7979736328125,80.6695556640625,84.95449829101562
2025-07-16,47.970603942871094,308.260009765625,615.8499755859375,80.78340911865234,85.7562255859375
2025-07-17,48.24522399902344,307.5899963378906,619.6187133789062,80.76445770263672,85.66077423095703
2025-07-18,48.1373405456543,308.3900146484375,619.1650390625,80.8878173828125,85.84211730957031
2025-07-21,48.45119094848633,313.1300048828125,620.3389892578125,81.60902404785156,86.19525909423828
2025-07-22,48.480613708496094,316.1000061035156,620.427734375,82.10245513916016,87.67464447021484
2025-07-23,48.971012115478516,312.17999267578125,625.7059936523438,81.64698028564453,87.84644317626953
2025-07-24,48.706199645996094,310.2699890136719,625.9132080078125,81.504638671875,87.541015625
2025-07-25,48.55907440185547,307.3999938964844,628.5572509765625,82.01705932617188,87.55056762695312
2025-07-28,48.235416412353516,305.4100036621094,628.3993530273438,81.48564910888672,86.14754486083984
2025-07-29,48.255035400390625,306.25,626.741943359375,82.86160278320312,87.53148651123047
2025-07-30,47.901947021484375,300.9599914550781,625.9526977539062,82.4345932006836,86.29070281982422
2025-07-31,47.62732696533203,302.9599914550781,623.6046752929688,82.4820327758789,85.07857513427734
2025-08-01,47.27424240112305,309.1099853515625,613.3834228515625,83.65464782714844,84.86859893798828
2025-08-04,47.7646369934082,310.9100036621094,622.7067260742188,83.88327026367188,85.73713684082031
2025-08-05,47.901947021484375,311.1600036621094,619.5496215820312,84.14046478271484,86.12844848632812
2025-08-06,48.12752914428711,310.5,624.2952270507812,83.65464782714844,85.46034240722656
2025-08-07,48.5296516418457,313.1199951171875,623.7723388671875,83.51177215576172,85.70849609375
2025-08-08,48.490421295166016,313.04998779296875,628.6361694335938,83.14978790283203,85.00221252441406
2025-08-11,48.353111267089844,308.54998779296875,627.3930053710938,83.24503326416016,84.43910217285156
2025-08-12,48.94158935546875,308.2699890136719,634.0722045898438,82.82592010498047,84.91632080078125
2025-08-13,49.53006362915039,309.2099914550781,636.2428588867188,83.51177215576172,85.70849609375
2025-08-14,48.921974182128906,307.25,636.3020629882812,82.89259338378906,85.09766387939453
2025-08-15,48.98081970214844,307.42999267578125,634.8121948242188,82.30199432373047,85.58441925048828
2025-08-18,49.26525115966797,306.95001220703125,634.6741943359375,82.06385803222656,84.85905456542969
2025-08-19,48.86312484741211,305.2699890136719,631.23095703125,82.54015350341797,86.31934356689453
2025-08-20,48.794471740722656,308.3599853515625,629.5537109375,82.72112274169922,86.56748962402344
2025-08-21,48.68658447265625,307.2900085449219,627.028076171875,82.31153106689453,86.30979919433594
2025-08-22,49.657569885253906,310.5799865722656,636.6572265625,82.92118072509766,87.98006439208984
2025-08-25,49.373138427734375,309.8299865722656,633.855224609375,82.68305206298828,87.4742202758789
2025-08-26,49.245635986328125,312.0799865722656,636.5091552734375,82.6353988647461,87.24514770507812
2025-08-27,48.95139694213867,312.7099914550781,637.95947265625,82.54015350341797,87.7891845703125
2025-08-28,49.13774490356445,315.0299987792969,640.21875,83.0831069946289,87.56010437011719
2025-08-29,48.90235900878906,318.07000732421875,636.400634765625,82.49251556396484,88.0373306274414
2025-09-02,48.86312484741211,325.5899963378906,631.6847534179688,81.87863159179688,86.57703399658203
2025-09-03,49.04947280883789,328.1400146484375,635.1082153320312,82.7774658203125,86.62476348876953
2025-09-04,48.892547607421875,326.69000244140625,640.4161987304688,83.40856170654297,87.27378845214844
2025-09-05,49.48102569580078,331.04998779296875,638.5613403320312,84.68028259277344,88.25685119628906
2025-09-08,49.93218994140625,334.82000732421875,640.1299438476562,85.80857849121094,87.74146270751953
2025-09-09,50.206809997558594,334.05999755859375,641.60986328125,85.3209228515625,87.541015625
2025-09-10,50.55009078979492,335.260009765625,643.4646606445312,85.80857849121094,87.39785766601562
2025-09-11,51.28568649291992,334.760009765625,648.8119506835938,86.38229370117188,88.99176788330078
2025-09-12,51.25625991821289,335.4200134277344,648.594970703125,86.0093765258789,88.58135223388672
2025-09-15,51.62895965576172,338.9100036621094,652.0479125976562,86.21019744873047,88.43819427490234
2025-09-16,52.011470794677734,339.5899963378906,651.1502075195312,86.39186096191406,87.97051239013672
2025-09-17,52.23705291748047,336.9700012207031,650.3412475585938,86.17194366455078,87.85598754882812
2025-09-18,52.109554290771484,335.6199951171875,653.3799438476562,85.28267669677734,88.046875
2025-09-19,51.99185562133789,339.17999267578125,656.6160278320312,85.12012481689453,87.4742202758789
2025-09-22,52.24686050415039,345.04998779296875,659.7225341796875,84.81414794921875,87.49329376220703
2025-09-23,52.276283264160156,346.4599914550781,656.1312255859375,85.40699005126953,87.97051239013672
2025-09-24,52.0997428894043,343.32000732421875,654.043701171875,85.0818862915039,87.10525512695312
2025-09-25,51.79569625854492,344.75,651.0263061523438,85.0818862915039,86.84508514404297
2025-09-26,51.69761657714844,346.739990234375,654.756103515625,85.00537872314453,87.70264434814453
2025-09-29,52.16839599609375,352.4599914550781,656.5962524414062,85.70339965820312,87.73155975341797
2025-09-30,52.374366760253906,355.4700012207031,659.0695190429688,85.45478820800781,88.08806610107422
2025-10-01,52.78629684448242,356.0299987792969,661.3153076171875,85.67549133300781,88.22296905517578
2025-10-02,53.031494140625,354.7900085449219,662.0769653320312,85.92497253417969,87.76046752929688
2025-10-03,53.18842315673828,357.6400146484375,662.0671997070312,85.7618408203125,88.08806610107422
2025-10-06,53.43362045288086,364.3800048828125,664.4415893554688,85.0805892944336,87.25941467285156
2025-10-07,53.021690368652344,366.260009765625,661.9781494140625,85.56995391845703,86.94144439697266
2025-10-08,53.44343185424805,372.29998779296875,665.925537109375,85.63710021972656,86.48857879638672
2025-10-09,52.89418411254883,365.42999267578125,663.9963989257812,85.56995391845703,86.01643371582031
2025-10-10,50.942405700683594,369.1199951171875,646.0499877929688,86.95164489746094,84.91797637939453
2025-10-13,52.423404693603516,378.0899963378906,655.9630126953125,86.9036636352539,85.45757293701172
2025-10-14,51.9526252746582,380.7900085449219,655.1616821289062,87.18193817138672,86.33440399169922
2025-10-15,52.80591583251953,387.3900146484375,658.0702514648438,86.99004364013672,87.58702850341797
2025-10-16,53.14918899536133,396.45001220703125,653.5886840820312,87.64249420166016,87.27869415283203
2025-10-17,53.139381408691406,388.989990234375,657.2986450195312,87.50816345214844,87.84718322753906
2025-10-20,53.865169525146484,403.1499938964844,664.1348266601562,87.84400939941406,88.733642578125
2025-10-21,53.26689147949219,377.239990234375,664.1249389648438,88.27579498291016,88.48312377929688
2025-10-22,53.21784591674805,377.2799987792969,660.6721801757812,88.33335876464844,88.85891723632812
2025-10-23,53.688629150390625,378.7900085449219,664.5899658203125,87.72887420654297,88.80110168457031
2025-10-24,54.04171371459961,377.5199890136719,670.0213623046875,87.76725769042969,89.0612564086914
2025-10-27,54.63999938964844,367.010009765625,677.926025390625,88.06468200683594,89.31178283691406
2025-10-28,54.62038040161133,364.3800048828125,679.7266235351562,88.29497528076172,87.55812072753906
2025-10-29,54.934234619140625,363.0,680.0531616210938,87.40261840820312,85.30339813232422
2025-10-30,54.36537551879883,370.1300048828125,672.5739135742188,86.89408111572266,85.70809936523438
2025-10-31,54.23787307739258,368.1199951171875,674.780029296875,86.635009765625,85.9297103881836
2025-11-03,54.581153869628906,368.7799987792969,676.04638671875,86.4183349609375,85.80445098876953
2025-11-04,53.58074188232422,362.32000732421875,668.0328369140625,86.61092376708984,85.94898223876953
2025-11-05,54.06132888793945,366.510009765625,670.3478393554688,85.66720581054688,86.02606201171875
2025-11-06,53.659202575683594,366.07000732421875,663.1554565429688,86.43759155273438,85.61174011230469
2025-11-07,53.50227737426758,368.30999755859375,663.808349609375,86.25462341308594,86.94144439697266
2025-11-10,54.4438362121582,378.3800048828125,674.1666259765625,86.2353744506836,86.89326477050781
2025-11-11,54.502685546875,379.8699951171875,675.7099609375,86.63020324707031,87.866455078125
2025-11-12,54.51249313354492,385.989990234375,676.0859375,86.7842788696289,87.21124267578125
2025-11-13,53.87498092651367,382.8699951171875,664.8670043945312,86.07164764404297,86.14169311523438
2025-11-14,53.90440368652344,375.9599914550781,664.7581176757812,85.5805435180664,86.32476806640625
2025-11-17,53.26689147949219,371.6499938964844,658.56494140625,85.79239654541016,85.61174011230469
2025-11-18,53.002071380615234,374.3500061035156,653.0346069335938,85.76350402832031,85.9586181640625
2025-11-19,52.81571960449219,374.9599914550781,655.5574340820312,85.59016418457031,85.28413391113281
2025-11-20,52.089935302734375,374.8500061035156,645.5652465820312,85.92721557617188,84.9276123046875
2025-11-21,52.08012771606445,374.2699890136719,651.995849609375,86.18721771240234,86.30550384521484
2025-11-24,52.629371643066406,380.20001220703125,661.59228515625,86.6783447265625,86.53675079345703
2025-11-25,52.81571960449219,380.0799865722656,667.815185546875,86.89982604980469,87.33650970458984
2025-11-26,53.19823455810547,383.1199951171875,672.4254150390625,87.28502655029297,87.72193145751953
2025-11-28,53.276695251464844,387.8800048828125,676.0958251953125,86.87093353271484,88.010986328125
2025-12-01,53.237464904785156,389.75,673.0090942382812,85.78950500488281,86.9992446899414
2025-12-02,53.257080078125,387.239990234375,674.2556762695312,85.82817077636719,86.69092559814453
2025-12-03,53.29631423950195,386.8800048828125,676.5905151367188,86.06976318359375,86.91253662109375
2025-12-04,53.28650665283203,387.1300048828125,677.085205078125,85.60588073730469,86.7005615234375
2025-12-05,53.688629150390625,386.44000244140625,678.3712158203125,85.20966339111328,86.60419464111328
2025-12-08,53.57093048095703,385.4200134277344,676.3333129882812,84.92938232421875,85.9393539428711
2025-12-09,53.482662200927734,387.3999938964844,675.7495727539062,85.01636505126953,85.61174011230469
2025-12-10,54.0809440612793,389.04998779296875,680.231201171875,85.34495544433594,85.92007446289062
2025-12-11,53.8259391784668,393.239990234375,681.8141479492188,85.2289810180664,86.29586791992188
2025-12-12,53.19823455810547,395.44000244140625,674.4832763671875,84.40752410888672,86.18987274169922
2025-12-15,53.04130554199219,395.79998779296875,673.4641723632812,84.46551513671875,86.45967102050781
2025-12-16,52.70604705810547,395.8900146484375,671.6240844726562,84.92938232421875,85.82372283935547
2025-12-17,52.32801055908203,399.2900085449219,664.2338256835938,84.85208892822266,86.14169311523438
2025-12-18,52.92491149902344,398.57000732421875,669.2495727539062,85.25798034667969,85.6888198852539
2025-12-19,53.442222595214844,399.0199890136719,675.3153686523438,84.93975830078125,85.36121368408203
2025-12-22,53.73072052001953,408.2300109863281,679.5224609375,84.75541687011719,85.79974365234375
2025-12-23,54.029170989990234,413.6400146484375,682.6282348632812,84.89125061035156,85.74140167236328
2025-12-24,54.13859939575195,411.92999267578125,685.0294799804688,85.40544128417969,86.30537414550781
2025-12-26,54.51663589477539,416.739990234375,684.9600219726562,85.12408447265625,86.40259552001953
2025-12-29,54.37736129760742,398.6000061035156,682.51904296875,85.44424438476562,86.57762145996094
2025-12-30,54.596221923828125,398.8900146484375,681.685546875,85.24051666259766,86.75263977050781
2025-12-31,54.427101135253906,396.30999755859375,676.635009765625,84.56138610839844,86.04283142089844
2026-01-02,55.94919204711914,398.2799987792969,677.8753051757812,84.43524932861328,86.0719985961914
2026-01-05,56.565982818603516,408.760009765625,682.3900756835938,84.85244750976562,86.26647186279297
2026-01-06,56.98381042480469,413.17999267578125,686.4483642578125,84.67781066894531,86.89849853515625
2026-01-07,56.556034088134766,409.2300109863281,684.2356567382812,85.17259979248047,86.05255889892578
2026-01-08,56.575931549072266,411.489990234375,684.1661987304688,84.74571990966797,86.82070922851562
2026-01-09,56.84453582763672,414.4700012207031,688.6908569335938,85.30842590332031,86.9957275390625
2026-01-12,57.64039611816406,422.2300109863281,689.7723388671875,85.0561752319336,87.1124038696289
2026-01-13,57.21261978149414,421.6300048828125,688.3931884765625,85.20170593261719,87.59858703613281
2026-01-14,57.45138168334961,425.94000244140625,685.009521484375,85.6965103149414,88.35701751708984
2026-01-15,57.78962326049805,423.3299865722656,686.875,85.6771011352539,88.96959686279297
2026-01-16,57.57075881958008,421.2900085449219,686.299560546875,85.18230438232422,90.0586166381836
2026-01-20,57.01365661621094,437.2300109863281,672.3286743164062,84.06658935546875,88.38618469238281
2026-01-21,57.958744049072266,443.6000061035156,680.0880737304688,84.7069091796875,88.7362289428711
2026-01-22,58.39646911621094,451.7900085449219,683.6403198242188,85.0755844116211,87.86111450195312
2026-01-23,58.764556884765625,458.0,683.8883056640625,85.30842590332031,88.03614807128906
2026-01-26,58.864036560058594,464.70001220703125,687.3612060546875,85.71589660644531,87.9194564819336
2026-01-27,60.02798843383789,476.1000061035156,690.099853515625,85.18230438232422,87.89028930664062
2026-01-28,60.43586730957031,494.55999755859375,690.0303955078125,84.98826599121094,86.98600769042969
2026-01-29,60.127471923828125,495.8999938964844,688.6610717773438,85.00765991210938,88.2014389038086
2026-01-30,58.79439926147461,444.95001220703125,686.6071166992188,84.53226470947266,88.28894805908203
2026-02-02,58.97346878051758,427.1300048828125,690.0204467773438,84.29075622558594,87.37494659423828
2026-02-03,59.291812896728516,454.2900085449219,684.18603515625,84.49527740478516,87.18048095703125
2026-02-04,58.49595260620117,453.9700012207031,680.8718872070312,84.281005859375,88.43479919433594
2026-02-05,58.22734832763672,441.8800048828125,672.3683471679688,85.19648742675781,88.30839538574219
2026-02-06,59.75938415527344,455.4599914550781,685.267578125,85.2549057006836,89.69884490966797
2026-02-09,60.19710922241211,467.0299987792969,688.57177734375,85.23543548583984,90.07806396484375
2026-02-10,60.286643981933594,462.3999938964844,686.7559204101562,86.21907043457031,91.28376770019531
2026-02-11,61.24168014526367,467.6300048828125,686.5972290039062,85.7613296508789,90.77815246582031
2026-02-12,60.5452995300293,451.3900146484375,675.9900512695312,86.90079498291016,90.67119598388672
2026-02-13,60.803955078125,462.6199951171875,676.4663696289062,87.37800598144531,91.97413635253906
2026-02-17,60.55524826049805,448.20001220703125,677.5578002929688,87.52409362792969,92.84925079345703
2026-02-18,60.873592376708984,458.2799987792969,680.9711303710938,87.19296264648438,91.76022338867188
2026-02-19,60.724369049072266,459.55999755859375,679.1751098632812,87.28062438964844,91.56574249267578
2026-02-20,62.01764678955078,468.6199951171875,684.0868530273438,87.07609558105469,92.25611114501953
2026-02-23,61.331214904785156,481.2799987792969,677.1013793945312,87.39746856689453,92.26583862304688
2026-02-24,62.296199798583984,474.6099853515625,682.0228881835938,87.55330657958984,92.49920654296875
2026-02-25,62.98263168334961,473.4200134277344,687.7779541015625,87.56304931640625,92.24639892578125
2026-02-26,62.38573455810547,477.4800109863281,683.957763671875,87.91364288330078,92.87841796875
2026-02-27,62.25640869140625,483.75,680.6734008789062,88.44929504394531,93.04371643066406
2026-03-02,61.18199157714844,490.0,681.0604858398438,87.56106567382812,93.2770767211914
2026-03-03,58.117916107177734,468.1400146484375,675.057373046875,87.38520050048828,92.78118133544922
2026-03-04,58.744659423828125,471.79998779296875,679.8201904296875,87.1115951538086,92.89786529541016
2026-03-05,57.33200454711914,466.1300048828125,676.0297241210938,86.75983428955078,91.96441650390625
2026-03-06,57.02360534667969,473.510009765625,667.1689453125,86.4373779296875,90.96289825439453
2026-03-09,58.147762298583984,472.5299987792969,673.0133056640625,87.18977355957031,91.16709899902344
2026-03-10,58.37657165527344,477.8599853515625,671.9317016601562,86.26148223876953,91.03096008300781
2026-03-11,58.52579879760742,476.239990234375,671.0883178710938,85.14755249023438,90.0877914428711
2026-03-12,56.655517578125,466.8800048828125,660.8978881835938,84.98143768310547,89.46549224853516
2026-03-13,56.50629425048828,460.8399963378906,657.1571655273438,84.56127166748047,89.61134338378906
2026-03-16,58.078125,460.42999267578125,663.8449096679688,85.21595001220703,90.36003875732422
2026-03-17,58.44620895385742,459.2699890136719,665.5912475585938,85.4504623413086,90.75870513916016
2026-03-18,57.262367248535156,444.739990234375,656.3038330078125,84.97167205810547,89.4168701171875
2026-03-19,57.322052001953125,426.4100036621094,654.6864013671875,85.48954772949219,89.05709838867188
2026-03-20,55.352291107177734,413.3800048828125,645.301025390625,83.86750030517578,86.29563903808594
2026-03-23,57.01365661621094,404.0400085449219,652.07666015625,84.41468811035156,86.96656036376953
2026-03-24,56.22774124145508,404.1300048828125,649.8877563476562,84.04338836669922,86.39264678955078
2026-03-25,57.123085021972656,416.2900085449219,653.5093994140625,84.85441589355469,86.32384490966797
2026-03-26,55.18317413330078,400.6400146484375,641.8385620117188,84.14110565185547,86.20591735839844
2026-03-27,54.91456985473633,414.70001220703125,630.8939819335938,83.68185424804688,85.49834442138672
2026-03-30,54.466896057128906,414.5799865722656,628.78466796875,84.79578399658203,85.82264709472656
2026-03-31,56.49634552001953,430.2900085449219,647.0620727539062,84.70783996582031,87.16899871826172
2026-04-01,56.9340705871582,437.82000732421875,651.9373779296875,84.62445831298828,87.48347473144531
2026-04-02,56.29737854003906,429.4100036621094,652.5244140625,85.14440155029297,88.67259979248047
2026-04-06,56.814693450927734,427.6499938964844,655.6088256835938,85.00706481933594,88.80034637451172
2026-04-07,57.01365661621094,431.80999755859375,655.8972778320312,84.99724578857422,88.9281005859375
2026-04-08,60.127471923828125,434.5299987792969,672.6027221679688,85.27193450927734,90.52997589111328
2026-04-09,59.968299865722656,437.9100036621094,676.4829711914062,85.05611419677734,91.17858123779297
2026-04-10,60.24685287475586,437.1300048828125,676.0353393554688,84.85009765625,91.37512969970703
2026-04-13,60.754215240478516,435.3599853515625,682.641845703125,85.10516357421875,91.71908569335938
2026-04-14,61.91816711425781,445.0899963378906,690.959716796875,85.55644226074219,92.5937271118164
2026-04-15,61.87837219238281,440.4599914550781,696.412109375,85.18363952636719,92.66251373291016
2026-04-16,62.127079010009766,440.0799865722656,698.1234130859375,84.64407348632812,93.51750183105469
2026-04-17,63.3109245300293,445.92999267578125,706.5607299804688,85.41909790039062,95.01126861572266
2026-04-20,62.85330581665039,442.0899963378906,705.1477661132812,85.39947509765625,95.35521697998047
2026-04-21,61.9281120300293,429.57000732421875,700.53125,84.92858123779297,93.66490936279297
2026-04-22,63.052268981933594,435.260009765625,707.6253051757812,85.09535217285156,92.88854217529297
2026-04-23,62.02759552001953,431.0400085449219,704.8792114257812,84.90895080566406,93.84180450439453
2026-04-24,63.41040802001953,433.25,710.341552734375,85.06591796875,93.65509033203125
2026-04-27,63.3109245300293,429.8900146484375,711.5653076171875,84.64407348632812,93.14405822753906
2026-04-28,62.66428756713867,421.9100036621094,708.1028442382812,84.73236083984375,93.99903869628906
2026-04-29,62.36583709716797,417.4100036621094,707.993408203125,84.07505798339844,93.26199340820312
2026-04-30,63.65911865234375,423.6600036621094,715.0377197265625,83.99658203125,94.66730499267578
2026-05-01,63.79838943481445,423.17999267578125,717.0177001953125,84.29692077636719,94.40196228027344
2026-05-04,63.7685432434082,414.7099914550781,714.3909912109375,83.65687561035156,93.81232452392578
2026-05-05,65.06182861328125,418.2699890136719,720.1220092773438,84.11967468261719,94.10713958740234
2026-05-06,67.1410140991211,430.9599914550781,730.1312866210938,84.75969696044922,95.4141845703125
2026-05-07,66.24566650390625,431.67999267578125,727.8926391601562,84.3363037109375,94.72626495361328
2026-05-08,67.58869171142578,433.7699890136719,733.9021606445312,84.75969696044922,94.95230102539062
2026-05-11,67.53894805908203,434.6499938964844,735.5736694335938,84.24767303466797,95.02108764648438
2026-05-12,65.47965240478516,432.92999267578125,734.4593505859375,83.68640899658203,95.02108764648438
2026-05-13,66.86246490478516,430.5,738.5685424804688,83.49933624267578,94.23490142822266
2026-05-14,67.03158569335938,427.2099914550781,744.3989868164062,83.61749267578125,93.67473602294922
2026-05-15,64.73352813720703,417.2900085449219,735.4443969726562,82.37682342529297,92.28907775878906
2026-05-18,64.63404846191406,418.42999267578125,734.927001953125,82.2783432006836,93.3700942993164
2026-05-19,63.9277229309082,411.5,730.0317993164062,81.74662780761719,93.63542175292969
2026-05-20,65.12151336669922,417.3999938964844,737.5138549804688,82.62298583984375,94.82453918457031
2026-05-21,65.68856811523438,416.989990234375,738.9764404296875,82.92823028564453,95.00143432617188
2026-05-22,65.53933715820312,413.82000732421875,741.8817749023438,83.38117980957031,95.0997085571289
2026-05-26,68.04631042480469,414.0,746.8068237304688,83.79473114013672,95.54194641113281
2026-05-27,68.03636169433594,408.489990234375,746.677490234375,83.99166870117188,95.24711608886719
2026-05-28,68.2552261352539,412.7699890136719,750.7965698242188,84.4249038696289,94.88350677490234
2026-05-29,68.24527740478516,417.1199951171875,752.6671142578125,84.44461059570312,94.04817199707031
2026-06-01,69.7176284790039,411.260009765625,754.7167358398438,84.4900894165039,92.4659652709961
2026-06-02,70.43390655517578,411.95001220703125,755.7415771484375,84.66801452636719,92.88854217529297
2026-06-03,69.5584487915039,407.8699951171875,750.4384155273438,84.33191680908203,92.78044891357422
2026-06-04,68.74269104003906,411.2699890136719,753.2740478515625,84.51973724365234,94.44126892089844
2026-06-05,64.25601196289062,396.239990234375,733.83251953125,84.08477783203125,95.11936950683594
2026-06-08,65.4100112915039,397.2699890136719,735.4940795898438,83.64983367919922,93.82215118408203
2026-06-09,65.47965240478516,390.7799987792969,733.3350219726562,84.14409637451172,95.98417663574219
2026-06-10,64.32565307617188,374.5799865722656,721.7736206054688,83.90684509277344,95.99400329589844
2026-06-11,67.15096282958984,386.32000732421875,734.04150390625,84.9942398071289,95.92520904541016
2026-06-12,67.52899932861328,386.5400085449219,738.0113525390625,84.7866439819336,96.80967712402344
2026-06-15,69.75,396.54998779296875,751.0254516601562,84.73721313476562,96.131591796875
2026-06-16,68.63999938964844,397.6300048828125,746.5481567382812,85.20182800292969,96.36743927001953
2026-06-17,68.55999755859375,388.6000061035156,737.225341796875,85.3402328491211,93.9597396850586
2026-06-18,70.79000091552734,387.1199951171875,744.8902587890625,85.75540924072266,93.91059112548828
2026-06-22,71.20999908447266,384.5899963378906,742.546142578125,85.10297393798828,94.92281341552734
2026-06-23,67.16999816894531,377.32000732421875,731.7628784179688,85.21170806884766,96.1708984375
2026-06-24,67.25,365.9200134277344,731.4237060546875,86.378173828125,96.17585754394531
2026-06-25,67.95999908447266,369.4599914550781,732.4810791015625,86.34852600097656,96.35430908203125
2026-06-26,67.19000244140625,373.6300048828125,727.1842651367188,86.35841369628906,97.82157897949219
2026-06-29,67.43000030517578,368.5799865722656,739.1644897460938,86.4473876953125,97.3060531616211
2026-06-30,68.41000366210938,368.3800048828125,744.9202270507812,85.42918395996094,95.60083770751953
2026-07-01,66.4800033569336,370.6000061035156,743.9127197265625,84.85173797607422,95.98748779296875
2026-07-02,65.69999694824219,378.1300048828125,742.9351806640625,84.8418197631836,97.17716217041016
2026-07-06,67.56999969482422,382.1300048828125,749.4190673828125,84.78227996826172,96.40386962890625
2026-07-07,65.72000122070312,377.489990234375,745.85791015625,83.88932037353516,97.55390167236328
2026-07-08,66.2300033569336,374.45001220703125,743.5536499023438,83.7008056640625,95.96765899658203
2026-07-09,66.77999877929688,378.17999267578125,749.8480224609375,83.82978057861328,96.25516510009766
2026-07-10,66.9000015258789,377.010009765625,753.0799560546875,83.80994415283203,96.48318481445312
2026-07-13,64.5,367.1300048828125,747.3142700195312,83.31385040283203,96.98880767822266
2026-07-14,65.66999816894531,372.1499938964844,749.9677124023438,83.4229965209961,96.73104095458984
2026-07-15,65.56999969482422,372.3500061035156,752.9403076171875,83.58174133300781,97.01854705810547
2026-07-16,64.19000244140625,364.9599914550781,748.8604125976562,83.55197143554688,99.20954132080078
2026-07-17,63.290000915527344,368.4100036621094,741.4487915039062,83.85954284667969,99.15996551513672
2026-07-20,63.560001373291016,367.6000061035156,740.2518310546875,83.2344741821289,98.62461853027344
2026-07-21,65.33999633789062,374.80999755859375,746.426513671875,83.00627899169922,98.66426849365234
2026-07-22,64.98999786376953,379.1199951171875,745.55859375,82.7879867553711,98.16856384277344
2026-07-23,64.5999984741211,371.5199890136719,736.3515014648438,82.52009582519531,97.8414077758789
2026-07-24,63.33000183105469,371.8999938964844,737.099609375,82.59947204589844,99.94317626953125
2026-07-27,63.619998931884766,374.6300048828125,737.25927734375,83.09556579589844,99.67549896240234
2026-07-28,62.36000061035156,369.3699951171875,739.0248413085938,83.58174133300781,100.08197021484375
2026-07-29,61.06999969482422,371.0799865722656,727.6531372070312,82.20259857177734,99.79447174072266
2026-07-30,63.59000015258789,377.1600036621094,739.852783203125,82.15299224853516,98.63452911376953
2026-07-31,64.08999633789062,371.5400085449219,745.1796264648438,81.60728454589844,98.09916687011719
2026-08-03,64.31999969482422,371.7099914550781,755.793212890625,81.87625885009766,98.2181396484375
2026-08-04,66.0,374.1600036621094,769.4193725585938,82.50385284423828,98.06942749023438
2026-08-05,65.72000122070312,389.6400146484375,767.8831787109375,82.68316650390625,98.06942749023438
2026-08-06,65.0199966430664,389.6700134277344,766.65625,82.20499420166016,97.1969985961914
2026-08-07,65.63999938964844,398.4700012207031,771.3446044921875,82.44408416748047,97.5836410522461
2026-08-10,65.16999816894531,402.5400085449219,771.1151733398438,81.74674987792969,96.27499389648438
2026-08-11,65.43000030517578,400.9599914550781,768.6513061523438,81.87625885009766,95.55126953125
2026-08-12,66.45999908447266,404.9200134277344,770.5764770507812,81.79656219482422,96.47327423095703
2026-08-13,66.68000030517578,398.9599914550781,775.9531860351562,82.27472686767578,97.73235321044922
2026-08-14,66.61000061035156,401.4800109863281,774.4169921875,81.7268295288086,97.9802017211914
2026-08-17,67.31999969482422,405.489990234375,770.7560424804688,81.03946685791016,97.13751220703125
2026-08-18,65.33999633789062,398.54998779296875,765.5490112304688,81.3482894897461,96.78060913085938
2026-08-19,66.11000061035156,413.8399963378906,767.1549682617188,82.70308685302734,97.76209259033203
2026-08-20,66.62000274658203,415.260009765625,760.7109985351562,82.02568054199219,97.75218200683594
2026-08-21,67.12000274658203,423.3599853515625,763.8232421875,81.7367935180664,97.65303802490234
2026-08-24,66.11000061035156,426.69000244140625,761.5787963867188,82.24484252929688,98.24787902832031
2026-08-25,67.25,428.07000732421875,764.0127563476562,83.15137481689453,98.39659118652344
2026-08-26,67.16999816894531,421.32000732421875,764.182373046875,82.98202514648438,97.76209259033203
2026-08-27,67.61000061035156,422.6000061035156,769.18994140625,82.81266784667969,96.81034851074219
2026-08-28,67.13999938964844,408.8900146484375,767.4442749023438,82.5636215209961,96.40386962890625
2026-08-31,67.0199966430664,408.4200134277344,765.1499633789062,82.20499420166016,95.61075592041016
2026-09-01,66.7699966430664,396.75,759.89306640625,81.87000274658203,95.47196197509766
2026-09-02,67.1500015258789,402.7799987792969,763.2646484375,81.94999694824219,94.95642852783203
2026-09-03,67.47000122070312,410.2200012207031,771.2548217773438,82.06999969482422,95.82886505126953
2026-09-04,68.69999694824219,406.7699890136719,768.2822265625,82.20999908447266,95.1943588256836
2026-09-08,68.83000183105469,399.7200012207031,764.0626831054688,82.19999694824219,95.10514068603516
2026-09-09,68.4800033569336,403.3500061035156,760.5115356445312,81.7300033569336,94.1236572265625
2026-09-10,67.0,396.3599853515625,755.9528198242188,80.77999877929688,93.31070709228516
2026-09-11,67.83999633789062,398.7699890136719,762.3967895507812,80.87000274658203,93.98485565185547
2026-09-14,65.98999786376953,392.8399963378906,758.9952392578125,80.93000030517578,93.5188980102539
2026-09-15,65.76000213623047,394.1499938964844,755.513916015625,80.70999908447266,93.2908706665039
2026-09-16,65.72000122070312,391.739990234375,752.1821899414062,80.87999725341797,92.67620849609375
2026-09-17,66.91000366210938,398.3599853515625,760.7109985351562,81.77999877929688,93.00336456298828
2026-09-18,67.02999877929688,401.1700134277344,761.6900024414062,81.25,92.11111450195312
2026-09-21,68.83000183105469,398.3800048828125,773.5,81.80000305175781,93.00336456298828
2026-09-22,69.0999984741211,400.07000732421875,773.3800048828125,81.75,92.81500244140625
2026-09-23,67.70999908447266,392.8800048828125,767.8099975585938,80.45999908447266,91.44999694824219
2026-09-24,67.25,391.69000244140625,767.1799926757812,79.41999816894531,91.16999816894531
2026-09-25,67.9800033569336,393.4100036621094,771.3499755859375,79.31999969482422,90.98999786376953
2026-09-28,67.19999694824219,377.9100036621094,765.6099853515625,78.62000274658203,90.58999633789062
