Date,EEM,GLD,SPY,TLT,VNQ
2010-01-04,30.19456672668457,109.80000305175781,84.36898803710938,55.070831298828125,23.145572662353516
2010-01-05,30.41372299194336,109.69999694824219,84.59231567382812,55.42648696899414,23.119606018066406
2010-01-06,30.47735595703125,111.51000213623047,84.65184783935547,54.68451690673828,23.078031539916992
2010-01-07,30.300609588623047,110.81999969482422,85.00920867919922,54.77650451660156,23.32741928100586
2010-01-08,30.540973663330078,111.37000274658203,85.29208374023438,54.751949310302734,23.155969619750977
2010-01-11,30.47735595703125,112.8499984741211,85.41120910644531,54.4515495300293,23.29105567932129
2010-01-12,29.989543914794922,110.48999786376953,84.61466217041016,55.38353729248047,22.901395797729492
2010-01-13,30.081453323364258,111.54000091552734,85.32933044433594,54.73967361450195,23.363779067993164
2010-01-14,30.003681182861328,112.02999877929688,85.56011199951172,55.50617980957031,23.342994689941406
2010-01-15,29.657278060913086,110.86000061035156,84.59976196289062,55.849571228027344,23.166349411010742
2010-01-19,30.25818634033203,111.5199966430664,85.65689086914062,55.69016647338867,23.639141082763672
2010-01-20,29.530014038085938,108.94000244140625,84.785888671875,56.25430679321289,23.374174118041992
2010-01-21,28.639240264892578,107.37000274658203,83.15550994873047,56.511837005615234,22.703964233398438
2010-01-22,28.002965927124023,107.16999816894531,81.30184173583984,56.41372299194336,22.132461547851562
2010-01-25,28.20799446105957,107.4800033569336,81.71871948242188,56.15617370605469,22.288328170776367
2010-01-26,27.621204376220703,107.55999755859375,81.37626647949219,56.17454528808594,22.08051872253418
2010-01-27,27.550506591796875,106.52999877929688,81.76335144042969,56.1439094543457,22.277944564819336
2010-01-28,27.359622955322266,106.4800033569336,80.82536315917969,56.11326217651367,22.085718154907227
2010-01-29,27.062702178955078,105.95999908447266,79.9468994140625,56.603790283203125,21.961017608642578
2010-02-01,27.790882110595703,108.3499984741211,81.19013977050781,56.09001159667969,22.361068725585938
2010-02-02,28.017105102539062,109.12999725341797,82.17282104492188,56.249942779541016,22.667587280273438
2010-02-03,27.854503631591797,108.69999694824219,81.76335144042969,55.59766387939453,22.298721313476562
2010-02-04,26.596097946166992,104.37000274658203,79.23966979980469,56.4776496887207,21.47265625
2010-02-05,26.299169540405273,104.68000030517578,79.40347290039062,56.600746154785156,21.867517471313477
2010-02-08,26.037601470947266,104.04000091552734,78.83024597167969,56.67455291748047,21.3895263671875
2010-02-09,26.885957717895508,105.41000366210938,79.82035827636719,56.10844421386719,21.321985244750977
2010-02-10,26.815261840820312,105.12000274658203,79.66405487060547,55.573081970214844,21.363548278808594
2010-02-11,27.52223014831543,107.12999725341797,80.49783325195312,55.27152633666992,21.566164016723633
2010-02-12,27.175823211669922,107.04000091552734,80.43083190917969,55.499210357666016,21.820741653442383
2010-02-16,27.87571907043457,109.62000274658203,81.69640350341797,55.6038703918457,22.439006805419922
2010-02-17,27.974687576293945,109.25,82.08351135253906,54.969993591308594,22.641626358032227
2010-02-18,28.080730438232422,109.9800033569336,82.56736755371094,54.748497009277344,22.979324340820312
2010-02-19,27.840368270874023,109.47000122070312,82.73860931396484,55.043853759765625,22.99489974975586
2010-02-22,27.87571907043457,109.06999969482422,82.75350189208984,54.8161735534668,23.05205535888672
2010-02-23,27.232376098632812,107.88999938964844,81.7485122680664,55.67151641845703,22.875408172607422
2010-02-24,27.49394989013672,107.36000061035156,82.50035858154297,55.80690383911133,23.109209060668945
2010-02-25,27.267730712890625,108.30999755859375,82.3886947631836,56.1207275390625,23.197528839111328
2010-02-26,27.543445587158203,109.43000030517578,82.44083404541016,56.40998840332031,23.187135696411133
2010-03-01,28.01003646850586,109.43000030517578,83.29695892333984,56.38526153564453,23.38456916809082
2010-03-02,28.32817268371582,111.0199966430664,83.52772521972656,56.311180114746094,23.39495086669922
2010-03-03,28.3635196685791,111.62999725341797,83.6021957397461,56.16921615600586,23.33260154724121
2010-03-04,28.215051651000977,110.83000183105469,83.85528564453125,56.465511322021484,23.478092193603516
2010-03-05,28.950300216674805,110.80999755859375,85.05386352539062,55.724727630615234,24.11712074279785
2010-03-08,28.971515655517578,109.87999725341797,85.0687484741211,55.43453598022461,24.361303329467773
2010-03-09,29.134109497070312,109.72000122070312,85.21021270751953,55.44694137573242,24.41845703125
2010-03-10,29.33913230895996,108.47000122070312,85.58988189697266,55.3049430847168,24.63666534423828
2010-03-11,29.346202850341797,108.5999984741211,85.94720458984375,55.5086784362793,24.782140731811523
2010-03-12,29.247222900390625,107.94999694824219,85.95468139648438,55.85439682006836,24.979568481445312
2010-03-15,29.035133361816406,108.36000061035156,85.97698974609375,55.780330657958984,24.922407150268555
2010-03-16,29.409820556640625,110.4000015258789,86.6618881225586,56.22477340698242,25.52507781982422
2010-03-17,29.727964401245117,109.58999633789062,87.17555236816406,56.465511322021484,25.904346466064453
2010-03-18,29.50172996520996,110.33999633789062,87.13089752197266,56.280296325683594,25.76406478881836
2010-03-19,29.119964599609375,108.27999877929688,86.68986511230469,56.33589172363281,25.48351287841797
2010-03-22,29.22601890563965,107.75,87.15332794189453,56.397647857666016,25.805633544921875
2010-03-23,29.4310359954834,108.31999969482422,87.76627349853516,56.132171630859375,25.732900619506836
2010-03-24,28.99272346496582,106.30000305175781,87.3402099609375,55.1074104309082,25.8731689453125
2010-03-25,28.914953231811523,106.77999877929688,87.19815063476562,54.75555419921875,25.936513900756836
2010-03-26,29.056337356567383,108.58999633789062,87.1458511352539,54.909873962402344,25.80040740966797
2010-03-29,29.579505920410156,108.75,87.69902038574219,54.699989318847656,25.87891960144043
2010-03-30,29.6926212310791,107.97000122070312,87.75882720947266,54.87284851074219,25.842294692993164
2010-03-31,29.777456283569336,108.94999694824219,87.45980834960938,55.24943923950195,25.549163818359375
2010-04-01,30.555124282836914,110.26000213623047,88.05782318115234,55.114322662353516,25.680025100708008
2010-04-05,30.830827713012695,110.88999938964844,88.77544403076172,54.19727325439453,26.245336532592773
2010-04-06,30.922740936279297,111.02999877929688,88.98475646972656,54.28403854370117,26.847299575805664
2010-04-07,30.65408706665039,112.48999786376953,88.47640991210938,54.978065490722656,26.255800247192383
2010-04-08,30.760135650634766,112.6500015258789,88.78292846679688,55.00279998779297,26.287212371826172
2010-04-09,30.951019287109375,113.63999938964844,89.36601257324219,55.13294982910156,26.658863067626953
2010-04-12,30.70357894897461,113.01000213623047,89.50798797607422,55.42412185668945,26.491348266601562
2010-04-13,30.639955520629883,112.69000244140625,89.57528686523438,55.603843688964844,27.140417098999023
2010-04-14,31.092403411865234,113.02999877929688,90.59190368652344,55.21347427368164,27.182294845581055
2010-04-15,30.922740936279297,113.6500015258789,90.66669464111328,55.27541732788086,26.439006805419922
2010-04-16,30.017818450927734,111.23999786376953,89.22394561767578,55.67816925048828,25.831817626953125
2010-04-19,29.897647857666016,111.1500015258789,89.56033325195312,55.54185485839844,25.946971893310547
2010-04-20,30.251113891601562,111.45999908447266,90.36016082763672,55.740169525146484,26.38667106628418
2010-04-21,30.15214729309082,112.30999755859375,90.19574737548828,56.198665618896484,26.847299575805664
2010-04-22,30.27939796447754,111.83999633789062,90.46485137939453,56.031341552734375,27.260818481445312
2010-04-23,30.441997528076172,113.19000244140625,91.0553970336914,55.833072662353516,27.62199592590332
2010-04-26,30.441997528076172,112.75,90.71150207519531,55.895076751708984,27.841838836669922
2010-04-27,29.353269577026367,114.62999725341797,88.566162109375,56.68195724487305,26.951993942260742
2010-04-28,29.600704193115234,114.30999755859375,89.23890686035156,56.198665618896484,27.035730361938477
2010-04-29,30.08851432800293,114.27999877929688,90.34523010253906,56.434120178222656,28.25535011291504
2010-04-30,29.727964401245117,115.36000061035156,88.81278991699219,57.0847053527832,27.375961303710938
2010-05-03,29.89056396484375,115.7300033569336,89.96401977539062,57.010108947753906,28.28675079345703
2010-05-04,28.51905632019043,114.87000274658203,87.8484878540039,58.03597640991211,27.642925262451172
2010-05-05,28.002965927124023,115.08999633789062,87.32527923583984,58.37801742553711,27.27127456665039
2010-05-06,26.857683181762695,118.48999786376953,84.42485809326172,60.18107223510742,26.1511173248291
2010-05-07,26.999073028564453,118.2699966430664,83.16905975341797,59.42877960205078,25.711423873901367
2010-05-10,28.9432315826416,117.56999969482422,86.83189392089844,58.19768524169922,27.407381057739258
2010-05-11,28.420080184936523,120.66000366210938,86.5852279663086,58.0484504699707,27.569644927978516
2010-05-12,28.773557662963867,121.4000015258789,87.79618072509766,57.60697555541992,28.01456642150879
2010-05-13,28.504913330078125,120.55999755859375,86.7048110961914,57.98627853393555,27.559179306030273
2010-05-14,27.91812515258789,120.37000274658203,85.13501739501953,58.99350357055664,26.685020446777344
2010-05-17,27.748456954956055,119.36000061035156,85.17986297607422,58.77593231201172,26.7216739654541
2010-05-18,27.168752670288086,119.48999786376953,84.021240234375,59.67748260498047,26.046430587768555
2010-05-19,26.90715980529785,116.62999725341797,83.54280853271484,59.87647247314453,25.805646896362305
2010-05-20,25.57099723815918,115.83999633789062,80.38826751708984,61.13859939575195,24.48134422302246
2010-05-21,26.398149490356445,115.22000122070312,81.56185913085938,61.2007942199707,25.30315399169922
2010-05-24,26.122432708740234,116.83999633789062,80.51534271240234,60.989444732666016,24.737834930419922
2010-05-25,25.839641571044922,117.36000061035156,80.59760284423828,61.28784942626953,24.936723709106445
2010-05-26,25.825511932373047,118.47000122070312,80.11167907714844,61.11376190185547,24.88437843322754
2010-05-27,27.38791275024414,118.69000244140625,82.79527282714844,59.72719192504883,26.250577926635742
2010-05-28,26.935447692871094,118.87999725341797,81.7562255859375,60.00082778930664,25.91556739807129
2010-06-01,26.44057273864746,119.91000366210938,80.38079833984375,60.42255401611328,25.37642478942871
2010-06-02,27.366695404052734,119.77999877929688,82.47386169433594,59.84856033325195,25.873703002929688
2010-06-03,27.267730712890625,117.95999908447266,82.75786590576172,59.411922454833984,25.80040740966797
2010-06-04,26.299169540405273,119.19000244140625,79.85004425048828,61.009002685546875,24.340011596679688
2010-06-07,25.889135360717773,121.48999786376953,78.85589599609375,61.476871490478516,24.209152221679688
2010-06-08,26.482990264892578,121.0,79.70055389404297,61.171207427978516,24.643598556518555
2010-06-09,26.341596603393555,120.55999755859375,79.27446746826172,61.10259246826172,24.790180206298828
2010-06-10,27.260648727416992,118.97000122070312,81.59176635742188,60.01078796386719,25.863218307495117
2010-06-11,27.40204429626465,120.01000213623047,81.98796844482422,60.77191162109375,26.172048568725586
2010-06-14,27.409116744995117,119.5999984741211,81.86090087890625,60.45999526977539,26.49659538269043
2010-06-15,28.23626708984375,120.98999786376953,83.72221374511719,60.21039962768555,27.088071823120117
2010-06-16,28.23626708984375,120.33000183105469,83.69230651855469,60.55354690551758,26.842056274414062
2010-06-17,28.09486961364746,121.9000015258789,83.82687377929688,61.046382904052734,26.899639129638672
2010-06-18,28.222116470336914,122.83000183105469,83.917724609375,60.94659423828125,26.815887451171875
2010-06-21,28.709932327270508,120.38999938964844,83.67739868164062,60.77191162109375,26.606515884399414
2010-06-22,28.158504486083984,121.44999694824219,82.29540252685547,61.495609283447266,25.816116333007812
2010-06-23,28.231090545654297,120.94999694824219,82.0400619506836,61.91361999511719,25.884172439575195
2010-06-24,27.732933044433594,121.30000305175781,80.68061828613281,61.5455207824707,25.336227416992188
2010-06-25,28.0602970123291,122.76000213623047,81.01860046386719,61.7950439453125,25.975568771362305
2010-06-28,27.868146896362305,121.08999633789062,80.76321411132812,62.37527084350586,25.669111251831055
2010-06-29,26.736629486083984,121.2699966430664,78.2696533203125,63.05532455444336,24.828977584838867
2010-06-30,26.5587100982666,121.68000030517578,77.52610778808594,63.47954177856445,24.564788818359375
2010-07-01,26.750858306884766,117.04000091552734,77.18058776855469,63.57969284057617,24.480241775512695
2010-07-02,26.86472511291504,118.48999786376953,76.75997161865234,63.072757720947266,24.009965896606445
2010-07-06,27.362876892089844,116.51000213623047,77.26321411132812,63.592140197753906,23.476293563842773
2010-07-07,27.967777252197266,117.7300033569336,79.69669342041016,62.84751510620117,24.617616653442383
2010-07-08,28.10298728942871,117.20999908447266,80.48533630371094,62.446998596191406,24.92407989501953
2010-07-09,28.444589614868164,118.36000061035156,81.08617401123047,62.09024429321289,25.241113662719727
2010-07-12,28.216846466064453,117.33999633789062,81.13876342773438,62.06524658203125,25.320371627807617
2010-07-13,28.544218063354492,118.36000061035156,82.36300659179688,61.533321380615234,25.943866729736328
2010-07-14,28.487272262573242,118.30000305175781,82.35551452636719,62.152835845947266,25.790645599365234
2010-07-15,28.352066040039062,118.2300033569336,82.37802124023438,62.77235412597656,25.706090927124023
2010-07-16,27.50520133972168,116.66999816894531,80.10977935791016,63.07908630371094,24.871246337890625
2010-07-19,27.868146896362305,115.7300033569336,80.58295440673828,62.69106674194336,25.177709579467773
2010-07-20,28.52286720275879,116.6500015258789,81.47674560546875,62.78487777709961,25.647977828979492
2010-07-21,28.231090545654297,115.8499984741211,80.41771697998047,63.8487434387207,25.11430549621582
2010-07-22,29.085063934326172,116.86000061035156,82.2127685546875,63.11030960083008,26.054819107055664
2010-07-23,29.284324645996094,116.08999633789062,82.92632293701172,62.44068908691406,26.387712478637695
2010-07-26,29.48358917236328,115.5199966430664,83.7900619506836,62.334354400634766,27.048200607299805
2010-07-27,29.433773040771484,113.51000213623047,83.78255462646484,61.73354721069336,27.042919158935547
2010-07-28,29.270103454589844,113.77999877929688,83.2417984008789,61.93388748168945,26.990079879760742
2010-07-29,29.319904327392578,114.29000091552734,82.83621215820312,61.91503143310547,26.76287269592285
2010-07-30,29.46224021911621,115.48999786376953,82.82115936279297,62.8787727355957,26.9213924407959
2010-08-02,30.22370147705078,115.54000091552734,84.69136047363281,61.996063232421875,27.82493019104004
2010-08-03,30.08138084411621,115.98999786376953,84.28575897216797,62.353946685791016,27.555444717407227
2010-08-04,30.12407684326172,116.72000122070312,84.84907531738281,61.87678909301758,27.750959396362305
2010-08-05,29.98886489868164,116.9800033569336,84.75890350341797,62.16563034057617,27.40222930908203
2010-08-06,29.94617462158203,117.83999633789062,84.4134292602539,62.84362030029297,27.27541160583496
2010-08-09,30.102718353271484,117.4000015258789,84.8641128540039,62.611297607421875,27.587167739868164
2010-08-10,29.689970016479492,117.7300033569336,84.40592956542969,62.7431755065918,27.317686080932617
2010-08-11,28.743478775024414,117.33999633789062,82.09259796142578,63.58439636230469,26.63606834411621
2010-08-12,28.793292999267578,118.7699966430664,81.58942413330078,63.4275016784668,26.303171157836914
2010-08-13,28.949857711791992,118.73999786376953,81.34905242919922,64.2185287475586,26.303171157836914
2010-08-16,29.220273971557617,119.7300033569336,81.3115234375,65.82571411132812,26.282047271728516
2010-08-17,29.526277542114258,119.75,82.31043243408203,65.44903564453125,26.8843994140625
2010-08-18,29.504940032958984,120.22000122070312,82.46064758300781,65.62483215332031,26.910831451416016
2010-08-19,29.277210235595703,120.38999938964844,81.0261001586914,66.64818572998047,26.22391700744629
2010-08-20,29.191814422607422,119.97000122070312,80.76321411132812,66.57286071777344,26.139373779296875
2010-08-23,28.928504943847656,119.77999877929688,80.45530700683594,66.58540344238281,26.001998901367188
2010-08-24,28.558446884155273,120.36000061035156,79.26107788085938,67.65267181396484,25.896318435668945
2010-08-25,28.373422622680664,121.36000061035156,79.56902313232422,67.4328842163086,26.308460235595703
2010-08-26,28.195505142211914,120.95999908447266,79.0357437133789,68.0669937133789,26.149946212768555
2010-08-27,28.814634323120117,121.01000213623047,80.2600326538086,66.13960266113281,26.583215713500977
2010-08-30,28.337833404541016,120.91000366210938,79.09581756591797,67.40780639648438,26.377147674560547
2010-08-31,28.508628845214844,122.08000183105469,79.09581756591797,68.15487670898438,26.57793617248535
2010-09-01,29.512054443359375,121.69000244140625,81.46171569824219,66.74568176269531,27.44449234008789
2010-09-02,29.561857223510742,122.29000091552734,82.2203140258789,66.04043579101562,27.793231964111328
2010-09-03,29.910573959350586,121.86000061035156,83.2868423461914,65.22189331054688,28.20008659362793
2010-09-07,29.476470947265625,122.69999694824219,82.34800720214844,66.55675506591797,27.766799926757812
2010-09-08,29.796707153320312,122.70999908447266,82.92632293701172,66.02782440185547,27.82493019104004
2010-09-09,29.967506408691406,121.55999755859375,83.30937957763672,64.72442626953125,27.50262451171875
2010-09-10,30.074247360229492,121.7300033569336,83.72998809814453,64.42845153808594,27.650562286376953
2010-09-13,30.793014526367188,121.62000274658203,84.66132354736328,64.74330139160156,28.104970932006836
2010-09-14,30.77878761291504,124.0199966430664,84.60871124267578,65.36668395996094,27.999292373657227
2010-09-15,30.82147789001465,123.94000244140625,84.93170928955078,64.3969497680664,28.24236488342285
2010-09-16,30.664926528930664,124.62999725341797,84.90917205810547,63.76101303100586,28.094409942626953
2010-09-17,30.615114212036133,124.54000091552734,84.94087982177734,64.01913452148438,28.178945541381836
2010-09-20,31.099023818969727,124.87000274658203,86.23966217041016,64.39065551757812,28.865861892700195
2010-09-21,31.00650978088379,126.01000213623047,86.06599426269531,65.28484344482422,28.44314193725586
2010-09-22,31.02786636352539,126.19999694824219,85.64312744140625,65.87042236328125,28.057409286499023
2010-09-23,30.82860565185547,126.30000305175781,84.94841766357422,66.05933380126953,27.365238189697266
2010-09-24,31.397924423217773,126.69000244140625,86.70026397705078,65.1715087890625,28.139362335205078
2010-09-27,31.340988159179688,126.72000122070312,86.28495025634766,66.30491638183594,27.792818069458008
2010-09-28,31.5687198638916,127.8499984741211,86.58698272705078,66.75827026367188,27.9047794342041
2010-09-29,31.67547035217285,127.94999694824219,86.43596649169922,66.48120880126953,27.686187744140625
2010-09-30,31.860502243041992,127.91000366210938,86.17923736572266,66.43716430664062,27.76617431640625
2010-10-01,32.33018112182617,128.91000366210938,86.54167175292969,66.1160659790039,27.9047794342041
2010-10-04,32.23056411743164,128.4600067138672,85.89230346679688,66.28671264648438,28.160688400268555
2010-10-05,32.81410598754883,130.99000549316406,87.62147521972656,65.88854217529297,28.60852813720703
2010-10-06,32.79987335205078,131.80999755859375,87.61394500732422,66.71653747558594,28.453907012939453
2010-10-07,32.508094787597656,130.3699951171875,87.50821685791016,66.16032409667969,28.533891677856445
2010-10-08,32.899505615234375,131.66000366210938,87.99903869628906,65.86956024169922,28.613861083984375
2010-10-11,32.878150939941406,132.2899932861328,88.08207702636719,65.88219451904297,28.60852813720703
2010-10-12,32.74293899536133,131.9600067138672,88.35392761230469,65.23123931884766,28.81113052368164
2010-10-13,33.34782791137695,134.07000732421875,89.04103088378906,65.13005828857422,29.10968017578125
2010-10-14,33.2909049987793,134.75,88.69371032714844,64.15680694580078,29.03504180908203
2010-10-15,33.248199462890625,133.67999267578125,88.87494659423828,63.373069763183594,28.997722625732422
2010-10-18,33.2624397277832,134.27999877929688,89.31289672851562,63.88505172729492,29.37092399597168
2010-10-19,32.209197998046875,130.11000061035156,88.14248657226562,64.27058410644531,29.00838851928711
2010-10-20,32.72158432006836,131.32000732421875,89.0033187866211,64.4095687866211,29.642831802368164
2010-10-21,32.72158432006836,129.47000122070312,89.19964599609375,63.64483642578125,29.61083984375
2010-10-22,32.75716781616211,129.72999572753906,89.36576843261719,64.07464599609375,29.62683868408203
2010-10-25,33.11298751831055,130.85000610351562,89.63002014160156,64.25785827636719,29.680158615112305
2010-10-26,33.08452606201172,130.8800048828125,89.64511108398438,63.265621185302734,29.46690559387207
2010-10-27,32.52232360839844,129.52000427246094,89.38839721679688,62.70945739746094,29.25895881652832
2010-10-28,32.72871017456055,131.24000549316406,89.40350341796875,62.880123138427734,29.07769012451172
2010-10-29,32.82121658325195,132.6199951171875,89.47144317626953,63.46788787841797,29.083030700683594
2010-11-01,33.18416213989258,131.9199981689453,89.50165557861328,63.19460678100586,29.333606719970703
2010-11-02,33.596920013427734,132.49000549316406,90.21147918701172,64.02518463134766,29.536209106445312
2010-11-03,33.80329132080078,131.57000732421875,90.57391357421875,62.719078063964844,29.536209106445312
2010-11-04,34.571876525878906,136.02999877929688,92.31819915771484,63.2072868347168,30.2186279296875
2010-11-05,34.50782775878906,136.3800048828125,92.66554260253906,62.123023986816406,30.543838500976562
2010-11-08,34.3654899597168,137.77999877929688,92.49185180664062,62.40204620361328,30.378576278686523
2010-11-09,33.93137741088867,135.58999633789062,91.82737731933594,61.02619934082031,29.147001266479492
2010-11-10,34.18046951293945,137.24000549316406,92.19739532470703,61.10859298706055,29.509536743164062
2010-11-11,33.84598922729492,137.66000366210938,91.85001373291016,61.07691192626953,29.27495574951172
2010-11-12,33.027587890625,133.69000244140625,90.7626953125,60.7471923828125,29.003047943115234
2010-11-15,33.013362884521484,132.4199981689453,90.63432312011719,59.479129791259766,28.725820541381836
2010-11-16,32.1451530456543,130.97000122070312,89.2222671508789,60.956451416015625,27.739500045776367
2010-11-17,32.308834075927734,130.3800048828125,89.26760864257812,60.62042999267578,27.952770233154297
2010-11-18,33.07741165161133,132.08999633789062,90.5814437866211,60.8676872253418,28.203332901000977
2010-11-19,33.098758697509766,132.1999969482422,90.83064270019531,61.24177932739258,28.352624893188477
2010-11-22,32.999122619628906,133.47999572753906,90.755126953125,61.50172805786133,28.427257537841797
2010-11-23,31.9530086517334,134.41000366210938,89.44124603271484,61.806095123291016,28.203332901000977
2010-11-24,32.6931266784668,134.17999267578125,90.7626953125,60.702857971191406,28.747140884399414
2010-11-26,31.8818416595459,133.11000061035156,89.70552062988281,61.54612731933594,28.688495635986328
2010-11-29,32.130924224853516,133.50999450683594,89.97738647460938,62.07233428955078,28.672500610351562
2010-11-30,31.86760902404785,135.4199981689453,89.47144317626953,62.395713806152344,28.5445499420166
2010-12-01,32.778526306152344,135.3800048828125,91.37433624267578,61.00877380371094,28.709821701049805
2010-12-02,33.42611312866211,135.1999969482422,92.54467010498047,60.84969711303711,29.15233612060547
2010-12-03,33.54710006713867,138.07000732421875,92.79386901855469,60.37252426147461,29.147001266479492
2010-12-06,33.49017333984375,139.11000061035156,92.69572448730469,61.22504425048828,29.20564842224121
2010-12-07,33.33361053466797,136.5,92.74858856201172,59.91440963745117,29.269636154174805
2010-12-08,33.12010955810547,134.7899932861328,93.08838653564453,59.335426330566406,28.837778091430664
2010-12-09,33.006256103515625,135.3699951171875,93.45082092285156,59.628082275390625,28.581884384155273
2010-12-10,33.15568161010742,135.41000366210938,93.99449157714844,59.26545715332031,28.768476486206055
2010-12-13,33.36919403076172,136.0500030517578,94.05489349365234,59.48813247680664,28.81645965576172
2010-12-14,33.419002532958984,136.17999267578125,94.13795471191406,58.62285232543945,28.533891677856445
2010-12-15,32.878150939941406,134.6999969482422,93.70756530761719,57.85938262939453,28.261981964111328
2010-12-16,32.970664978027344,133.80999755859375,94.251220703125,58.260169982910156,28.309955596923828
2010-12-17,33.02048110961914,134.1999969482422,94.35218811035156,59.322715759277344,28.5445499420166
2010-12-20,32.87102508544922,135.11000061035156,94.57991790771484,59.259063720703125,28.885753631591797
2010-12-21,33.350852966308594,135.32000732421875,95.17955017089844,59.67264175415039,29.189672470092773
2010-12-22,33.465606689453125,135.0500030517578,95.47559356689453,59.246368408203125,29.413576126098633
2010-12-23,33.42975997924805,134.66000366210938,95.33897399902344,59.125450134277344,29.280292510986328
2010-12-27,33.322166442871094,135.02000427246094,95.37691497802734,59.653541564941406,29.64410400390625
2010-12-28,33.350852966308594,137.22000122070312,95.5135498046875,58.48527145385742,29.762676239013672
2010-12-29,33.777828216552734,137.7100067138672,95.58186340332031,59.47483444213867,29.821969985961914
2010-12-30,33.9500617980957,137.02999877929688,95.43006134033203,59.43012619018555,29.90281867980957
2010-12-31,34.186859130859375,138.72000122070312,95.45285034179688,60.087669372558594,29.843528747558594
2011-01-03,34.5169677734375,138.0,96.43964385986328,59.634395599365234,30.398670196533203
2011-01-04,34.67485046386719,134.75,96.38648223876953,59.70460891723633,29.81657600402832
2011-01-05,34.5887336730957,134.3699951171875,96.88749694824219,58.38953399658203,29.92437171936035
2011-01-06,34.22275924682617,133.8300018310547,96.69767761230469,58.64482498168945,29.64410400390625
2011-01-07,33.9069938659668,133.5800018310547,96.50794982910156,58.95769119262695,29.654890060424805
2011-01-10,33.55537796020508,134.1199951171875,96.38648223876953,59.276859283447266,29.64949607849121
2011-01-11,33.9141845703125,134.91000366210938,96.72810363769531,58.94491958618164,29.58480453491211
2011-01-12,34.595916748046875,135.4600067138672,97.60101318359375,58.48527145385742,29.708782196044922
2011-01-13,34.294517517089844,134.0500030517578,97.44156646728516,59.008731842041016,29.80579948425293
2011-01-14,34.39497375488281,132.69000244140625,98.14755249023438,58.63209533691406,30.00522804260254
2011-01-18,34.34474182128906,133.42999267578125,98.31452178955078,58.357574462890625,30.263931274414062
2011-01-19,34.07923126220703,133.72000122070312,97.35051727294922,58.778934478759766,29.865097045898438
2011-01-20,33.706077575683594,131.1999969482422,97.22144317626953,57.96810531616211,29.8704833984375
2011-01-21,33.354454040527344,131.02999877929688,97.44156646728516,58.427772521972656,29.892032623291016
2011-01-24,33.61278533935547,130.36000061035156,97.99573516845703,58.45335006713867,30.042949676513672
2011-01-25,33.411861419677734,130.10000610351562,98.04885864257812,59.008731842041016,30.393285751342773
2011-01-26,33.706077575683594,131.16000366210938,98.4283676147461,58.11495590209961,30.441797256469727
2011-01-27,33.59125518798828,127.93000030517578,98.67127990722656,58.376686096191406,30.921497344970703
2011-01-28,32.52920150756836,130.27999877929688,96.94819641113281,58.68317413330078,30.40945816040039
2011-01-31,32.8736457824707,129.8699951171875,97.67689514160156,58.23630142211914,30.813695907592773
2011-02-01,33.67019271850586,130.8000030517578,99.2406005859375,57.94794464111328,30.889169692993164
2011-02-02,33.41903305053711,130.4499969482422,99.05083465576172,57.96074676513672,30.889169692993164
2011-02-03,33.375972747802734,132.1999969482422,99.27095031738281,57.480281829833984,30.97539520263672
2011-02-04,33.3687858581543,131.66000366210938,99.55177307128906,56.89729309082031,30.7490234375
2011-02-07,33.411861419677734,131.67999267578125,100.17426300048828,57.19198989868164,31.050838470458984
2011-02-08,33.426212310791016,133.13999938964844,100.62969207763672,56.66663360595703,31.185598373413086
2011-02-09,32.65836715698242,133.07000732421875,100.40196228027344,57.15998458862305,31.2071590423584
2011-02-10,32.34979248046875,132.85000610351562,100.43991088867188,56.500064849853516,31.336515426635742
2011-02-11,32.74448776245117,132.32000732421875,101.03961181640625,57.31370162963867,31.541324615478516
2011-02-14,32.57941818237305,132.9499969482422,101.28245544433594,57.35215377807617,31.54671859741211
2011-02-15,32.644012451171875,133.97000122070312,100.9636459350586,57.60840606689453,31.42814064025879
2011-02-16,32.91670227050781,134.10000610351562,101.60130310058594,57.4226188659668,31.498212814331055
2011-02-17,33.031524658203125,135.0399932861328,101.90489959716797,57.51231384277344,31.530553817749023
2011-02-18,33.23245620727539,135.41000366210938,102.11746215820312,57.33293914794922,31.65449333190918
2011-02-22,32.17039489746094,136.2899932861328,100.0679702758789,58.19144058227539,31.37963104248047
2011-02-23,32.19908905029297,137.50999450683594,99.45311737060547,58.40287780761719,31.115522384643555
2011-02-24,32.27802658081055,136.47999572753906,99.38481140136719,58.77443313598633,30.878368377685547
2011-02-25,32.66553497314453,137.3800048828125,100.44750213623047,59.120365142822266,31.48203468322754
2011-02-28,32.859291076660156,137.66000366210938,101.06993103027344,59.19725036621094,32.26355743408203
2011-03-01,32.522029876708984,140.02999877929688,99.38481140136719,59.368858337402344,31.304174423217773
2011-03-02,32.9669303894043,139.9199981689453,99.59737396240234,58.45616149902344,31.018518447875977
2011-03-03,33.619956970214844,138.08999633789062,101.3128662109375,57.88420104980469,31.46586799621582
2011-03-04,33.65584182739258,139.35000610351562,100.55378723144531,58.3661994934082,31.164045333862305
2011-03-07,33.18221664428711,139.72000122070312,99.76432037353516,57.99340057373047,30.937673568725586
2011-03-08,33.62712860107422,139.36000061035156,100.63727569580078,57.639915466308594,31.37423324584961
2011-03-09,33.69172286987305,139.41000366210938,100.49303436279297,58.19907760620117,31.3419132232666
2011-03-10,32.69424057006836,137.77000427246094,98.63331604003906,59.17604446411133,30.862201690673828
2011-03-11,33.031524658203125,138.22000122070312,99.31649780273438,58.84181213378906,31.174814224243164
2011-03-14,33.22526931762695,138.86000061035156,98.71681213378906,58.81608200073242,30.862201690673828
2011-03-15,32.672725677490234,136.27000427246094,97.58583068847656,59.696678161621094,30.700511932373047
2011-03-16,32.00534439086914,136.24000549316406,95.77925109863281,60.37151336669922,30.24776268005371
2011-03-17,32.4000244140625,136.97000122070312,97.04688262939453,59.90877914428711,30.479522705078125
2011-03-18,32.45743942260742,138.3699951171875,97.39988708496094,60.069461822509766,30.786752700805664
2011-03-21,33.08175277709961,139.13999938964844,98.90933990478516,59.71592712402344,31.12091636657715
2011-03-22,33.18221664428711,139.0500030517578,98.56627655029297,59.915225982666016,30.921497344970703
2011-03-23,33.619956970214844,140.33999633789062,98.84833526611328,59.838043212890625,30.581937789916992
2011-03-24,34.00745391845703,139.22000122070312,99.79368591308594,59.38814163208008,30.711288452148438
2011-03-25,33.97159194946289,139.25999450683594,100.0986328125,59.240325927734375,30.95125389099121
2011-03-28,33.79936218261719,138.5399932861328,99.85464477539062,59.32389450073242,30.913251876831055
2011-03-29,34.186859130859375,138.2100067138672,100.52555084228516,58.86753463745117,31.038110733032227
2011-03-30,34.624603271484375,138.6699981689453,101.21931457519531,59.336734771728516,31.488731384277344
2011-03-31,34.926002502441406,139.86000061035156,101.08207702636719,59.21459197998047,31.74390983581543
2011-04-01,35.485740661621094,139.1999969482422,101.5090103149414,59.50254821777344,31.79275894165039
2011-04-04,35.78713607788086,139.83999633789062,101.59285736083984,59.567012786865234,31.771055221557617
2011-04-05,35.71537399291992,142.0500030517578,101.57764434814453,59.328216552734375,31.803625106811523
2011-04-06,35.90913391113281,142.3800048828125,101.89779663085938,58.43754196166992,31.819910049438477
2011-04-07,35.87325668334961,142.50999450683594,101.63858032226562,58.32129669189453,31.46702766418457
2011-04-08,35.90913391113281,143.66000366210938,101.28791809082031,58.01152420043945,31.238996505737305
2011-04-11,35.485740661621094,142.63999938964844,100.98296356201172,58.063201904296875,31.260719299316406
2011-04-12,34.8183708190918,141.61000061035156,100.2282485961914,58.689231872558594,31.206417083740234
2011-04-13,35.105411529541016,141.89999389648438,100.22061157226562,59.05713653564453,31.157562255859375
2011-04-14,35.21305847167969,143.80999755859375,100.29683685302734,59.0119743347168,31.608184814453125
2011-04-15,35.256103515625,145.0500030517578,100.66277313232422,59.81222152709961,32.01536560058594
2011-04-18,34.37344741821289,145.92999267578125,99.53450775146484,59.94784927368164,31.727615356445312
2011-04-19,34.86860275268555,145.92999267578125,100.10626983642578,60.20601272583008,31.977352142333984
2011-04-20,35.693851470947266,146.5,101.47089385986328,59.81875228881836,32.351966857910156
2011-04-21,36.00959777832031,146.74000549316406,101.98929595947266,59.7671012878418,32.56912612915039
2011-04-25,35.71537399291992,146.8699951171875,101.88255310058594,59.99300003051758,32.78627395629883
2011-04-26,36.02394104003906,146.3800048828125,102.75928497314453,60.57391357421875,33.074031829833984
2011-04-27,35.9593620300293,149.1999969482422,103.43016052246094,59.95424270629883,33.31834411621094
2011-04-28,35.665157318115234,149.82000732421875,103.76560974121094,60.41250228881836,33.76353073120117
2011-04-29,35.88042449951172,152.3699951171875,104.00955200195312,60.59969711303711,33.568077087402344
2011-05-02,35.887611389160156,150.41000366210938,103.84947967529297,60.69698715209961,33.61693572998047
2011-05-03,35.09105682373047,149.8800048828125,103.47592163085938,61.04050064086914,33.32920455932617
2011-05-04,34.509796142578125,147.72999572753906,102.7897720336914,61.31269836425781,33.13917541503906
2011-05-05,34.1796989440918,143.47000122070312,101.85968780517578,61.896114349365234,33.11747360229492
2011-05-06,34.624603271484375,145.3000030517578,102.30947875976562,61.62384033203125,32.824283599853516
2011-05-09,34.68918991088867,147.3800048828125,102.7059326171875,61.5590705871582,32.99259567260742
2011-05-10,35.09823226928711,147.89999389648438,103.58262634277344,61.11825942993164,33.513790130615234
2011-05-11,34.32322311401367,146.5399932861328,102.49249267578125,61.468318939208984,33.16089630126953
2011-05-12,34.423675537109375,146.58999633789062,102.98039245605469,61.07939147949219,33.21519088745117
2011-05-13,33.67019271850586,145.6300048828125,102.18749237060547,61.630348205566406,32.86229705810547
2011-05-16,33.619956970214844,145.3699951171875,101.53948974609375,61.9738883972168,32.91115951538086
2011-05-17,33.72760009765625,144.74000549316406,101.52423858642578,62.60912322998047,32.900299072265625
2011-05-18,34.27299118041992,145.60000610351562,102.43148040771484,61.779476165771484,33.220619201660156
2011-05-19,34.05052947998047,145.64999389648438,102.67539978027344,61.753536224365234,33.36178207397461
2011-05-20,33.777828216552734,147.49000549316406,101.85968780517578,61.785888671875,32.95458984375
2011-05-23,33.07457733154297,147.8300018310547,100.67800903320312,62.08403778076172,32.61798095703125
2011-05-24,33.4046745300293,148.58999633789062,100.59417724609375,62.317420959472656,32.7157096862793
2011-05-25,33.47643280029297,148.5800018310547,100.92959594726562,62.025733947753906,32.86772537231445
2011-05-26,33.9069938659668,148.22000122070312,101.3946533203125,62.55725860595703,33.30747604370117
2011-05-27,34.265804290771484,149.6999969482422,101.78343963623047,62.53132629394531,33.49749755859375
2011-05-31,34.825538635253906,149.63999938964844,102.8431396484375,62.67390823364258,34.02956008911133
2011-06-01,34.20121765136719,149.91000366210938,100.533203125,63.52092742919922,33.05231475830078
2011-06-02,34.52415084838867,149.5,100.42644500732422,62.310935974121094,32.81344985961914
2011-06-03,34.3519287109375,150.22000122070312,99.42774200439453,62.668724060058594,32.94373321533203
2011-06-06,33.79936218261719,150.47999572753906,98.37568664550781,62.19383239746094,32.460548400878906
2011-06-07,34.064876556396484,150.4199981689453,98.31470489501953,62.480106353759766,32.802581787109375
2011-06-08,33.820892333984375,149.80999755859375,97.90300750732422,62.96799087524414,32.71028137207031
2011-06-09,34.08640670776367,150.55999755859375,98.650146484375,62.714290618896484,32.35739517211914
2011-06-10,33.3472785949707,149.24000549316406,97.2778549194336,63.1956901550293,31.54301643371582
2011-06-13,33.289859771728516,147.77000427246094,97.35409545898438,62.876869201660156,31.67333221435547
2011-06-14,33.79219055175781,148.6699981689453,98.58916473388672,61.92707443237305,32.14565658569336
2011-06-15,33.06739807128906,149.1199951171875,96.83570098876953,63.05255889892578,31.62989044189453
2011-06-16,32.81623077392578,148.97000122070312,97.04917907714844,63.33882522583008,31.87963104248047
2011-06-17,32.859291076660156,149.94000244140625,97.33875274658203,63.039588928222656,32.18366622924805
2011-06-20,32.809059143066406,150.02999877929688,97.83676147460938,63.11762619018555,32.574562072753906
2011-06-21,33.411861419677734,150.75999450683594,99.177490234375,62.8378791809082,32.8297233581543
2011-06-22,33.07918167114258,150.99000549316406,98.57988739013672,62.876869201660156,32.73200988769531
2011-06-23,33.03569793701172,148.33999633789062,98.29643249511719,63.35835647583008,32.06964111328125
2011-06-24,32.97770690917969,146.25999450683594,97.15489196777344,63.09159469604492,32.07456970214844
2011-06-27,33.361839294433594,145.72999572753906,98.02064514160156,62.22636795043945,32.21146011352539
2011-06-28,33.818458557128906,146.24000549316406,99.30011749267578,61.72536849975586,32.4797477722168
2011-06-29,34.1301155090332,147.17999267578125,100.15050506591797,61.31550598144531,32.81922149658203
2011-06-30,34.499755859375,146.0,101.10819244384766,61.21800231933594,32.90683364868164
2011-07-01,34.90563201904297,144.92999267578125,102.60218048095703,61.12006759643555,33.470787048339844
2011-07-05,34.89113998413086,147.6300048828125,102.51792907714844,61.25715637207031,33.72813415527344
2011-07-06,34.65921401977539,148.91000366210938,102.64048767089844,61.57050704956055,33.97998809814453
2011-07-07,35.137569427490234,149.14999389648438,103.70542907714844,61.387672424316406,34.40707778930664
2011-07-08,34.73893737792969,150.25,102.96996307373047,62.25594711303711,34.36327362060547
2011-07-11,33.76772689819336,151.58999633789062,101.10819244384766,63.18939208984375,33.76645278930664
2011-07-12,33.42707443237305,152.77000427246094,100.67149353027344,63.40476989746094,33.88144302368164
2011-07-13,33.970672607421875,154.13999938964844,101.00858306884766,63.58108139038086,33.547447204589844
2011-07-14,33.6082763671875,154.5399932861328,100.3114013671875,62.67368698120117,33.23534393310547
2011-07-15,33.818458557128906,155.1999969482422,100.89370727539062,62.778106689453125,33.602203369140625
2011-07-18,33.42707443237305,156.57000732421875,100.06624603271484,62.17101287841797,33.36674880981445
2011-07-19,33.91267395019531,154.66000366210938,101.69046783447266,63.463523864746094,33.90334701538086
2011-07-20,34.01415252685547,156.02000427246094,101.6291275024414,62.71285629272461,34.14971923828125
2011-07-21,34.557735443115234,154.8300018310547,103.03889465332031,62.22976303100586,34.42350769042969
2011-07-22,34.53599548339844,156.1199951171875,103.10783386230469,62.69977951049805,34.593238830566406
2011-07-25,34.4635124206543,157.33999633789062,102.53321075439453,62.01437759399414,34.27018356323242
2011-07-26,34.57948303222656,157.77000427246094,102.15016174316406,62.43866729736328,34.346839904785156
2011-07-27,33.970672607421875,157.19000244140625,100.05860137939453,62.4452018737793,33.3831901550293
2011-07-28,33.999656677246094,157.32000732421875,99.76746368408203,62.68017578125,33.41604232788086
2011-07-29,34.14461898803711,158.2899932861328,99.08556365966797,63.920501708984375,33.4215087890625
2011-08-01,34.115623474121094,157.72000122070312,98.66419219970703,64.56563568115234,32.91777038574219
2011-08-02,33.06467819213867,161.52000427246094,96.14356231689453,66.50432586669922,31.866514205932617
2011-08-03,32.94871139526367,161.49000549316406,96.66456604003906,66.63529968261719,31.60369873046875
2011-08-04,31.064281463623047,160.63999938964844,92.13666534423828,69.00623321533203,30.059663772583008
2011-08-05,30.861339569091797,161.75,91.99874877929688,67.0151596069336,29.309528350830078
2011-08-08,28.28835105895996,167.1199951171875,86.00749206542969,69.13066101074219,26.763498306274414
2011-08-09,29.948102951049805,168.61000061035156,90.00675964355469,69.34027099609375,29.200023651123047
2011-08-10,28.360824584960938,174.5800018310547,86.03047943115234,71.40335083007812,28.526552200317383
2011-08-11,29.926361083984375,170.75,89.8918228149414,67.80110931396484,30.004899978637695
2011-08-12,29.911867141723633,169.97000122070312,90.49707794189453,69.14376831054688,29.99942970275879
2011-08-15,30.607664108276367,171.8000030517578,92.41246795654297,68.44298553466797,31.094484329223633
2011-08-16,30.346731185913086,173.9199981689453,91.62332153320312,69.57603454589844,31.001407623291016
2011-08-17,30.564170837402344,174.4199981689453,91.68460083007812,70.79429626464844,31.089017868041992
2011-08-18,29.12185287475586,177.72000122070312,87.73133087158203,72.24825286865234,29.703754425048828
2011-08-19,28.75946044921875,179.9499969482422,86.29861450195312,72.8311767578125,29.13431167602539
2011-08-22,28.730466842651367,184.58999633789062,86.3675765991211,72.64777374267578,29.167177200317383
2011-08-23,29.737926483154297,177.6699981689453,89.2099609375,71.64576721191406,29.884437561035156
2011-08-24,29.448001861572266,171.64999389648438,90.46644592285156,69.60882568359375,30.278669357299805
2011-08-25,28.875417709350586,172.36000061035156,89.0873794555664,70.36195373535156,29.71471405029297
2011-08-26,29.36827850341797,177.47000122070312,90.38218688964844,71.05624389648438,30.076074600219727
2011-08-29,30.317752838134766,173.88999938964844,92.97941589355469,70.0738525390625,31.105440139770508
2011-08-30,30.361236572265625,179.10000610351562,93.22457885742188,71.20034790039062,31.19304847717285
2011-08-31,30.98454475402832,177.72000122070312,93.6382827758789,70.10001373291016,31.54345703125
2011-09-01,30.817846298217773,177.8699951171875,92.65763092041016,71.58598327636719,31.089017868041992
2011-09-02,30.12205696105957,183.24000549316406,90.29022216796875,73.91151428222656,30.35531997680664
2011-09-06,29.810400009155273,182.89999389648438,89.63131713867188,74.68013763427734,30.223905563354492
2011-09-07,30.694631576538086,177.0800018310547,92.15963745117188,73.25457000732422,31.362777709960938
2011-09-08,30.013334274291992,181.80999755859375,91.20194244384766,73.91151428222656,31.121871948242188
2011-09-09,28.998641967773438,180.6999969482422,88.81156158447266,74.69979858398438,30.14725112915039
2011-09-12,28.94066047668457,176.6699981689453,89.38616943359375,74.77867126464844,30.24580955505371
2011-09-13,28.98413848876953,178.5399932861328,90.20597076416016,73.71444702148438,30.316991806030273
2011-09-14,28.904420852661133,177.2100067138672,91.45475006103516,74.33856964111328,30.514101028442383
2011-09-15,29.32478904724121,174.39999389648438,93.03305053710938,73.20204162597656,31.01784324645996
2011-09-16,29.375526428222656,176.02999877929688,93.58367156982422,73.73412322998047,31.318965911865234
2011-09-19,28.50579071044922,173.30999755859375,92.65182495117188,75.13999938964844,30.634572982788086
2011-09-20,28.295604705810547,175.77999877929688,92.54400634765625,75.455322265625,30.61813735961914
2011-09-21,27.244659423828125,173.58999633789062,89.81781768798828,77.95164489746094,29.002910614013672
2011-09-22,25.33123016357422,169.0500030517578,86.91452026367188,80.88157653808594,28.29659080505371
2011-09-23,26.00528335571289,159.8000030517578,87.43820190429688,79.37722778320312,28.505002975463867
2011-09-26,26.396657943725586,157.5800018310547,89.51747131347656,78.10276794433594,28.903064727783203
2011-09-27,27.237415313720703,160.6300048828125,90.51862335205078,76.90716552734375,29.19054412841797
2011-09-28,26.41840934753418,156.22000122070312,88.67036437988281,76.88082885742188,28.449735641479492
2011-09-29,26.78079605102539,157.6999969482422,89.37116241455078,77.41297149658203,28.89200782775879
2011-09-30,25.439943313598633,158.05999755859375,87.13786315917969,79.35749816894531,28.1235408782959
2011-10-03,24.90360450744629,160.9600067138672,84.6580810546875,81.54141235351562,26.79670524597168
2011-10-04,25.287744522094727,157.63999938964844,86.51403045654297,80.50743103027344,27.852649688720703
2011-10-05,25.874818801879883,159.4600067138672,88.11585998535156,79.92784881591797,27.614913940429688
2011-10-06,26.73006820678711,160.49000549316406,89.71000671386719,78.45252990722656,28.3723201751709
2011-10-07,26.41115379333496,159.17999267578125,89.1093521118164,77.8730239868164,27.581756591796875
2011-10-10,27.592559814453125,163.27000427246094,92.08966064453125,76.77318572998047,28.958345413208008
2011-10-11,27.607053756713867,162.10000610351562,92.18201446533203,76.51634216308594,28.383392333984375
2011-10-12,28.382577896118164,163.25999450683594,92.99066925048828,75.40325164794922,28.847787857055664
2011-10-13,28.128896713256836,162.3000030517578,92.80585479736328,76.1540756225586,28.65981101989746
2011-10-14,28.69424057006836,163.39999389648438,94.39226531982422,75.04762268066406,29.323230743408203
2011-10-17,27.7230167388916,162.6199951171875,92.5902328491211,76.34505462646484,28.687448501586914
2011-10-18,28.46230125427246,161.83999633789062,94.39997100830078,75.87083435058594,29.699169158935547
2011-10-19,27.91872215270996,159.8699951171875,93.2833251953125,75.84453582763672,29.356412887573242
2011-10-20,27.38236427307129,157.77000427246094,93.69147491455078,75.304443359375,29.522268295288086
2011-10-21,28.165132522583008,159.52000427246094,95.47042846679688,74.5075912475586,30.495267868041992
2011-10-24,29.266809463500977,161.02000427246094,96.6409912109375,74.63264465332031,31.252676010131836
2011-10-25,28.68697738647461,165.58999633789062,94.76190948486328,76.52949523925781,30.74407386779785
2011-10-26,29.216075897216797,167.39999389648438,95.72456359863281,75.1925277709961,30.970722198486328
2011-10-27,30.991804122924805,169.5500030517578,99.05913543701172,72.64374542236328,32.441314697265625
2011-10-28,30.73088264465332,169.6199951171875,99.0360336303711,73.40765380859375,32.50765609741211
2011-10-31,29.578468322753906,167.33999633789062,96.6487045288086,76.31869506835938,32.14276885986328
2011-11-01,28.86092758178711,167.3800048828125,93.95330810546875,78.87340545654297,31.10894012451172
2011-11-02,29.745168685913086,169.05999755859375,95.4858169555664,77.88954162597656,31.70602035522461
2011-11-03,30.049592971801758,171.72000122070312,97.22628021240234,76.81989288330078,32.14276885986328
2011-11-04,29.853878021240234,170.85000610351562,96.63329315185547,76.9123306274414,31.88294219970703
2011-11-07,30.10755729675293,174.97999572753906,97.23395538330078,77.40096282958984,31.88846778869629
2011-11-08,30.46270751953125,173.52999877929688,98.48155212402344,76.41048431396484,32.3031005859375
2011-11-09,28.679738998413086,172.07000732421875,94.84664916992188,77.99522399902344,30.82698631286621
2011-11-10,28.868181228637695,171.13999938964844,95.7399673461914,76.83306884765625,30.82145881652832
2011-11-11,29.5639705657959,173.9600067138672,97.54204559326172,76.36427307128906,31.650726318359375
2011-11-14,29.15809440612793,173.1999969482422,96.61788940429688,77.59246826171875,31.064706802368164
2011-11-15,29.33928680419922,173.36000061035156,97.09537506103516,77.48677825927734,31.29690170288086
2011-11-16,28.549264907836914,171.50999450683594,95.5551528930664,78.19332122802734,30.998374938964844
2011-11-17,27.82448959350586,167.10000610351562,94.03799438476562,78.82061767578125,30.428937911987305
2011-11-18,27.93320655822754,167.6199951171875,93.93789672851562,78.80081176757812,30.6224422454834
2011-11-21,27.034473419189453,163.5,92.15122985839844,79.26958465576172,29.848445892333984
2011-11-22,27.12869644165039,165.30999755859375,91.789306640625,80.1544189453125,29.710229873657227
2011-11-23,26.251707077026367,164.8300018310547,89.76390838623047,80.940185546875,28.81460952758789
2011-11-25,26.16472816467285,163.39999389648438,89.594482421875,79.76484680175781,28.941761016845703
2011-11-28,27.418603897094727,166.6300048828125,92.18975830078125,79.72525024414062,29.588603973388672
2011-11-29,27.295394897460938,166.8800048828125,92.45159912109375,79.07152557373047,29.54437255859375
2011-11-30,28.998641967773438,170.1300048828125,96.25592803955078,77.83678436279297,30.920974731445312
2011-12-01,28.91165542602539,169.6300048828125,96.24054718017578,77.44615936279297,30.66666030883789
2011-12-02,28.824684143066406,169.82000732421875,96.15584564208984,78.53178405761719,30.639020919799805
2011-12-05,29.295795440673828,167.32000732421875,97.20319366455078,78.37291717529297,30.898866653442383
2011-12-06,28.89716911315918,168.17999267578125,97.23395538330078,77.62495422363281,30.84909439086914
2011-12-07,29.013137817382812,169.39999389648438,97.59593200683594,77.9029541015625,31.186338424682617
2011-12-08,27.969446182250977,165.97999572753906,95.45500183105469,78.87601470947266,30.47868537902832
2011-12-09,28.534778594970703,166.39999389648438,97.0722427368164,77.25428771972656,31.14765167236328
2011-12-12,27.462099075317383,161.99000549316406,95.6552505493164,78.11483001708984,30.59478187561035
2011-12-13,27.208423614501953,158.4499969482422,94.76190948486328,78.84290313720703,30.235435485839844
2011-12-14,26.817039489746094,152.88999938964844,93.75309753417969,80.33223724365234,30.412351608276367
2011-12-15,26.990989685058594,152.3300018310547,94.09195709228516,80.03439331054688,30.920974731445312
2011-12-16,27.193927764892578,155.22999572753906,94.23140716552734,80.96772766113281,31.26374626159668
2011-12-19,26.490880966186523,154.8699951171875,93.22393035888672,81.99370574951172,30.99284553527832
2011-12-20,27.600921630859375,156.97999572753906,96.04492950439453,79.94833374023438,31.932695388793945
2011-12-21,27.688724517822266,157.16000366210938,96.23091125488281,78.83626556396484,31.921628952026367
2011-12-22,28.054590225219727,156.0399932861328,97.08341217041016,79.16720581054688,32.380496978759766
2011-12-23,28.16436004638672,156.30999755859375,97.95137023925781,78.28681945800781,32.521366119384766
2011-12-27,27.89361000061035,154.91000366210938,98.02890014648438,78.65876007080078,32.666709899902344
2011-12-28,27.425304412841797,151.02999877929688,96.74242401123047,80.11299896240234,32.27540588378906
2011-12-29,27.739953994750977,150.33999633789062,97.74214935302734,80.25918579101562,32.56049728393555
2011-12-30,27.761903762817383,151.99000549316406,97.26166534423828,80.51808166503906,32.42074203491211
2012-01-03,28.6107120513916,155.9199981689453,98.81163787841797,79.3095474243164,32.69465637207031
2012-01-04,28.449729919433594,156.7100067138672,98.9666519165039,78.36662292480469,32.13566589355469
2012-01-05,28.32533073425293,157.77999877929688,99.2301254272461,78.22706604003906,32.43751907348633
2012-01-06,27.966793060302734,157.1999969482422,98.97437286376953,78.84465026855469,32.3313102722168
2012-01-09,28.25947380065918,156.5,99.21464538574219,78.70521545410156,32.219512939453125
2012-01-10,28.874134063720703,158.63999938964844,100.07488250732422,78.57244873046875,32.57725143432617
2012-01-11,28.896089553833008,159.6699981689453,100.12913513183594,79.5950698852539,32.806453704833984
2012-01-12,29.01316261291504,160.3800048828125,100.36935424804688,79.48222351074219,32.566070556640625
2012-01-13,28.74974250793457,159.25999450683594,99.85012817382812,80.27245330810547,32.63874435424805
2012-01-17,29.29854393005371,160.5,100.23760986328125,80.64430236816406,32.90707015991211
2012-01-18,30.037586212158203,161.60000610351562,101.34587097167969,79.66814422607422,33.13624572753906
2012-01-19,30.301006317138672,161.22000122070312,101.880615234375,78.57244873046875,33.26480484008789
2012-01-20,30.27906036376953,162.07000732421875,102.26038360595703,77.68263244628906,33.47163009643555
2012-01-23,30.571754455566406,163.16000366210938,101.99685668945312,77.19119262695312,33.633724212646484
2012-01-24,30.615659713745117,162.00999450683594,101.880615234375,77.33061981201172,33.890869140625
2012-01-25,30.95957374572754,166.4199981689453,102.73307800292969,77.14469146728516,34.326866149902344
2012-01-26,30.835180282592773,167.27000427246094,102.20613098144531,78.16734313964844,34.567222595214844
2012-01-27,30.996164321899414,168.97000122070312,102.15960693359375,78.41304016113281,34.578407287597656
2012-01-30,30.5498104095459,168.02999877929688,101.81086730957031,79.33605194091797,34.3212776184082
2012-01-31,30.813228607177734,169.30999755859375,101.77213287353516,80.25254821777344,34.48896408081055
2012-02-01,31.49374008178711,169.55999755859375,102.66334533691406,79.33323669433594,34.82993698120117
2012-02-02,31.581541061401367,171.0500030517578,102.82613372802734,79.29996490478516,34.9081916809082
2012-02-03,32.1083869934082,167.63999938964844,104.26756286621094,77.59589385986328,35.39451599121094
2012-02-06,31.8376522064209,167.17999267578125,104.19783020019531,78.36803436279297,35.28271484375
2012-02-07,31.90349769592285,169.6999969482422,104.46131896972656,77.39617156982422,35.19328308105469
2012-02-08,32.130348205566406,168.5,104.77133178710938,77.4560775756836,35.2547721862793
2012-02-09,32.11570739746094,168.02000427246094,104.90306854248047,76.87693786621094,34.99765396118164
2012-02-10,31.405921936035156,167.13999938964844,104.12808227539062,77.87543487548828,34.673423767089844
2012-02-13,31.918136596679688,167.50999450683594,104.90306854248047,77.97528076171875,35.025577545166016
2012-02-14,31.654705047607422,167.1199951171875,104.77133178710938,78.3880615234375,34.66783142089844
2012-02-15,31.74252700805664,168.11000061035156,104.2831039428711,78.24820709228516,34.46100616455078
2012-02-16,32.08644104003906,168.0,105.4378433227539,77.6224594116211,34.8243522644043
2012-02-17,32.14497756958008,167.35000610351562,105.71684265136719,77.6025390625,34.85231018066406
2012-02-21,32.01326370239258,171.02000427246094,105.76335144042969,76.74382781982422,34.310096740722656
2012-02-22,32.07180404663086,172.94000244140625,105.42231750488281,77.70899200439453,34.01942443847656
2012-02-23,32.01326370239258,173.02000427246094,105.8873519897461,77.70899200439453,34.44425582885742
2012-02-24,32.33522415161133,172.22999572753906,106.11981201171875,78.21497344970703,34.48896408081055
2012-02-27,32.01326370239258,171.6999969482422,106.29811096191406,78.90723419189453,34.43306350708008
2012-02-28,32.459617614746094,173.49000549316406,106.60811614990234,78.6475830078125,34.231842041015625
2012-02-29,32.43767547607422,164.2899932861328,106.18958282470703,78.16837310791016,34.092098236083984
2012-03-01,32.7450065612793,166.61000061035156,106.73981475830078,77.43244934082031,34.298919677734375
2012-03-02,32.66450119018555,166.33999633789062,106.41432189941406,78.15963745117188,34.248600006103516
2012-03-05,32.10107421875,165.64999389648438,105.98033142089844,77.53916931152344,34.595157623291016
2012-03-06,31.02543067932129,162.6999969482422,104.43035125732422,78.47990417480469,34.13680648803711
2012-03-07,31.398605346679688,163.6300048828125,105.15880584716797,77.99958038330078,34.3212776184082
2012-03-08,32.05717086791992,165.27999877929688,106.20507049560547,77.21900177001953,34.14241027832031
2012-03-09,32.04253387451172,166.3800048828125,106.6158447265625,77.37240600585938,34.310096740722656
2012-03-12,31.69129753112793,165.07000732421875,106.62359619140625,77.35905456542969,34.56163787841797
2012-03-13,32.55474853515625,162.3000030517578,108.54557037353516,75.99797058105469,35.260353088378906
2012-03-14,32.04253387451172,159.57000732421875,108.4293212890625,74.08322143554688,35.16532897949219
2012-03-15,32.298641204833984,161.0800018310547,109.05704498291016,74.1966781616211,35.11502456665039
2012-03-16,32.262054443359375,161.3000030517578,109.20809936523438,74.34342193603516,35.316253662109375
2012-03-19,32.13766098022461,161.58999633789062,109.63618469238281,73.45609283447266,35.56219482421875
2012-03-20,31.581541061401367,160.1300048828125,109.31706237792969,73.7496109008789,35.51189422607422
2012-03-21,31.640079498291016,160.2100067138672,109.13800048828125,74.5835952758789,35.46158218383789
2012-03-22,31.15713882446289,159.57000732421875,108.35183715820312,74.82380676269531,34.97528076171875
2012-03-23,31.39129066467285,161.52999877929688,108.70207977294922,75.53097534179688,35.19328308105469
2012-03-26,31.940095901489258,164.39999389648438,110.2277603149414,75.14395904541016,35.605743408203125
2012-03-27,31.771800994873047,163.24000549316406,109.88529968261719,75.68441772460938,35.61138153076172
2012-03-28,31.237625122070312,161.50999450683594,109.34038543701172,75.57770538330078,35.55501937866211
2012-03-29,31.20103645324707,161.27999877929688,109.153564453125,76.144775390625,35.571929931640625
2012-03-30,31.427873611450195,162.1199951171875,109.60506439208984,74.85716247558594,35.86494445800781
2012-04-02,31.859603881835938,162.94000244140625,110.40676879882812,75.27188873291016,36.118499755859375
2012-04-03,31.67666244506836,159.88999938964844,109.95529174804688,73.96748352050781,35.977630615234375
2012-04-04,31.105913162231445,157.2100067138672,108.86555480957031,74.98421478271484,35.58320236206055
2012-04-05,31.274213790893555,158.30999755859375,108.81108093261719,75.52605438232422,35.447967529296875
2012-04-09,30.813228607177734,159.3699951171875,107.58904266357422,77.2919692993164,35.07044219970703
2012-04-10,30.21320152282715,161.10000610351562,105.78313446044922,78.1682357788086,34.31538772583008
2012-04-11,30.5424861907959,161.07000732421875,106.6393814086914,77.23175811767578,34.7548942565918
2012-04-12,31.325435638427734,162.6999969482422,108.03271484375,76.91070556640625,35.23384475708008
2012-04-13,30.849807739257812,160.85000610351562,106.74833679199219,78.15484619140625,35.08734893798828
2012-04-16,30.69614601135254,160.4600067138672,106.67829895019531,78.0411376953125,35.56629943847656
2012-04-17,31.047388076782227,160.25,108.2584228515625,77.99427032470703,35.870567321777344
2012-04-18,30.901031494140625,159.30999755859375,107.89260864257812,78.22173309326172,35.62828826904297
2012-04-19,30.76200294494629,159.42999267578125,107.19984436035156,78.29529571533203,35.62828826904297
2012-04-20,30.974205017089844,159.5399932861328,107.37886810302734,78.3087158203125,36.06214904785156
2012-04-23,30.38149642944336,159.07000732421875,106.47590637207031,78.87727355957031,35.690269470214844
2012-04-24,30.44736099243164,159.3000030517578,106.88067626953125,78.32206726074219,36.22555923461914
2012-04-25,30.725412368774414,159.6199951171875,108.34403991699219,77.92070770263672,36.64252853393555
2012-04-26,30.915658950805664,161.02999877929688,109.0990982055664,78.38896179199219,36.73268508911133
2012-04-27,30.95957374572754,161.3800048828125,109.27809143066406,78.45587158203125,36.98625564575195
2012-04-30,30.893709182739258,161.8800048828125,108.87334442138672,78.47590637207031,36.89046096801758
2012-05-01,31.098602294921875,161.32000732421875,109.550537109375,78.06892395019531,37.290531158447266
2012-05-02,31.040058135986328,160.58999633789062,109.2236099243164,78.61875915527344,37.23417663574219
2012-05-03,30.805908203125,158.97000122070312,108.39073181152344,78.5986328125,37.10456848144531
2012-05-04,30.26442527770996,159.47000122070312,106.6393814086914,79.2154769897461,36.77775573730469
2012-05-07,30.37418556213379,159.0800018310547,106.71724700927734,79.22889709472656,37.036964416503906
2012-05-08,29.891233444213867,156.0,106.28905487060547,79.65135192871094,36.96932601928711
2012-05-09,29.503416061401367,154.47000122070312,105.65864562988281,79.70494842529297,36.85101318359375
2012-05-10,29.627822875976562,154.77000427246094,105.87657165527344,79.4703140258789,36.879188537597656
2012-05-11,29.247316360473633,153.55999755859375,105.55741882324219,80.1274185180664,36.958072662353516
2012-05-14,28.58144760131836,151.3300018310547,104.38983154296875,81.24723052978516,36.49039077758789
2012-05-15,28.332651138305664,149.74000549316406,103.79046630859375,81.57572174072266,36.29880905151367
2012-05-16,27.930198669433594,149.4600067138672,103.39348602294922,81.81043243408203,35.89874267578125
2012-05-17,27.549701690673828,152.8000030517578,101.86006927490234,83.2587890625,34.85069274902344
2012-05-18,27.286272048950195,154.5500030517578,100.98827362060547,83.27888488769531,34.42809295654297
2012-05-21,27.937515258789062,154.64999389648438,102.72406005859375,83.1044921875,35.1775016784668
2012-05-22,27.644819259643555,152.0800018310547,102.9030990600586,82.17919921875,35.24512481689453
2012-05-23,27.45457649230957,151.6199951171875,102.95759582519531,82.74916076660156,35.29583740234375
2012-05-24,27.315549850463867,151.41000366210938,103.15995788574219,82.43405151367188,35.4536018371582
2012-05-25,27.183834075927734,152.67999267578125,102.82525634765625,82.74243927001953,35.312744140625
2012-05-29,27.95215606689453,151.02000427246094,104.07068634033203,82.4876708984375,35.8142204284668
2012-05-30,27.469213485717773,151.91000366210938,102.56062316894531,84.57969665527344,34.963382720947266
2012-05-31,27.586292266845703,151.6199951171875,102.33488464355469,85.55864715576172,35.228214263916016
2012-06-01,26.84723472595215,157.5,99.75843811035156,87.58979034423828,34.36610794067383
2012-06-04,26.96430778503418,157.32000732421875,99.71171569824219,86.89778900146484,34.12945556640625
2012-06-05,27.037487030029297,157.13999938964844,100.4667739868164,85.73536682128906,34.83377456665039
2012-06-06,27.827756881713867,157.2100067138672,102.72406005859375,84.02204895019531,35.605743408203125
2012-06-07,27.996057510375977,154.5,102.7863540649414,84.149658203125,35.35218048095703
2012-06-08,27.754587173461914,154.72999572753906,103.60366821289062,84.12952423095703,35.85368347167969
2012-06-11,27.352123260498047,155.36000061035156,102.2881851196289,84.51249694824219,35.047908782958984
2012-06-12,27.922882080078125,156.4600067138672,103.46353149414062,83.73981475830078,35.38035583496094
2012-06-13,27.8204402923584,157.1199951171875,102.80194854736328,84.56619262695312,35.20003890991211
2012-06-14,28.018016815185547,157.75,103.89168548583984,84.45870971679688,35.71279525756836
2012-06-15,28.53022575378418,157.83999633789062,104.95418548583984,84.92908477783203,35.932559967041016
2012-06-18,28.588748931884766,157.92999267578125,105.15763092041016,85.38594055175781,36.231197357177734
2012-06-19,29.04974937438965,157.16000366210938,106.17476654052734,84.27058410644531,36.377689361572266
2012-06-20,28.954631805419922,155.97000122070312,106.00264739990234,84.68716430664062,36.36079025268555
2012-06-21,27.89423942565918,152.02000427246094,103.62408447265625,85.1373519897461,35.769142150878906
2012-06-22,27.983108520507812,152.63999938964844,104.42215728759766,84.0018539428711,35.77479934692383
2012-06-25,27.46475601196289,153.75999450683594,102.74774932861328,85.22472381591797,35.59241485595703
2012-06-26,27.701723098754883,152.6199951171875,103.26414489746094,84.88874816894531,35.71172332763672
2012-06-27,27.879432678222656,152.8300018310547,104.19525909423828,85.02315521240234,35.85375213623047
2012-06-28,27.746143341064453,151.0500030517578,103.8979263305664,85.23143005371094,36.24575424194336
2012-06-29,28.975357055664062,155.19000244140625,106.48774719238281,84.12276458740234,37.171783447265625
2012-07-02,28.975357055664062,155.08999633789062,106.80850982666016,84.99072265625,37.580814361572266
2012-07-03,29.552946090698242,157.4600067138672,107.5127182006836,84.33757781982422,37.8023796081543
2012-07-05,29.241941452026367,155.67999267578125,107.02762603759766,84.76854705810547,37.56945037841797
2012-07-06,28.708782196044922,153.7100067138672,106.01046752929688,85.55630493164062,37.66036605834961
2012-07-09,28.60511016845703,154.0399932861328,105.87747192382812,86.31050109863281,37.700111389160156
2012-07-10,28.286706924438477,152.14999389648438,104.95418548583984,86.48556518554688,37.29677200317383
2012-07-11,28.43480682373047,152.99000549316406,104.9698257446289,86.59333038330078,37.33652877807617
2012-07-12,27.960880279541016,152.58999633789062,104.46125030517578,87.20606231689453,37.450157165527344
2012-07-13,28.501453399658203,154.13999938964844,106.21393585205078,86.97709655761719,37.91032409667969
2012-07-16,28.43480682373047,154.2100067138672,105.96353912353516,87.38121032714844,37.98418426513672
2012-07-17,28.81245231628418,153.47000122070312,106.6911849975586,86.69429779052734,38.3477783203125
2012-07-18,28.738401412963867,153.0500030517578,107.4814224243164,86.7414779663086,38.12052917480469
2012-07-19,29.004972457885742,153.3800048828125,107.76311492919922,86.51924896240234,37.72285461425781
2012-07-20,28.575498580932617,153.6699981689453,106.77725982666016,87.5763931274414,37.52401351928711
2012-07-23,27.827598571777344,153.02999877929688,105.6974868774414,88.06793975830078,37.25131607055664
2012-07-24,27.709123611450195,153.52000427246094,104.78985595703125,88.76152801513672,37.126319885253906
2012-07-25,27.84241485595703,155.6699981689453,104.8133316040039,88.99046325683594,37.10928726196289
2012-07-26,28.471817016601562,156.77000427246094,106.54251098632812,88.17570495605469,37.438804626464844
2012-07-27,29.27155303955078,157.5399932861328,108.50639343261719,86.51246643066406,37.79670715332031
2012-07-30,29.101245880126953,157.42999267578125,108.50639343261719,87.15895080566406,37.97282028198242
2012-07-31,28.967952728271484,156.49000549316406,107.7474365234375,87.33402252197266,37.9160041809082
2012-08-01,29.019784927368164,155.13999938964844,107.65351104736328,86.8974380493164,37.73421859741211
2012-08-02,28.679161071777344,154.1300048828125,106.91023254394531,87.39002227783203,37.84215545654297
2012-08-03,29.567750930786133,155.5500030517578,109.03062438964844,85.97972869873047,38.137577056884766
2012-08-06,29.752872467041016,156.3000030517578,109.2418441772461,86.01348876953125,38.097801208496094
2012-08-07,29.834331512451172,156.27999877929688,109.78956604003906,84.90682983398438,37.64899826049805
2012-08-08,29.89356231689453,156.47999572753906,109.922607421875,84.45478057861328,37.393348693847656
2012-08-09,30.019451141357422,156.99000549316406,110.0164566040039,84.39401245117188,37.2740364074707
2012-08-10,30.160131454467773,157.17999267578125,110.19640350341797,84.81913757324219,37.32516098022461
2012-08-13,29.89356231689453,155.99000549316406,110.14165496826172,84.67742156982422,37.29677200317383
2012-08-14,29.88616371154785,155.1300048828125,110.15731048583984,83.5302963256836,37.21722412109375
2012-08-15,29.841739654541016,155.6300048828125,110.28250122070312,82.35619354248047,37.387657165527344
2012-08-16,30.115707397460938,156.55999755859375,111.09624481201172,81.65444946289062,37.671722412109375
2012-08-17,29.96761131286621,156.72000122070312,111.24488067626953,82.05256652832031,37.683082580566406
2012-08-20,29.95280647277832,157.25999450683594,111.25272369384766,82.22126770019531,37.57514572143555
2012-08-21,29.90838050842285,158.8300018310547,110.91622161865234,82.58566284179688,37.65468978881836
2012-08-22,29.923198699951172,160.5399932861328,110.96321105957031,83.94863891601562,37.6319465637207
2012-08-23,29.649213790893555,161.88999938964844,110.05559539794922,84.29957580566406,37.51832962036133
2012-08-24,29.656612396240234,161.97000122070312,110.72066497802734,84.21855163574219,37.6433219909668
2012-08-27,29.353004455566406,161.36000061035156,110.74409484863281,84.71113586425781,37.75694274902344
2012-08-28,29.293777465820312,161.63999938964844,110.6346206665039,84.91356658935547,37.88759231567383
2012-08-29,29.153072357177734,160.58999633789062,110.72066497802734,84.54243469238281,37.87623596191406
2012-08-30,28.81245231628418,160.52000427246094,109.922607421875,84.9810562133789,37.791015625
2012-08-31,29.086435317993164,164.22000122070312,110.44677734375,86.18213653564453,37.91032409667969
2012-09-04,28.92353057861328,164.47999572753906,110.34513092041016,86.0956039428711,38.177337646484375
2012-09-05,28.775421142578125,164.30999755859375,110.2511978149414,85.68988037109375,38.109153747558594
2012-09-06,29.41225242614746,164.88999938964844,112.48890686035156,84.26311492919922,38.45003890991211
2012-09-07,30.0935001373291,168.44000244140625,112.92709350585938,83.87088012695312,38.484127044677734
2012-09-10,29.70844268798828,167.2899932861328,112.28545379638672,84.07374572753906,38.183013916015625
2012-09-11,30.063880920410156,167.89999389648438,112.5984878540039,83.54629516601562,38.296653747558594
2012-09-12,30.197166442871094,167.9199981689453,112.9740219116211,82.50496673583984,38.37619400024414
2012-09-13,31.011699676513672,171.30999755859375,114.69534301757812,82.18038177490234,38.84772872924805
2012-09-14,31.374549865722656,171.8000030517578,115.20392608642578,79.99617767333984,39.0636100769043
2012-09-17,31.033926010131836,170.39999389648438,114.81271362304688,80.9563980102539,38.94997787475586
2012-09-18,31.048736572265625,171.72000122070312,114.71881866455078,81.36212921142578,38.580711364746094
2012-09-19,31.048736572265625,171.74000549316406,114.78141784667969,81.89627838134766,38.36480712890625
2012-09-20,30.86359214782715,171.47000122070312,114.78929138183594,82.09915924072266,37.79670715332031
2012-09-21,30.93765640258789,171.9600067138672,114.7413101196289,82.19390106201172,37.8023796081543
2012-09-24,30.908035278320312,171.0500030517578,114.56822204589844,82.83626556396484,37.662109375
2012-09-25,30.448925018310547,170.77000427246094,113.34898376464844,83.65444946289062,37.10664749145508
2012-09-26,30.30823516845703,169.80999755859375,112.71186065673828,84.5538330078125,37.10090637207031
2012-09-27,30.78955841064453,172.33999633789062,113.77375793457031,83.95201873779297,37.26123046875
2012-09-28,30.60443878173828,171.88999938964844,113.24671173095703,83.99935913085938,37.20399856567383
2012-10-01,30.908035278320312,172.2899932861328,113.54568481445312,84.31104278564453,36.929115295410156
2012-10-02,30.95245933532715,172.10000610351562,113.66361236572266,84.19585418701172,37.209716796875
2012-10-03,30.745119094848633,172.41000366210938,114.12769317626953,84.22296905517578,37.284149169921875
2012-10-04,31.063547134399414,173.61000061035156,114.94579315185547,83.17263793945312,37.27269744873047
2012-10-05,31.063547134399414,172.6199951171875,114.9536361694336,82.09521484375,37.318504333496094
2012-10-08,30.78955841064453,172.0500030517578,114.56037139892578,82.78638458251953,37.238346099853516
2012-10-09,30.560007095336914,170.99000549316406,113.42765045166016,82.6373062133789,37.10090637207031
2012-10-10,30.374887466430664,170.83999633789062,112.70398712158203,83.22006225585938,37.249794006347656
2012-10-11,30.65627670288086,171.32000732421875,112.76688385009766,83.79603576660156,37.22116470336914
2012-10-12,30.560007095336914,170.05999755859375,112.39720153808594,84.00614166259766,37.089447021484375
2012-10-15,30.73773193359375,168.35000610351562,113.33331298828125,83.81642150878906,37.3356819152832
2012-10-16,31.056127548217773,169.4199981689453,114.48169708251953,82.65765380859375,37.564735412597656
2012-10-17,31.300504684448242,169.5399932861328,115.00080871582031,81.89192962646484,37.46166229248047
2012-10-18,31.211645126342773,168.7899932861328,114.70193481445312,81.39046478271484,37.84532928466797
2012-10-19,30.730323791503906,166.97000122070312,112.79052734375,82.49504089355469,37.53038024902344
2012-10-22,31.02651023864746,167.5800018310547,112.80625915527344,81.96646118164062,37.341407775878906
2012-10-23,30.389699935913086,165.42999267578125,111.24089050292969,83.13874816894531,36.96348190307617
2012-10-24,30.419313430786133,164.86000061035156,110.92627716064453,82.31879425048828,36.93485641479492
2012-10-25,30.752540588378906,166.02000427246094,111.24877166748047,81.89869689941406,36.8317756652832
2012-10-26,30.51557731628418,165.92999267578125,111.18582153320312,83.1048583984375,36.5110969543457
2012-10-31,30.471155166625977,166.8300018310547,111.18582153320312,83.59281158447266,36.866127014160156
2012-11-01,30.96727180480957,166.07000732421875,112.3499984741211,82.90836334228516,37.04365921020508
2012-11-02,30.804365158081055,162.60000610351562,111.35104370117188,82.84735870361328,37.289886474609375
2012-11-05,30.95245933532715,163.22999572753906,111.57916259765625,83.31493377685547,37.04365921020508
2012-11-06,31.196823120117188,166.3000030517578,112.45228576660156,82.52886962890625,37.20399856567383
2012-11-07,30.685884475708008,166.49000549316406,109.9037094116211,84.02645874023438,37.03792190551758
2012-11-08,30.30083465576172,167.99000549316406,108.58216094970703,85.2733383178711,36.59700012207031
2012-11-09,30.36006736755371,167.82000732421875,108.67658233642578,85.3681640625,36.4996452331543
2012-11-12,30.471155166625977,167.4499969482422,108.76309967041016,85.51054382324219,36.41374969482422
2012-11-13,30.197166442871094,167.10000610351562,108.38551330566406,85.79509735107422,36.38511657714844
2012-11-14,29.73065757751465,167.13999938964844,106.92244720458984,85.87641143798828,35.70368957519531
2012-11-15,29.834331512451172,166.08999633789062,106.74156188964844,85.70698547363281,35.53763198852539
2012-11-16,29.923198699951172,165.8800048828125,107.2685775756836,85.6324462890625,35.75522994995117
2012-11-19,30.448925018310547,167.8699951171875,109.4395751953125,85.1513671875,36.19614791870117
2012-11-20,30.389699935913086,167.38999938964844,109.48681640625,84.2974853515625,36.46528625488281
2012-11-21,30.330453872680664,167.55999755859375,109.6913070678711,84.25008392333984,36.40229415893555
2012-11-23,30.826580047607422,169.61000061035156,111.18582153320312,84.16873931884766,36.67143630981445
2012-11-26,30.826580047607422,169.42999267578125,110.94988250732422,84.56856536865234,36.745872497558594
2012-11-27,30.567411422729492,168.7100067138672,110.38349914550781,84.90058135986328,36.539737701416016
2012-11-28,30.73773193359375,166.5500030517578,111.27239990234375,84.77860260009766,36.49392318725586
2012-11-29,30.959875106811523,167.17999267578125,111.79151153564453,84.79216766357422,36.6943473815918
2012-11-30,30.9450626373291,166.0500030517578,111.81512451171875,84.5617904663086,36.76878356933594
2012-12-03,30.93025016784668,166.1300048828125,111.26449584960938,84.63988494873047,36.91767883300781
2012-12-04,31.01911163330078,164.4199981689453,111.10713958740234,85.12869262695312,36.97493362426758
2012-12-05,31.35232925415039,164.1199951171875,111.30386352539062,85.0879898071289,36.86039733886719
2012-12-06,31.589290618896484,164.5,111.68135833740234,85.27131652832031,37.20399856567383
2012-12-07,31.685546875,165.16000366210938,112.0196533203125,84.4836654663086,37.341407775878906
2012-12-10,31.86326789855957,165.8000030517578,112.06680297851562,84.857177734375,37.32423782348633
2012-12-11,32.026180267333984,165.64999389648438,112.82982635498047,84.21211242675781,37.41585159301758
2012-12-12,32.1224365234375,165.77000427246094,112.8848876953125,83.23443603515625,37.31278991699219
2012-12-13,31.98174476623535,164.3699951171875,112.19271850585938,83.29551696777344,37.0264778137207
2012-12-14,32.1224365234375,164.1300048828125,111.77580261230469,83.92017364501953,37.0207405090332
2012-12-17,32.203895568847656,164.44000244140625,113.08940887451172,82.6640853881836,37.21543502807617
2012-12-18,32.42887496948242,162.0800018310547,114.34793853759766,81.82220458984375,37.59910583496094
2012-12-19,32.41397476196289,161.69000244140625,113.49840545654297,82.0937271118164,37.547576904296875
2012-12-20,32.60767364501953,159.72999572753906,114.15132141113281,82.10729217529297,38.04001998901367
2012-12-21,32.23518371582031,160.3300018310547,113.11512756347656,83.00357818603516,37.9770393371582
2012-12-24,32.16812515258789,160.6199951171875,112.76658630371094,82.85420989990234,38.02745819091797
2012-12-26,32.264976501464844,160.77999877929688,112.2912826538086,83.1522216796875,37.84779357910156
2012-12-27,32.44681930541992,161.16000366210938,112.14078521728516,83.43119812011719,37.98688507080078
2012-12-28,32.5660514831543,160.5399932861328,110.92871856689453,83.90750885009766,37.737674713134766
2012-12-31,33.050445556640625,162.02000427246094,112.81414031982422,82.45816040039062,38.13758850097656
2013-01-02,33.69879150390625,163.1699981689453,115.70555877685547,81.35579681396484,38.61288070678711
2013-01-03,33.4603157043457,161.1999969482422,115.44416809082031,80.2534408569336,38.607059478759766
2013-01-04,33.527381896972656,160.44000244140625,115.9511489868164,80.56649780273438,38.78675079345703
2013-01-07,33.27401351928711,159.42999267578125,115.6343002319336,80.6004638671875,38.87367630004883
2013-01-08,32.975921630859375,160.55999755859375,115.30156707763672,81.13126373291016,38.79833221435547
2013-01-09,33.11750793457031,160.49000549316406,115.59468078613281,81.05644226074219,38.9084587097168
2013-01-10,33.408145904541016,161.97999572753906,116.51360321044922,80.8318862915039,38.94903564453125
2013-01-11,33.139869689941406,161.05999755859375,116.50566864013672,81.55317687988281,38.925838470458984
2013-01-14,33.28145980834961,161.5399932861328,116.42646789550781,81.3285903930664,39.03596496582031
2013-01-15,33.139869689941406,162.55999755859375,116.50566864013672,81.7028579711914,39.22142791748047
2013-01-16,33.11005401611328,162.64999389648438,116.48985290527344,81.87297821044922,39.17506790161133
2013-01-17,33.296363830566406,163.35000610351562,117.2424087524414,81.05644226074219,39.29678726196289
2013-01-18,33.37088394165039,163.08999633789062,117.50382232666016,81.68243408203125,39.46487045288086
2013-01-22,33.31871032714844,163.6699981689453,118.13756561279297,81.83892822265625,39.667728424072266
2013-01-23,33.139869689941406,163.2100067138672,118.32768249511719,81.71649932861328,39.6561393737793
2013-01-24,33.0206298828125,161.4199981689453,118.35934448242188,81.43064880371094,39.73728561401367
2013-01-25,32.908843994140625,160.64999389648438,119.02481079101562,80.31468963623047,39.96331787109375
2013-01-28,32.677833557128906,160.2899932861328,118.8822250366211,80.02214813232422,40.06763458251953
2013-01-29,33.042999267578125,160.99000549316406,119.3495864868164,79.57980346679688,40.183570861816406
2013-01-30,32.88648986816406,162.19000244140625,118.8822250366211,79.44374084472656,39.8010368347168
2013-01-31,32.95355987548828,161.1999969482422,118.589111328125,79.83158874511719,39.56340789794922
2013-02-01,33.1696662902832,161.4499969482422,119.80907440185547,78.79498291015625,39.79524612426758
2013-02-04,32.7299919128418,162.0,118.46236419677734,79.8042984008789,39.70249557495117
2013-02-05,32.767250061035156,161.9600067138672,119.65853881835938,79.09504699707031,39.60977554321289
2013-02-06,32.7299919128418,162.38999938964844,119.74569702148438,79.74292755126953,39.74888229370117
2013-02-07,32.439361572265625,161.83999633789062,119.58719635009766,79.56563568115234,39.580787658691406
2013-02-08,32.677833557128906,161.57000732421875,120.25269317626953,79.87248992919922,39.94591522216797
2013-02-11,32.662933349609375,159.6999969482422,120.22888946533203,79.81111907958984,40.00391387939453
2013-02-12,32.75235366821289,159.88999938964844,120.42696380615234,79.61333465576172,40.30528259277344
2013-02-13,32.91630172729492,159.0500030517578,120.5299301147461,78.9654769897461,40.282100677490234
2013-02-14,32.901397705078125,158.35000610351562,120.64080810546875,79.6815185546875,40.114013671875
2013-02-15,32.78216552734375,155.75999450683594,120.49823760986328,79.44969177246094,40.131412506103516
2013-02-19,32.849239349365234,155.3300018310547,121.40132904052734,79.05408477783203,40.450191497802734
2013-02-20,32.55860137939453,151.44000244140625,119.88825988769531,79.29277801513672,40.18936538696289
2013-02-21,32.11146545410156,152.6199951171875,119.15945434570312,79.75655364990234,39.88796615600586
2013-02-22,32.25305938720703,152.97000122070312,120.3239974975586,79.81111907958984,40.287899017333984
2013-02-25,31.820837020874023,154.33999633789062,118.0345687866211,81.37964630126953,39.5228385925293
2013-02-26,31.99968719482422,156.22000122070312,118.84262084960938,80.90909576416016,39.79524612426758
2013-02-27,32.349937438964844,154.57000732421875,120.33981323242188,80.67042541503906,40.08505630493164
2013-02-28,32.200897216796875,153.0,120.10212707519531,80.8204116821289,40.044471740722656
2013-03-01,32.27540969848633,152.44000244140625,120.49823760986328,81.26058197021484,40.17777633666992
2013-03-04,31.969879150390625,152.3000030517578,121.13993835449219,80.83000183105469,40.47917556762695
2013-03-05,32.357391357421875,152.3800048828125,122.22521209716797,80.59762573242188,40.79794692993164
2013-03-06,32.513877868652344,153.22999572753906,122.39157104492188,79.86636352539062,40.67621994018555
2013-03-07,32.60330581665039,152.69000244140625,122.6133804321289,79.25126647949219,40.484962463378906
2013-03-08,32.88648986816406,152.7100067138672,123.13621520996094,78.4243392944336,40.55450439453125
2013-03-11,32.707645416259766,152.99000549316406,123.60359954833984,78.49945831298828,40.589298248291016
2013-03-12,32.33503341674805,154.19000244140625,123.32633209228516,79.0667495727539,40.438594818115234
2013-03-13,32.02949905395508,153.66000366210938,123.50059509277344,78.9847412109375,40.47917556762695
2013-03-14,32.163631439208984,153.67999267578125,124.15809631347656,78.74552917480469,40.73418045043945
2013-03-15,31.872989654541016,154.0,123.99420928955078,79.11457061767578,40.826927185058594
2013-03-18,31.515296936035156,155.3800048828125,123.30985260009766,79.71601104736328,40.60087203979492
2013-03-19,31.291723251342773,156.0800018310547,123.02342224121094,80.25595092773438,40.40381622314453
2013-03-20,31.47057342529297,155.3699951171875,123.8828353881836,79.36067962646484,40.53133010864258
2013-03-21,31.150129318237305,156.25,122.8245849609375,80.12604522705078,40.40962219238281
2013-03-22,31.269367218017578,155.5500030517578,123.81124877929688,80.18757629394531,40.622215270996094
2013-03-25,31.239559173583984,155.24000549316406,123.29395294189453,80.11237335205078,40.62805938720703
2013-03-26,31.68668556213379,154.72000122070312,124.2806396484375,80.20808410644531,40.9785041809082
2013-03-27,31.805919647216797,155.36000061035156,124.2806396484375,80.89151000976562,41.05442810058594
2013-03-28,31.872989654541016,154.4499969482422,124.66255187988281,80.4814453125,41.19459915161133
2013-04-01,31.530202865600586,154.6699981689453,124.16927337646484,81.08763122558594,41.31725311279297
2013-04-02,31.54509925842285,152.42999267578125,124.78194427490234,80.75883483886719,41.44575500488281
2013-04-03,31.172489166259766,150.72999572753906,123.51679229736328,81.48487854003906,41.29973602294922
2013-04-04,31.083059310913086,150.2899932861328,124.0180892944336,82.45747375488281,41.971431732177734
2013-04-05,31.008541107177734,152.80999755859375,123.4610824584961,84.12175750732422,42.19921112060547
2013-04-08,31.060691833496094,152.16000366210938,124.29656982421875,83.4780044555664,42.537967681884766
2013-04-09,31.366254806518555,153.33999633789062,124.72628021240234,83.27252960205078,42.54380798339844
2013-04-10,31.66432762145996,150.75,126.25397491455078,82.12866973876953,42.80663299560547
2013-04-11,31.69414520263672,151.0500030517578,126.66775512695312,82.2862319946289,43.05780029296875
2013-04-12,31.209747314453125,143.9499969482422,126.357421875,83.5122299194336,43.162940979003906
2013-04-15,30.449630737304688,131.30999755859375,123.42928314208984,84.23827362060547,42.26930618286133
2013-04-16,31.075611114501953,132.8000030517578,125.25137329101562,83.54645538330078,42.97018814086914
2013-04-17,30.583776473999023,132.8699951171875,123.42131042480469,84.10128021240234,42.51460266113281
2013-04-18,30.583776473999023,134.3000030517578,122.64948272705078,84.30674743652344,42.45035934448242
2013-04-19,31.030895233154297,135.47000122070312,123.71570587158203,84.12869262695312,43.104530334472656
2013-04-22,31.179948806762695,137.89999389648438,124.26471710205078,84.1902847290039,43.046119689941406
2013-04-23,31.328989028930664,136.8800048828125,125.54582214355469,83.89576721191406,43.285587310791016
2013-04-24,31.515296936035156,138.3699951171875,125.62532806396484,84.10808563232422,43.37903594970703
2013-04-25,31.798465728759766,141.6300048828125,126.13468933105469,83.74510192871094,43.233009338378906
2013-04-26,31.478036880493164,140.91000366210938,125.911865234375,84.51222229003906,43.09285354614258
2013-04-29,31.805919647216797,142.3000030517578,126.75536346435547,84.20402526855469,43.460819244384766
2013-04-30,32.2605094909668,142.77000427246094,127.0575942993164,84.25198364257812,43.96894836425781
2013-05-01,31.910263061523438,141.11000061035156,125.94367980957031,85.1174545288086,43.61850357055664
2013-05-02,32.163631439208984,141.9199981689453,127.11334991455078,85.00767517089844,43.90470504760742
2013-05-03,32.431907653808594,142.08999633789062,128.4023895263672,83.00341033935547,44.079925537109375
2013-05-06,32.47662353515625,142.14999389648438,128.7285919189453,82.79752349853516,44.30772399902344
2013-05-07,32.707645416259766,140.3800048828125,129.38108825683594,82.47490692138672,44.553009033203125
2013-05-08,32.961021423339844,142.4600067138672,129.96983337402344,82.60530853271484,44.57638168334961
2013-05-09,32.72254180908203,140.80999755859375,129.60391235351562,82.39258575439453,44.284339904785156
2013-05-10,32.46916580200195,139.60000610351562,130.02557373046875,81.50709533691406,44.44788360595703
2013-05-13,32.171085357666016,138.42999267578125,130.1290283203125,80.88251495361328,44.65815734863281
2013-05-14,32.32012176513672,137.80999755859375,131.47378540039062,80.00394439697266,44.82170104980469
2013-05-15,32.327571868896484,134.6300048828125,132.18197631835938,80.53937530517578,45.265586853027344
2013-05-16,32.21579360961914,134.08999633789062,131.56134033203125,81.3766860961914,45.0319709777832
2013-05-17,32.357391357421875,131.07000732421875,132.83444213867188,80.34711456298828,45.28310775756836
2013-05-20,32.439361572265625,135.1199951171875,132.82647705078125,80.2510757446289,45.38825988769531
2013-05-21,32.37229537963867,132.8800048828125,133.0174560546875,80.88251495361328,45.645240783691406
2013-05-22,32.01458740234375,131.94000244140625,132.03079223632812,79.68134307861328,44.53549575805664
2013-05-23,31.776119232177734,134.61000061035156,131.64883422851562,80.05891418457031,43.70026779174805
2013-05-24,31.50039291381836,133.75999450683594,131.53744506835938,80.16865539550781,43.58930206298828
2013-05-28,31.671785354614258,133.49000549316406,132.3251953125,78.13702392578125,43.21550750732422
2013-05-29,31.269367218017578,134.8300018310547,131.46585083007812,79.01559448242188,42.29850387573242
2013-05-30,31.269367218017578,136.6999969482422,131.95118713378906,78.82337188720703,41.90134048461914
2013-05-31,30.703012466430664,133.9199981689453,130.0574188232422,78.55573272705078,41.34062957763672
2013-06-03,31.15758514404297,136.50999450683594,130.77354431152344,78.97196960449219,41.57426071166992
2013-06-04,30.777536392211914,135.22999572753906,130.14500427246094,78.24263000488281,40.99603271484375
2013-06-05,30.22606658935547,135.52000427246094,128.32276916503906,79.3228759765625,40.65726089477539
2013-06-06,30.47943878173828,136.52999877929688,129.4845428466797,79.27469635009766,41.31142044067383
2013-06-07,30.32294273376465,133.27999877929688,131.13160705566406,77.85736846923828,41.31725311279297
2013-06-10,29.91307258605957,133.94000244140625,131.13160705566406,77.48579406738281,40.96096420288086
2013-06-11,29.346704483032227,133.25,129.7789764404297,78.40780639648438,40.35354995727539
2013-06-12,29.145488739013672,134.25,128.7047119140625,77.28630828857422,39.80451202392578
2013-06-13,29.764036178588867,133.74000549316406,130.66217041015625,78.49720001220703,40.83832550048828
2013-06-14,29.294538497924805,134.42999267578125,129.84263610839844,78.31143951416016,40.990177154541016
2013-06-17,29.562814712524414,133.77000427246094,130.8451690673828,77.89864349365234,41.10700225830078
2013-06-18,29.68950080871582,132.1300048828125,131.87960815429688,77.93992614746094,41.31725311279297
2013-06-19,28.772891998291016,130.58999633789062,130.0574188232422,77.13489532470703,40.04981231689453
2013-06-20,27.483659744262695,123.5999984741211,126.8348159790039,75.86894226074219,38.385231018066406
2013-06-21,27.878631591796875,125.05000305175781,127.24203491210938,74.5822982788086,38.90504455566406
2013-06-24,27.312265396118164,123.93000030517578,125.6341781616211,74.89198303222656,38.72873306274414
2013-06-25,27.893529891967773,123.47000122070312,126.84205627441406,74.22455596923828,39.37736129760742
2013-06-26,28.333202362060547,118.27999877929688,128.09793090820312,74.70619201660156,39.972900390625
2013-06-27,28.901729583740234,115.94000244140625,128.84983825683594,75.46990203857422,40.774845123291016
2013-06-28,29.06783676147461,119.11000061035156,128.32188415527344,75.98590850830078,40.521297454833984
2013-07-01,29.158428192138672,121.12999725341797,129.0737762451172,76.1390380859375,40.43283462524414
2013-07-02,28.637474060058594,120.05000305175781,128.95387268066406,76.09072875976562,41.0519905090332
2013-07-03,28.37322425842285,120.73999786376953,129.00982666015625,75.86314392089844,40.7807502746582
2013-07-05,28.19202423095703,118.08999633789062,130.40164184570312,73.27716827392578,40.58613586425781
2013-07-08,28.229768753051758,119.51000213623047,131.14559936523438,73.98751068115234,40.62743377685547
2013-07-09,28.599733352661133,120.62000274658203,132.0895233154297,74.0633316040039,41.205291748046875
2013-07-10,28.327930450439453,120.94999694824219,132.13751220703125,73.48403930664062,41.222991943359375
2013-07-11,29.71714210510254,124.23999786376953,133.93731689453125,74.34603881835938,42.219505310058594
2013-07-12,29.400043487548828,124.12999725341797,133.99325561523438,74.28398132324219,41.96006774902344
2013-07-15,29.70203971862793,124.18000030517578,134.5052490234375,74.6771011352539,42.13697052001953
2013-07-16,29.822839736938477,124.88999938964844,134.0012969970703,74.93221282958984,42.16644287109375
2013-07-17,30.094642639160156,123.31999969482422,134.34519958496094,75.07015991210938,42.31973648071289
2013-07-18,29.73978614807129,124.01000213623047,135.0811767578125,74.13227081298828,42.679439544677734
2013-07-19,29.656740188598633,125.11000061035156,135.32118225097656,75.30459594726562,42.64997863769531
2013-07-22,29.951189041137695,128.83999633789062,135.58506774902344,75.41492462158203,42.77968978881836
2013-07-23,30.27584457397461,129.7100067138672,135.29713439941406,75.09774780273438,42.732521057128906
2013-07-24,29.966293334960938,127.4800033569336,134.80113220214844,74.14607238769531,41.901100158691406
2013-07-25,30.139944076538086,128.6699981689453,135.1291046142578,74.11852264404297,41.9659538269043
2013-07-26,30.071998596191406,128.77999877929688,135.27310180664062,74.57364654541016,42.001338958740234
2013-07-29,29.694488525390625,128.47000122070312,134.85719299316406,74.02880096435547,41.688812255859375
2013-07-30,29.626541137695312,128.1199951171875,134.85719299316406,74.0012435913086,41.56499099731445
2013-07-31,29.452880859375,127.95999908447266,134.95314025878906,74.27019500732422,40.88686752319336
2013-08-01,29.98894500732422,126.61000061035156,136.51295471191406,72.839111328125,40.72766876220703
2013-08-02,29.981393814086914,126.36000061035156,136.74496459960938,73.64105987548828,40.52719497680664
2013-08-05,29.792640686035156,125.69999694824219,136.54495239257812,73.07421112060547,40.497711181640625
2013-08-06,29.415138244628906,123.97000122070312,135.7690887451172,73.28848266601562,40.356201171875
2013-08-07,29.098033905029297,124.1500015258789,135.32908630371094,73.83465576171875,40.25006103515625
2013-08-08,29.656740188598633,126.86000061035156,135.82510375976562,74.03512573242188,40.26773452758789
2013-08-09,29.71714210510254,126.86000061035156,135.43309020996094,74.15264892578125,40.62154006958008
2013-08-12,29.996492385864258,129.1300048828125,135.27310180664062,73.64798736572266,40.33260726928711
2013-08-13,30.177688598632812,127.73999786376953,135.67308044433594,72.58332824707031,39.77832794189453
2013-08-14,30.27584457397461,129.0,134.97711181640625,72.69395446777344,39.62500762939453
2013-08-15,29.928539276123047,131.69000244140625,133.0894012451172,71.71224212646484,38.89973449707031
2013-08-16,29.67184066772461,132.5800018310547,132.64939880371094,71.46334075927734,37.94448471069336
2013-08-19,29.11313819885254,132.00999450683594,131.80149841308594,70.84117126464844,37.44328308105469
2013-08-20,29.060287475585938,132.4499969482422,132.449462890625,71.3873291015625,38.29239273071289
2013-08-21,28.380775451660156,132.07000732421875,131.6334686279297,70.60611724853516,38.20392990112305
2013-08-22,28.841333389282227,132.80999755859375,132.83340454101562,71.32511138916016,38.43391418457031
2013-08-23,29.181087493896484,134.89999389648438,133.28138732910156,72.09940338134766,38.83488082885742
2013-08-26,28.863985061645508,135.4499969482422,132.78538513183594,72.45892333984375,38.72285079956055
2013-08-27,28.1995792388916,136.75,130.64959716796875,73.37145233154297,38.53415298461914
2013-08-28,28.25996971130371,136.7100067138672,131.1136016845703,72.77690124511719,38.298282623291016
2013-08-29,28.486478805541992,135.8699951171875,131.32150268554688,73.35763549804688,38.35725784301758
2013-08-30,28.70542335510254,134.6199951171875,130.90562438964844,73.2746353149414,38.0329475402832
2013-09-03,28.88663101196289,136.4199981689453,131.49755859375,72.24118041992188,37.70273208618164
2013-09-04,29.400043487548828,134.66000366210938,132.58541870117188,72.08174133300781,38.02704620361328
2013-09-05,29.747344970703125,132.1999969482422,132.75340270996094,71.07669067382812,37.62607955932617
2013-09-06,30.185251235961914,134.14999389648438,132.81739807128906,71.43016052246094,38.2098388671875
2013-09-09,30.97800064086914,133.91000366210938,134.0892791748047,71.46480560302734,39.00587844848633
2013-09-10,31.212060928344727,131.74000549316406,135.0811767578125,70.96571350097656,38.97639465332031
2013-09-11,31.23470687866211,131.6999969482422,135.50509643554688,71.5965347290039,39.28890609741211
2013-09-12,30.872297286987305,127.66999816894531,135.1451416015625,71.49949645996094,39.035362243652344
2013-09-13,31.076156616210938,127.81999969482422,135.44908142089844,71.77681732177734,39.147396087646484
2013-09-16,31.4234619140625,126.44999694824219,136.2330322265625,71.29846954345703,39.53657150268555
2013-09-17,31.35550880432129,126.5,136.84095764160156,71.88766479492188,39.512977600097656
2013-09-18,32.66922378540039,132.00999450683594,138.4247589111328,72.7749252319336,40.85149383544922
2013-09-19,32.495574951171875,131.75,138.19276428222656,72.34513854980469,40.81612777709961
2013-09-20,31.77076530456543,127.95999908447266,137.22662353515625,72.72639465332031,40.149810791015625
2013-09-23,31.88400650024414,127.55000305175781,136.59158325195312,73.26016998291016,39.874900817871094
2013-09-24,31.612207412719727,127.66000366210938,136.27012634277344,74.05032348632812,39.571414947509766
2013-09-25,31.37060546875,128.7899932861328,135.876220703125,74.20283508300781,39.70232391357422
2013-09-26,31.49895668029785,127.79000091552734,136.398681640625,73.6829605102539,39.94629669189453
2013-09-27,31.128999710083008,128.97000122070312,135.77174377441406,73.8631362915039,39.77968215942383
2013-09-30,30.774145126342773,128.17999267578125,135.04830932617188,73.75228118896484,39.35719680786133
2013-10-01,31.385705947875977,124.58999633789062,136.1173858642578,73.5284652709961,39.928443908691406
2013-10-02,31.506511688232422,127.05999755859375,135.98873901367188,73.63969421386719,39.98795700073242
2013-10-03,31.385705947875977,127.18000030517578,134.7348175048828,73.52154541015625,39.2917366027832
2013-10-04,31.793415069580078,126.52999877929688,135.75567626953125,73.46589660644531,39.214385986328125
2013-10-07,31.52161407470703,127.63999938964844,134.58209228515625,73.76477813720703,39.39289474487305
2013-10-08,31.2196044921875,127.4000015258789,133.0146484375,73.78559875488281,38.96445846557617
2013-10-09,31.453657150268555,126.11000061035156,133.11117553710938,73.1948471069336,38.97040939331055
2013-10-10,32.19356918334961,124.2699966430664,135.9807891845703,73.31300354003906,39.96415710449219
2013-10-11,32.337013244628906,122.5999984741211,136.8568572998047,73.29220581054688,40.36284255981445
2013-10-14,32.52577209472656,122.83000183105469,137.40345764160156,72.70145416259766,40.38664245605469
2013-10-15,32.20866775512695,123.7300033569336,136.40679931640625,72.65280151367188,40.237892150878906
2013-10-16,32.465370178222656,123.54000091552734,138.31182861328125,73.56319427490234,40.99359893798828
2013-10-17,32.66922378540039,127.41999816894531,139.23623657226562,74.23043060302734,41.61247253417969
2013-10-18,32.69942092895508,126.8499984741211,140.17660522460938,74.3902359008789,41.57080841064453
2013-10-21,32.646568298339844,126.9800033569336,140.18463134765625,74.15390014648438,41.320892333984375
2013-10-22,32.96367645263672,129.33999633789062,140.99652099609375,74.98101806640625,41.70172119140625
2013-10-23,32.19356918334961,128.69000244140625,140.3213348388672,75.2728500366211,41.77907943725586
2013-10-24,32.1256217956543,129.89999389648438,140.7875518798828,74.98101806640625,41.76719284057617
2013-10-25,32.27661895751953,130.4600067138672,141.43055725097656,75.25897216796875,42.27894592285156
2013-10-28,32.465370178222656,130.55999755859375,141.65562438964844,75.0018081665039,41.975460052490234
2013-10-29,32.571075439453125,129.77000427246094,142.41119384765625,75.09912872314453,41.73146438598633
2013-10-30,32.389869689941406,129.60000610351562,141.70382690429688,74.64739990234375,41.3803825378418
2013-10-31,32.05767059326172,127.73999786376953,141.3019561767578,74.80725860595703,41.13641357421875
2013-11-01,32.0727653503418,126.94999694824219,141.63961791992188,73.99749755859375,41.35064697265625
2013-11-04,32.269073486328125,126.80999755859375,142.13792419433594,74.06719970703125,41.4279899597168
2013-11-05,31.61975860595703,126.55999755859375,141.68777465820312,73.18213653564453,40.74961471557617
2013-11-06,31.717905044555664,127.19999694824219,142.41119384765625,73.21703338623047,40.69013214111328
2013-11-07,31.14409828186035,126.16000366210938,140.61068725585938,73.83726501464844,40.184326171875
2013-11-08,31.076156616210938,124.27999877929688,142.50765991210938,72.06025695800781,39.642826080322266
2013-11-11,30.917600631713867,123.87000274658203,142.53179931640625,71.78849029541016,39.68446731567383
2013-11-12,30.75149154663086,122.44999694824219,142.24241638183594,72.1230239868164,39.505958557128906
2013-11-13,30.804351806640625,122.8499984741211,143.3837890625,72.38782501220703,39.761837005615234
2013-11-14,31.302663803100586,124.2699966430664,144.0991973876953,72.83372497558594,40.0415153503418
2013-11-15,31.899110794067383,124.31999969482422,144.7261962890625,72.98011779785156,40.190277099609375
2013-11-18,32.18601989746094,122.9000015258789,144.2198028564453,73.41909790039062,39.94035720825195
2013-11-19,31.989717483520508,122.94999694824219,143.90626525878906,72.86165618896484,39.66067123413086
2013-11-20,31.55181312561035,120.12000274658203,143.4561767578125,71.62126159667969,39.17866516113281
2013-11-21,31.52161407470703,119.94000244140625,144.61367797851562,71.73973083496094,39.48216247558594
2013-11-22,31.748111724853516,119.91999816894531,145.33712768554688,72.40868377685547,39.327430725097656
2013-11-25,31.340412139892578,120.45999908447266,145.19239807128906,72.61774444580078,39.14296340942383
2013-11-26,31.446121215820312,119.81999969482422,145.2326202392578,72.8895263671875,39.00612258911133
2013-11-27,31.649959564208984,119.45999908447266,145.58627319335938,72.76412963867188,39.33935546875
2013-11-29,31.974613189697266,120.69999694824219,145.4898223876953,72.78500366210938,38.976356506347656
2013-12-02,31.302663803100586,117.58000183105469,145.11204528808594,72.2188949584961,38.7502326965332
2013-12-03,31.19695281982422,117.95999908447266,144.48504638671875,72.4844970703125,38.672882080078125
2013-12-04,31.15920639038086,119.95999908447266,144.46888732910156,71.79251861572266,38.81569290161133
2013-12-05,30.97800064086914,118.30000305175781,143.83399963378906,71.58985137939453,38.95255661010742
2013-12-06,31.665056228637695,118.55000305175781,145.44158935546875,71.93235778808594,39.23222732543945
2013-12-09,31.710357666015625,119.72000122070312,145.81130981445312,72.10001373291016,39.422645568847656
2013-12-10,31.725465774536133,121.81999969482422,145.2888641357422,72.61727905273438,39.32149887084961
2013-12-11,31.023303985595703,120.86000061035156,143.65708923339844,72.05816650390625,38.416988372802734
2013-12-12,30.84209632873535,118.29000091552734,143.182861328125,71.78557586669922,38.2027702331543
2013-12-13,30.917600631713867,119.37999725341797,143.16677856445312,72.13506317138672,38.29799270629883
2013-12-16,31.121458053588867,119.69000244140625,144.05902099609375,71.86943817138672,38.42891311645508
2013-12-17,30.849653244018555,118.6500015258789,143.600830078125,72.19091796875,38.6074104309082
2013-12-18,31.463695526123047,117.61000061035156,146.05245971679688,71.82748413085938,39.2917366027832
2013-12-19,30.88469696044922,114.81999969482422,145.88363647460938,71.75753784179688,38.7502326965332
2013-12-20,30.8389835357666,115.94000244140625,146.73223876953125,72.86190795898438,38.98826217651367
2013-12-23,31.06753158569336,115.56999969482422,147.51626586914062,72.44955444335938,39.06562042236328
2013-12-24,31.250383377075195,116.0999984741211,147.8394317626953,71.86943817138672,39.10066604614258
2013-12-26,30.98373031616211,116.73999786376953,148.59100341796875,71.59244537353516,39.13089370727539
2013-12-27,31.463695526123047,117.12000274658203,148.5829620361328,71.38911437988281,39.21548843383789
2013-12-30,31.6008243560791,115.38999938964844,148.55874633789062,71.87992858886719,39.227577209472656
2013-12-31,31.844600677490234,116.12000274658203,149.2618408203125,71.42416381835938,39.01604461669922
2014-01-02,30.618057250976562,118.0,147.8313751220703,71.6415023803711,39.0221061706543
2014-01-03,30.564725875854492,119.29000091552734,147.80711364746094,71.6415023803711,39.23967361450195
2014-01-06,30.275222778320312,119.5,147.37879943847656,71.94305419921875,39.439090728759766
2014-01-07,30.404743194580078,118.81999969482422,148.283935546875,72.1253433227539,39.61436080932617
2014-01-08,30.305702209472656,118.12000274658203,148.31629943847656,71.92903900146484,39.42097091674805
2014-01-09,30.145723342895508,118.45999908447266,148.4132843017578,72.3497314453125,39.42097091674805
2014-01-10,30.67900276184082,120.26000213623047,148.8173370361328,73.21221160888672,39.958831787109375
2014-01-13,30.313323974609375,121.0199966430664,146.8373260498047,73.57682800292969,39.692909240722656
2014-01-14,30.64090919494629,119.88999938964844,148.43753051757812,73.240234375,39.98299789428711
2014-01-15,30.633291244506836,119.66000366210938,149.23760986328125,73.16313934326172,40.28517532348633
2014-01-16,30.465686798095703,119.79000091552734,149.04359436035156,73.65396118164062,40.357696533203125
2014-01-17,30.313323974609375,120.93000030517578,148.4132843017578,73.96245574951172,40.12200164794922
2014-01-21,30.26761245727539,119.69999694824219,148.8496856689453,74.01856994628906,40.4846076965332
2014-01-22,30.671382904052734,119.19000244140625,148.94668579101562,73.83629608154297,40.65985870361328
2014-01-23,29.91716957092285,121.79000091552734,147.72630310058594,74.88102722167969,40.56317138671875
2014-01-24,29.13248634338379,122.29000091552734,144.57443237304688,75.3649673461914,40.05552673339844
2014-01-27,29.01820182800293,120.95999908447266,143.8632049560547,74.83903503417969,39.747314453125
2014-01-28,29.201059341430664,120.94999694824219,144.71990966796875,75.02129364013672,40.07969284057617
2014-01-29,28.782028198242188,122.47000122070312,143.329833984375,75.63835906982422,39.86213684082031
2014-01-30,29.048683166503906,119.7699966430664,144.84921264648438,75.42102813720703,40.46646499633789
2014-01-31,29.094390869140625,120.08999633789062,144.00062561035156,75.9258804321289,40.68402099609375
2014-02-03,28.271608352661133,121.31999969482422,140.7598419189453,76.85104370117188,40.037376403808594
2014-02-04,28.842988967895508,120.98999786376953,141.7458038330078,76.03553771972656,40.52085876464844
2014-02-05,28.736328125,121.29000091552734,141.56797790527344,75.33253479003906,40.43625259399414
2014-02-06,29.338176727294922,121.23999786376953,143.43487548828125,75.00916290283203,40.73236846923828
2014-02-07,29.50578498840332,122.16999816894531,145.21290588378906,75.0723648071289,41.04059600830078
2014-02-10,29.17818832397461,122.91999816894531,145.47958374023438,75.28330993652344,41.4273681640625
2014-02-11,29.810514450073242,124.36000061035156,147.0717010498047,74.84745025634766,41.59053421020508
2014-02-12,29.818130493164062,124.43000030517578,147.14443969726562,74.46077728271484,41.61470413208008
2014-02-13,29.848609924316406,125.48999786376953,147.90406799316406,74.88264465332031,41.7718391418457
2014-02-14,30.214290618896484,127.1500015258789,148.72039794921875,74.92477416992188,41.93501663208008
2014-02-18,29.93239974975586,127.4000015258789,148.89813232421875,75.0935287475586,42.140480041503906
2014-02-19,29.726709365844727,126.2699966430664,147.91221618652344,74.77714538574219,42.11630630493164
2014-02-20,29.83336639404297,127.5999984741211,148.7849884033203,74.59437561035156,42.02565002441406
2014-02-21,30.039060592651367,127.58000183105469,148.6153106689453,74.98810577392578,42.128395080566406
2014-02-24,30.039060592651367,128.99000549316406,149.4396514892578,74.79824829101562,42.23112487792969
2014-02-25,29.69623565673828,129.2100067138672,149.38304138183594,75.4660873413086,42.370140075683594
2014-02-26,29.719093322753906,128.11000061035156,149.39120483398438,75.86678314208984,42.466827392578125
2014-02-27,30.282846450805664,128.1999969482422,150.17510986328125,76.28156280517578,42.35200500488281
2014-02-28,30.077152252197266,127.62000274658203,150.55491638183594,76.32374572753906,42.74482345581055
2014-03-03,29.543874740600586,130.2899932861328,149.49624633789062,76.83323669433594,42.768985748291016
2014-03-04,30.046682357788086,128.67999267578125,151.59742736816406,75.67755126953125,43.38542175292969
2014-03-05,30.069543838500977,128.88999938964844,151.73487854003906,75.83956909179688,43.3310432434082
2014-03-06,30.496152877807617,130.1699981689453,152.0823516845703,75.09264373779297,42.96842956542969
2014-03-07,30.10762596130371,129.08999633789062,152.1470184326172,74.62049865722656,42.50309753417969
2014-03-10,29.901939392089844,129.1300048828125,152.06617736816406,74.7262191772461,42.279476165771484
2014-03-11,29.566722869873047,129.86000061035156,151.3146209716797,74.92353820800781,42.54539108276367
2014-03-12,29.627670288085938,131.75999450683594,151.3550262451172,75.44497680664062,42.67230224609375
2014-03-13,29.094390869140625,132.2100067138672,149.6578826904297,76.45976257324219,42.47285461425781
2014-03-14,29.254369735717773,133.10000610351562,149.23760986328125,76.473876953125,42.58164596557617
2014-03-17,29.612436294555664,131.63999938964844,150.58721923828125,75.90306091308594,42.67230224609375
2014-03-18,30.023826599121094,130.6199951171875,151.6621551513672,76.17789459228516,42.799217224121094
2014-03-19,29.383888244628906,128.08999633789062,150.8539276123047,75.58592987060547,41.98939514160156
2014-03-20,29.513402938842773,127.86000061035156,151.73487854003906,75.4520263671875,42.061920166015625
2014-03-21,29.69623565673828,128.47000122070312,151.1463165283203,76.26947021484375,42.44869613647461
2014-03-24,29.985733032226562,126.18000030517578,150.52133178710938,76.81209564208984,42.170692443847656
2014-03-25,30.32855987548828,126.41000366210938,151.23565673828125,76.52317810058594,42.555747985839844
2014-03-26,30.397113800048828,125.41000366210938,150.14793395996094,77.12216186523438,42.07520294189453
2014-03-27,30.79327392578125,124.58999633789062,149.831298828125,77.50971221923828,42.34284591674805
2014-03-28,31.037065505981445,124.55999755859375,150.56997680664062,77.07286834716797,42.59832763671875
2014-03-31,31.242759704589844,123.61000061035156,151.80386352539062,76.88258361816406,42.95723342895508
2014-04-01,31.608448028564453,123.38999938964844,152.81039428710938,76.22557067871094,43.15188217163086
2014-04-02,31.669374465942383,124.31999969482422,153.3218231201172,75.78752899169922,43.1883659362793
2014-04-03,31.547487258911133,123.91999816894531,153.11886596679688,76.11953735351562,43.09712600708008
2014-04-04,31.463695526123047,125.56999969482422,151.30868530273438,76.62828063964844,43.243099212646484
2014-04-07,31.6008243560791,124.91000366210938,149.636474609375,77.08745574951172,43.38302230834961
2014-04-08,31.96649742126465,126.08999633789062,150.25343322753906,77.27117156982422,43.65066909790039
2014-04-09,32.21028137207031,126.31999969482422,151.8687286376953,76.88965606689453,43.541175842285156
2014-04-10,31.867462158203125,127.01000213623047,148.67864990234375,77.60322570800781,43.127540588378906
2014-04-11,31.867462158203125,126.93000030517578,147.33929443359375,78.23204040527344,42.8659782409668
2014-04-14,31.798885345458984,127.8499984741211,148.50001525878906,78.02715301513672,43.1214599609375
2014-04-15,31.31893539428711,125.48999786376953,149.5227813720703,78.51464080810547,43.63241958618164
2014-04-16,31.715087890625,125.54000091552734,151.0895538330078,78.61348724365234,43.912235260009766
2014-04-17,32.00459289550781,124.75,151.30055236816406,77.75163269042969,43.656742095947266
2014-04-21,31.806516647338867,124.23999786376953,151.82815551757812,77.68799591064453,43.90615463256836
2014-04-22,31.722707748413086,123.77999877929688,152.51821899414062,77.9494400024414,44.00346755981445
2014-04-23,31.494171142578125,123.76000213623047,152.16099548339844,78.39446258544922,43.82706832885742
2014-04-24,31.524635314941406,124.55999755859375,152.46946716308594,78.5428695678711,44.009552001953125
2014-04-25,31.098005294799805,125.43000030517578,151.21937561035156,78.65593719482422,43.83922576904297
2014-04-28,31.250383377075195,124.87999725341797,151.6983184814453,78.27442932128906,44.179874420166016
2014-04-29,31.547487258911133,124.86000061035156,152.40457153320312,78.16844940185547,44.210289001464844
2014-04-30,31.48654556274414,124.22000122070312,152.85910034179688,78.49341583251953,44.368438720703125
2014-05-01,31.524635314941406,123.80000305175781,152.87538146972656,79.33551025390625,44.55701446533203
2014-05-02,31.699857711791992,125.05999755859375,152.65614318847656,79.82420349121094,44.54484176635742
2014-05-05,31.524635314941406,126.22000122070312,152.94839477539062,79.3426284790039,44.63610076904297
2014-05-06,31.669374465942383,125.9800033569336,151.6171875,79.66129302978516,44.477928161621094
2014-05-07,31.836984634399414,124.16999816894531,152.5100860595703,79.37799835205078,45.01321792602539
2014-05-08,31.76079559326172,124.16999816894531,152.34768676757812,79.03801727294922,45.11664581298828
2014-05-09,31.707469940185547,124.0999984741211,152.57501220703125,78.7830810546875,45.14704513549805
2014-05-12,32.240753173828125,124.94000244140625,154.06051635742188,78.46440887451172,45.28694534301758
2014-05-13,32.36265182495117,124.5999984741211,154.1985321044922,79.14429473876953,44.99498748779297
2014-05-14,32.5911979675293,125.80999755859375,153.46792602539062,80.00127410888672,45.01321792602539
2014-05-15,32.286468505859375,124.7699966430664,152.12042236328125,80.63867950439453,44.98889923095703
2014-05-16,32.71308517456055,124.5,152.6480712890625,80.41201782226562,45.40252685546875
2014-05-19,32.71308517456055,124.58000183105469,153.20816040039062,79.81712341308594,45.22004318237305
2014-05-20,32.44645690917969,124.69000244140625,152.24220275878906,79.99415588378906,45.080135345458984
2014-05-21,32.69786071777344,124.38999938964844,153.52476501464844,79.5054702758789,44.782081604003906
2014-05-22,32.92641067504883,124.66999816894531,153.8981170654297,79.39215087890625,44.70299530029297
2014-05-23,32.86545944213867,124.51000213623047,154.51507568359375,79.81712341308594,45.0984001159668
2014-05-27,32.58358383178711,121.8499984741211,155.46485900878906,80.28453063964844,45.420780181884766
2014-05-28,32.7740364074707,121.19999694824219,155.3511505126953,81.27604675292969,45.134883880615234
2014-05-29,32.86545944213867,120.94000244140625,156.1548309326172,80.84403228759766,45.22612762451172
2014-05-30,32.41597366333008,120.43000030517578,156.4064178466797,80.80859375,45.43294906616211
2014-06-02,32.5150260925293,119.69999694824219,156.58497619628906,80.2079086303711,45.57285690307617
2014-06-03,32.69786071777344,120.01000213623047,156.50384521484375,79.22093963623047,45.548519134521484
2014-06-04,32.5150260925293,119.76000213623047,156.82041931152344,79.19963073730469,45.63976287841797
2014-06-05,32.85784912109375,120.66000366210938,157.84317016601562,79.23519134521484,46.47920227050781
2014-06-06,33.1854248046875,120.61000061035156,158.59812927246094,79.23519134521484,46.2845458984375
2014-06-09,33.30731964111328,120.6500015258789,158.760498046875,79.12149047851562,45.72492980957031
2014-06-10,33.4825439453125,121.38999938964844,158.7767333984375,78.83039855957031,45.38427734375
2014-06-11,33.3682746887207,121.41000366210938,158.2247314453125,78.97245788574219,45.262638092041016
2014-06-12,33.20828628540039,122.63999938964844,157.10452270507812,79.67536926269531,45.14704513549805
2014-06-13,33.22352600097656,122.95999908447266,157.58346557617188,79.63275909423828,45.262638092041016
2014-06-16,33.07114791870117,122.41999816894531,157.7133331298828,79.83155822753906,45.031463623046875
2014-06-17,33.07877731323242,122.27999877929688,158.15164184570312,79.19963073730469,45.14704513549805
2014-06-18,33.44445037841797,122.66999816894531,159.31251525878906,79.810302734375,45.4633674621582
2014-06-19,33.253997802734375,126.94000244140625,159.49107360839844,78.78776550292969,45.840511322021484
2014-06-20,33.1854248046875,126.5,159.81484985351562,79.38424682617188,45.998653411865234
2014-06-23,33.11686706542969,126.8499984741211,159.76588439941406,79.1357192993164,45.810081481933594
2014-06-24,33.10162353515625,126.9800033569336,158.80345153808594,79.9381103515625,45.84385299682617
2014-06-25,33.171504974365234,126.98999786376953,159.52125549316406,80.14402770996094,45.75177001953125
2014-06-26,33.20989227294922,126.7300033569336,159.40707397460938,80.5274429321289,45.70878982543945
2014-06-27,33.28667449951172,126.66000366210938,159.71701049804688,80.40669250488281,46.058738708496094
2014-06-30,33.19453430175781,128.0399932861328,159.6354522705078,80.60552978515625,45.9482307434082
2014-07-01,33.509361267089844,127.69999694824219,160.70391845703125,79.93069458007812,46.193790435791016
2014-07-02,33.70901107788086,127.69999694824219,160.86703491210938,79.07637786865234,46.083290100097656
2014-07-03,33.90864181518555,127.16000366210938,161.65821838378906,78.7916488647461,45.81929016113281
2014-07-07,33.8856201171875,127.0199966430664,161.09539794921875,79.36827850341797,45.95435333251953
2014-07-08,33.73204040527344,127.06999969482422,160.0595245361328,80.25814056396484,46.089439392089844
2014-07-09,33.924007415771484,127.83999633789062,160.7772979736328,80.32221984863281,46.16310501098633
2014-07-10,33.73970413208008,128.5399932861328,160.14112854003906,80.34355163574219,46.37184524536133
2014-07-11,33.70132827758789,128.77999877929688,160.361328125,80.85610961914062,46.377986907958984
2014-07-14,33.96240234375,125.72000122070312,161.16883850097656,80.50730895996094,46.60515213012695
2014-07-15,33.93935775756836,124.52999877929688,160.86703491210938,80.34355163574219,46.63584518432617
2014-07-16,34.023826599121094,124.97000122070312,161.46246337890625,80.77072143554688,46.7831916809082
2014-07-17,33.38649368286133,127.08999633789062,159.62728881835938,81.78868865966797,46.543766021728516
2014-07-18,33.90864181518555,126.12999725341797,161.25856018066406,81.52523040771484,47.004234313964844
2014-07-21,34.023826599121094,126.33999633789062,160.95672607421875,81.93111419677734,46.83230972290039
2014-07-22,34.338645935058594,125.73999786376953,161.65821838378906,82.10193634033203,46.97966003417969
2014-07-23,34.36936950683594,125.62000274658203,162.0170440673828,81.99512481689453,47.06562805175781
2014-07-24,34.5229377746582,124.3499984741211,162.0251922607422,81.38288879394531,47.004234313964844
2014-07-25,34.38472366333008,125.79000091552734,161.26669311523438,82.34395599365234,46.67882537841797
2014-07-28,34.62276077270508,125.58000183105469,161.33193969726562,82.23004913330078,47.004234313964844
2014-07-29,34.41543960571289,125.19999694824219,160.63868713378906,82.52909851074219,46.77705764770508
2014-07-30,34.24650192260742,124.83000183105469,160.66310119628906,81.38288879394531,46.67882537841797
2014-07-31,33.6475715637207,123.38999938964844,157.49032592773438,81.14087677001953,45.98505783081055
2014-08-01,33.83185577392578,124.37999725341797,157.0091552734375,81.76896667480469,45.87455749511719
2014-08-04,34.146690368652344,123.98999786376953,158.142822265625,81.5548324584961,46.193790435791016
2014-08-05,33.624542236328125,123.87000274658203,156.6094512939453,81.81893920898438,45.721065521240234
2014-08-06,33.39419174194336,125.66999816894531,156.65834045410156,81.86894226074219,45.70263671875
2014-08-07,33.263648986816406,126.18000030517578,155.81016540527344,82.6326904296875,45.72720718383789
2014-08-08,33.563114166259766,126.19000244140625,157.61268615722656,82.45417022705078,45.99733352661133
2014-08-11,33.99311447143555,125.95999908447266,158.0694122314453,82.44705200195312,46.2859001159668
2014-08-12,34.031497955322266,125.98999786376953,157.84913635253906,81.91175842285156,46.212223052978516
2014-08-13,34.215797424316406,126.19999694824219,158.91761779785156,82.44705200195312,46.881431579589844
2014-08-14,34.26954650878906,126.30999755859375,159.6680450439453,83.11088562011719,46.850730895996094
2014-08-15,34.177398681640625,125.4800033569336,159.6354522705078,84.01738739013672,46.8016242980957
2014-08-18,34.507572174072266,124.95999908447266,160.97305297851562,83.1822509765625,47.26207733154297
2014-08-19,34.66883087158203,124.68000030517578,161.81320190429688,82.92530822753906,47.36030578613281
2014-08-20,34.5997200012207,124.22000122070312,162.24537658691406,82.78970336914062,47.5752067565918
2014-08-21,34.45382308959961,122.87999725341797,162.7185516357422,83.2536392211914,47.50152587890625
2014-08-22,34.3616943359375,123.19000244140625,162.46566772460938,83.71757507324219,47.12087631225586
2014-08-25,34.61508560180664,122.73999786376953,163.2894744873047,84.0316162109375,47.01649856567383
2014-08-26,34.82239532470703,123.3499984741211,163.39547729492188,83.76040649414062,47.10860061645508
2014-08-27,34.99900817871094,123.31999969482422,163.33023071289062,84.47416687011719,47.1392936706543
2014-08-28,34.653472900390625,124.0,163.24049377441406,84.91670227050781,47.13314437866211
2014-08-29,34.5997200012207,123.86000061035156,163.70542907714844,84.97380065917969,47.38486862182617
2014-09-02,34.54597091674805,121.6500015258789,163.6238555908203,83.50796508789062,47.391021728515625
2014-09-03,34.99900817871094,122.1500015258789,163.5341339111328,83.97294616699219,47.51381301879883
2014-09-04,34.906856536865234,121.4800033569336,163.29759216308594,82.94992065429688,47.33575439453125
2014-09-05,35.20633316040039,122.05999755859375,164.03164672851562,82.79257202148438,47.83919906616211
2014-09-08,34.791690826416016,120.7300033569336,163.60751342773438,82.82833862304688,47.790069580078125
2014-09-09,34.3616943359375,120.87000274658203,162.57168579101562,82.76390838623047,47.49537658691406
2014-09-10,34.215797424316406,120.26000213623047,163.18345642089844,82.24172973632812,46.74634552001953
2014-09-11,33.98543930053711,119.47000122070312,163.37098693847656,81.9698486328125,46.7831916809082
2014-09-12,33.624542236328125,118.37999725341797,162.4167022705078,81.11141967773438,45.346561431884766
2014-09-15,33.45560836791992,118.63999938964844,162.29434204101562,81.23301696777344,45.12553787231445
2014-09-16,33.89329147338867,118.83000183105469,163.51788330078125,80.90391540527344,45.56755828857422
2014-09-17,33.578468322753906,117.54000091552734,163.738037109375,80.6964340209961,45.5552864074707
2014-09-18,33.624542236328125,117.77999877929688,164.61080932617188,80.95402526855469,45.15622329711914
2014-09-19,33.37113952636719,117.08999633789062,164.46241760253906,81.98419952392578,45.211483001708984
2014-09-22,32.86436462402344,116.8499984741211,163.1923370361328,82.0843276977539,44.855377197265625
2014-09-23,32.68008041381836,117.5999984741211,162.25811767578125,82.59225463867188,44.52998733520508
2014-09-24,33.148468017578125,117.05000305175781,163.5282745361328,82.13438415527344,44.411014556884766
2014-09-25,32.42667770385742,117.38999938964844,160.8896942138672,83.10734558105469,44.21271514892578
2014-09-26,32.572566986083984,117.05999755859375,162.16796875,82.9857177734375,44.80759811401367
2014-09-29,31.912220001220703,117.02999877929688,161.87294006347656,83.65100860595703,44.74563980102539
2014-09-30,31.912220001220703,116.20999908447266,161.44688415527344,83.17888641357422,44.52256393432617
2014-10-01,31.2595272064209,116.7699966430664,159.25897216796875,84.79185485839844,44.55974578857422
2014-10-02,31.428464889526367,116.73999786376953,159.2835693359375,84.05306243896484,44.48537063598633
2014-10-03,31.69721221923828,114.61000061035156,161.0371551513672,84.41168212890625,44.764217376708984
2014-10-06,32.111854553222656,116.02999877929688,160.84869384765625,84.46192932128906,44.88195037841797
2014-10-07,31.827749252319336,116.36000061035156,158.36578369140625,85.60221862792969,44.52875518798828
2014-10-08,32.30381774902344,117.47000122070312,161.13552856445312,85.62371826171875,45.49542236328125
2014-10-09,31.797027587890625,117.63999938964844,157.9396514892578,85.25079345703125,45.49542236328125
2014-10-10,31.105960845947266,117.58999633789062,156.13690185546875,86.09709167480469,45.53879928588867
2014-10-13,31.420787811279297,118.5199966430664,153.57205200195312,86.62059783935547,45.58218765258789
2014-10-14,31.605066299438477,118.58999633789062,153.8097381591797,87.18718719482422,46.319576263427734
2014-10-15,31.205791473388672,118.98999786376953,152.7689971923828,87.87564086914062,46.139862060546875
2014-10-16,30.92167854309082,119.22000122070312,152.63784790039062,87.31627655029297,46.2142333984375
2014-10-17,31.267215728759766,118.98999786376953,154.4405975341797,86.82861328125,46.26998519897461
2014-10-20,31.359365463256836,119.80000305175781,155.9402313232422,87.14412689208984,46.97641372680664
2014-10-21,31.489896774291992,120.0199966430664,159.02955627441406,86.448486328125,47.403968811035156
2014-10-22,31.28257179260254,119.33999633789062,157.8987274169922,86.54174041748047,47.41636276245117
2014-10-23,31.274892807006836,118.5199966430664,159.7342529296875,85.77434539794922,47.781959533691406
2014-10-24,31.497570037841797,118.3499984741211,160.96336364746094,85.8603744506836,47.74479675292969
2014-10-27,31.25186538696289,118.05999755859375,160.74217224121094,86.01819610595703,48.09799575805664
2014-10-28,31.881500244140625,118.0999984741211,162.58592224121094,85.48033142089844,48.30867004394531
2014-10-29,31.927574157714844,116.41000366210938,162.34007263183594,85.67394256591797,48.03601837158203
2014-10-30,32.2270393371582,115.19000244140625,163.38075256347656,85.74565887451172,48.339656829833984
2014-10-31,32.36526107788086,112.66000366210938,165.24911499023438,85.5232925415039,48.946937561035156
2014-11-03,32.096492767333984,112.1500015258789,165.3392791748047,85.52327728271484,49.3745002746582
2014-11-04,32.127220153808594,112.22000122070312,164.7656707763672,85.78936767578125,49.455039978027344
2014-11-05,31.843103408813477,109.79000091552734,165.80628967285156,85.6670913696289,49.34969711303711
2014-11-06,31.451499938964844,109.87999725341797,166.47007751464844,85.11357116699219,48.971710205078125
2014-11-07,31.651147842407227,112.97000122070312,166.62576293945312,86.09124755859375,48.90974807739258
2014-11-10,31.735612869262695,110.45999908447266,167.1503143310547,85.30048370361328,49.31251525878906
2014-11-11,31.704885482788086,112.04000091552734,167.31405639648438,85.35799407958984,49.120426177978516
2014-11-12,31.643463134765625,111.5,167.1338348388672,85.28609466552734,48.748634338378906
2014-11-13,31.558996200561523,111.66999816894531,167.32228088378906,85.48738098144531,49.01508712768555
2014-11-14,31.820064544677734,114.47000122070312,167.36328125,85.90434265136719,48.612308502197266
2014-11-17,31.48221206665039,114.05000305175781,167.46983337402344,85.68867492675781,48.829200744628906
2014-11-18,31.651147842407227,115.05000305175781,168.43678283691406,85.92594146728516,49.03988265991211
2014-11-19,31.63578224182129,113.68000030517578,168.16635131835938,85.37957000732422,48.599918365478516
2014-11-20,31.582042694091797,114.86000061035156,168.4613800048828,85.82526397705078,48.761024475097656
2014-11-21,32.58791732788086,115.38999938964844,169.36273193359375,86.34290313720703,49.06465530395508
2014-11-24,32.31917953491211,115.11000061035156,169.8379364013672,86.414794921875,49.2381591796875
2014-11-25,32.111854553222656,115.37999725341797,169.71510314941406,87.13372039794922,49.32490158081055
2014-11-26,32.51882553100586,115.16000366210938,170.1493682861328,87.37095642089844,49.80206298828125
2014-11-28,31.86614227294922,112.11000061035156,169.788818359375,88.06111907958984,49.925994873046875
2014-12-01,31.320960998535156,116.58000183105469,168.60882568359375,87.5473861694336,49.80206298828125
2014-12-02,31.313282012939453,115.13999938964844,169.69871520996094,86.69712829589844,50.11187744140625
2014-12-03,31.39773941040039,116.33000183105469,170.35426330566406,87.03581237792969,50.06231689453125
2014-12-04,31.451499938964844,115.87999725341797,170.1658172607422,87.7635269165039,50.19245147705078
2014-12-05,31.39006996154785,114.43000030517578,170.4444122314453,87.2519302368164,49.938377380371094
2014-12-08,30.929353713989258,115.77999877929688,169.3053436279297,88.31841278076172,50.254425048828125
2014-12-09,30.63756561279297,118.19000244140625,169.19064331054688,88.77232360839844,50.483680725097656
2014-12-10,30.184532165527344,117.95999908447266,166.47836303710938,89.42083740234375,50.43412780761719
2014-12-11,29.931135177612305,117.69000244140625,167.32228088378906,89.78829956054688,50.52704620361328
2014-12-12,29.4397029876709,117.41000366210938,164.61814880371094,91.00604248046875,50.087120056152344
2014-12-15,29.01738739013672,114.38999938964844,163.48728942871094,90.81871795654297,49.436458587646484
2014-12-16,28.971323013305664,114.94999694824219,162.17620849609375,91.94278717041016,49.368289947509766
2014-12-17,29.63728141784668,114.2699966430664,165.35562133789062,91.11408233642578,50.50226974487305
2014-12-18,30.04231071472168,115.1500015258789,169.4447021484375,89.49286651611328,50.8554573059082
2014-12-19,30.25261688232422,114.7699966430664,170.16567993164062,90.69615936279297,50.830684661865234
2014-12-22,30.67322540283203,112.55000305175781,170.94842529296875,90.81871795654297,51.680511474609375
2014-12-23,30.39281463623047,112.73999786376953,171.1791229248047,89.01734161376953,51.53606033325195
2014-12-24,30.46291160583496,112.7699966430664,171.1956024169922,89.5018310546875,51.32249069213867
2014-12-26,30.70437240600586,114.83000183105469,171.7476348876953,89.83399963378906,51.50465774536133
2014-12-29,30.51744270324707,113.66999816894531,171.9783477783203,90.50554656982422,51.787288665771484
2014-12-30,30.579748153686523,115.19999694824219,171.0555419921875,90.75103759765625,51.749610900878906
2014-12-31,30.60311508178711,113.58000183105469,169.3582000732422,90.92430877685547,50.87654113769531
2015-01-02,30.198089599609375,114.08000183105469,169.2675323486328,91.93525695800781,51.64283752441406
2015-01-05,29.66064453125,115.80000305175781,166.21058654785156,93.37942504882812,51.92548370361328
2015-01-06,29.53601837158203,117.12000274658203,164.6450653076172,95.06180572509766,52.44054412841797
2015-01-07,30.174724578857422,116.43000030517578,166.69677734375,94.87408447265625,53.24448776245117
2015-01-08,30.688800811767578,115.94000244140625,169.65478515625,93.6176528930664,53.44548797607422
2015-01-09,30.587541580200195,117.26000213623047,168.29522705078125,94.64305877685547,53.47063446044922
2015-01-12,30.338289260864258,118.55999755859375,166.9769287109375,95.18463897705078,53.87889099121094
2015-01-13,30.60311508178711,118.16000366210938,166.50723266601562,95.18463897705078,53.7972297668457
2015-01-14,30.431764602661133,117.97000122070312,165.5019989013672,95.90668487548828,54.262020111083984
2015-01-15,30.501859664916992,120.94000244140625,163.98590087890625,97.41577911376953,54.38764190673828
2015-01-16,30.758899688720703,122.5199966430664,166.136474609375,96.17387390136719,54.85871505737305
2015-01-20,30.7121639251709,124.19999694824219,166.49078369140625,97.45193481445312,54.42535400390625
2015-01-21,31.389808654785156,124.2300033569336,167.3311767578125,96.32548522949219,54.38764190673828
2015-01-22,31.989574432373047,125.2300033569336,169.819580078125,95.97887420654297,55.354942321777344
2015-01-23,31.74810791015625,124.2300033569336,168.88848876953125,97.3147201538086,55.19792175292969
2015-01-26,31.76368522644043,122.98999786376953,169.28402709960938,97.01866912841797,55.66271209716797
2015-01-27,31.59233283996582,124.4000015258789,167.05105590820312,97.17032623291016,55.68153762817383
2015-01-28,31.249603271484375,123.41999816894531,164.90875244140625,98.75892639160156,55.31098937988281
2015-01-29,31.249603271484375,120.76000213623047,166.43304443359375,98.10904693603516,55.50569534301758
2015-01-30,30.39281463623047,123.44999694824219,164.34022521972656,99.84922790527344,54.36252212524414
2015-02-02,30.93805503845215,122.41999816894531,166.37539672851562,99.47228240966797,54.21805953979492
2015-02-03,31.52223014831543,121.05000305175781,168.7813720703125,97.36674499511719,54.68914794921875
2015-02-04,31.36644172668457,121.58000183105469,168.13870239257812,97.53323364257812,54.463035583496094
2015-02-05,31.55338478088379,121.79000091552734,169.83607482910156,96.46234893798828,55.11626434326172
2015-02-06,31.015933990478516,118.63999938964844,169.3664093017578,94.75479125976562,53.51459884643555
2015-02-09,30.96919822692871,119.16999816894531,168.60830688476562,94.60281372070312,53.137725830078125
2015-02-10,30.891321182250977,118.47000122070312,170.40460205078125,93.8503646850586,53.30730438232422
2015-02-11,30.66542625427246,117.06999969482422,170.50344848632812,94.02401733398438,53.15027618408203
2015-02-12,31.3197078704834,117.33999633789062,172.14312744140625,93.71286010742188,53.78466796875
2015-02-13,31.678001403808594,117.9800033569336,172.85177612304688,92.75059509277344,53.426658630371094
2015-02-17,31.607908248901367,116.01000213623047,173.12368774414062,91.35414123535156,53.294734954833984
2015-02-18,31.600109100341797,116.33999633789062,173.1401824951172,91.89680480957031,53.79095458984375
2015-02-19,31.467697143554688,115.94000244140625,173.01654052734375,91.28903198242188,52.635250091552734
2015-02-20,31.678001403808594,115.27999877929688,174.05477905273438,91.5567626953125,53.14400863647461
2015-02-23,31.35865020751953,115.43000030517578,174.03004455566406,92.6058578491211,53.57114028930664
2015-02-24,31.810422897338867,115.26000213623047,174.5244598388672,93.82146453857422,52.51589584350586
2015-02-25,31.74810791015625,115.69999694824219,174.37612915039062,94.22660064697266,52.528465270996094
2015-02-26,31.75589370727539,116.06999969482422,174.17015075683594,92.93871307373047,51.95689392089844
2015-02-27,31.732526779174805,116.16000366210938,173.57688903808594,93.72013092041016,52.36515808105469
2015-03-02,31.685787200927734,115.68000030517578,174.67276000976562,91.97443389892578,52.6666374206543
2015-03-03,31.44432830810547,115.47000122070312,173.95587158203125,91.64099884033203,52.566162109375
2015-03-04,31.101621627807617,115.11000061035156,173.2225799560547,91.66996002197266,52.063663482666016
2015-03-05,31.05488395690918,115.0,173.41209411621094,91.55399322509766,52.21440505981445
2015-03-06,30.579748153686523,111.86000061035156,170.97311401367188,89.53135681152344,50.480838775634766
2015-03-09,30.46291160583496,111.97000122070312,171.68173217773438,90.35777282714844,50.88283157348633
2015-03-10,29.785268783569336,111.41999816894531,168.89675903320312,91.5467300415039,50.84513854980469
2015-03-11,30.011146545410156,110.75,168.5011749267578,92.21369171142578,50.889122009277344
2015-03-12,30.198089599609375,110.72000122070312,170.64356994628906,92.1484603881836,51.77473068237305
2015-03-13,29.832002639770508,110.87999725341797,169.59713745117188,91.86570739746094,51.743316650390625
2015-03-16,30.190303802490234,110.80999755859375,171.86297607421875,92.75010681152344,52.27721405029297
2015-03-17,30.54081153869629,110.20999908447266,171.3521728515625,93.51861572265625,52.25837326049805
2015-03-18,31.288558959960938,112.37000274658203,173.41209411621094,95.32368469238281,53.351280212402344
2015-03-19,30.758899688720703,112.29000091552734,172.62110900878906,94.8380355834961,53.32615280151367
2015-03-20,31.21845245361328,113.56999969482422,174.14476013183594,95.3382339477539,54.66401672363281
2015-03-23,31.31191635131836,114.29000091552734,173.80540466308594,95.22219848632812,54.59492492675781
2015-03-24,31.436540603637695,114.56999969482422,172.8287811279297,96.14289855957031,54.130149841308594
2015-03-25,30.93805503845215,114.7300033569336,170.2961883544922,95.33091735839844,53.196250915527344
2015-03-26,30.649856567382812,115.4800033569336,169.89071655273438,93.84477233886719,52.918216705322266
2015-03-27,30.735532760620117,115.05999755859375,170.2796630859375,95.01197052001953,52.98774719238281
2015-03-30,31.32750129699707,113.75,172.35707092285156,94.54078674316406,53.745967864990234
2015-03-31,31.257400512695312,113.66000366210938,170.85072326660156,94.74374389648438,53.272056579589844
2015-04-01,31.646848678588867,115.5999984741211,170.2465362548828,95.98821258544922,53.196250915527344
2015-04-02,32.121978759765625,115.27999877929688,170.8590087890625,94.97113800048828,53.600650787353516
2015-04-06,32.5348014831543,116.69000244140625,172.0094451904297,94.44082641601562,54.15666961669922
2015-04-07,32.37124252319336,116.11000061035156,171.5542449951172,95.23268127441406,53.20256805419922
2015-04-08,33.04888153076172,115.47000122070312,172.1336669921875,95.26171875,53.28471755981445
2015-04-09,33.37601089477539,114.66999816894531,172.89495849609375,94.02674865722656,52.17893981933594
2015-04-10,33.39937973022461,115.97000122070312,173.83847045898438,94.16474151611328,52.14104080200195
2015-04-13,33.20466232299805,115.13999938964844,173.05226135253906,94.29549407958984,52.00203323364258
2015-04-14,33.35264587402344,114.44000244140625,173.38331604003906,94.96388244628906,52.18525695800781
2015-04-15,33.58631896972656,115.43000030517578,174.1613311767578,94.88395690917969,51.793521881103516
2015-04-16,33.851139068603516,115.02999877929688,174.11167907714844,94.41175842285156,51.92619705200195
2015-04-17,33.25918960571289,115.5999984741211,172.10879516601562,95.49418640136719,51.68608093261719
2015-04-20,33.228023529052734,114.72000122070312,173.68128967285156,94.65145111083984,51.76192092895508
2015-04-21,33.422752380371094,115.37999725341797,173.47438049316406,94.2228775024414,51.85039138793945
2015-04-22,33.78103256225586,113.83000183105469,174.32684326171875,92.78450775146484,51.95780944824219
2015-04-23,34.0302848815918,114.66000366210938,174.7655487060547,93.18403625488281,52.0967903137207
2015-04-24,34.154911041259766,113.05000305175781,175.17108154296875,93.76522827148438,52.204227447509766
2015-04-27,34.28733825683594,115.33000183105469,174.44265747070312,93.76522827148438,52.13472366333008
2015-04-28,34.341854095458984,116.33000183105469,174.99722290039062,92.47205352783203,52.03361892700195
2015-04-29,33.9134635925293,115.51000213623047,174.27720642089844,91.33877563476562,50.984737396240234
2015-04-30,33.39937973022461,113.47000122070312,172.5308837890625,91.49860382080078,50.15699005126953
2015-05-01,33.601898193359375,113.08000183105469,174.40135192871094,90.26692962646484,50.536109924316406
2015-05-04,33.796630859375,114.0999984741211,174.89797973632812,89.41517639160156,50.58666229248047
2015-05-05,33.430538177490234,114.41999816894531,172.89495849609375,89.29143524169922,49.48722457885742
2015-05-06,33.017723083496094,114.36000061035156,172.18325805664062,87.7627182006836,49.39244079589844
2015-05-07,32.97099304199219,113.41999816894531,172.8701934814453,88.94200897216797,50.150672912597656
2015-05-08,33.3915901184082,113.97000122070312,175.1461944580078,89.18226623535156,50.85203170776367
2015-05-11,33.07223892211914,113.52999877929688,174.31033325195312,87.01295471191406,50.08749008178711
2015-05-12,32.96318435668945,114.5,173.78884887695312,87.23860168457031,50.239139556884766
2015-05-13,33.025516510009766,116.55000305175781,173.82203674316406,86.53975677490234,49.75892639160156
2015-05-14,33.35264587402344,117.18000030517578,175.6345977783203,86.77269744873047,50.71935272216797
2015-05-15,33.609683990478516,117.52999877929688,175.82485961914062,88.51253509521484,51.23748016357422
2015-05-18,33.266963958740234,117.5199966430664,176.37112426757812,87.02751922607422,51.104793548583984
2015-05-19,33.32148742675781,115.88999938964844,176.3131866455078,86.25589752197266,50.92786407470703
2015-05-20,33.29812240600586,116.08000183105469,176.18907165527344,86.40141296386719,50.88364028930664
2015-05-21,33.18128204345703,115.69000244140625,176.70217895507812,87.60986328125,50.64352798461914
2015-05-22,33.29033660888672,115.5999984741211,176.2800750732422,87.64624786376953,50.58033752441406
2015-05-26,32.76068878173828,113.91000366210938,174.38475036621094,89.1458511352539,50.19491195678711
2015-05-27,32.768470764160156,113.88999938964844,176.04002380371094,89.34970092773438,50.687767028808594
2015-05-28,32.34007263183594,114.0199966430664,175.84141540527344,89.13130950927734,50.58666229248047
2015-05-29,32.028507232666016,114.0999984741211,174.74893188476562,89.32781219482422,50.00534439086914
2015-06-01,31.903886795043945,114.0,175.10488891601562,88.3677978515625,50.618263244628906
2015-06-02,32.028507232666016,114.45999908447266,174.93101501464844,87.1349105834961,50.150672912597656
2015-06-03,31.864938735961914,113.63999938964844,175.39450073242188,85.73422241210938,49.43035888671875
2015-06-04,31.382028579711914,112.83999633789062,173.9130096435547,86.85037231445312,49.33557891845703
2015-06-05,31.2418212890625,112.23999786376953,173.6150665283203,85.79249572753906,48.7858772277832
2015-06-08,31.23402976989746,112.56999969482422,172.5474090576172,85.69770812988281,48.69740295410156
2015-06-09,31.04708480834961,112.81999969482422,172.5225830078125,85.01924896240234,48.34357452392578
2015-06-10,31.498849868774414,113.77999877929688,174.59170532226562,84.27511596679688,48.68476486206055
2015-06-11,31.343076705932617,113.26000213623047,175.15452575683594,86.0478744506836,48.98173904418945
2015-06-12,31.343076705932617,113.2300033569336,173.81373596191406,86.0478744506836,48.937522888183594
2015-06-15,30.992572784423828,113.7300033569336,173.0687713623047,86.18650817871094,48.672119140625
2015-06-16,31.000350952148438,113.31999969482422,174.01229858398438,86.86495208740234,49.06388473510742
2015-06-17,31.187301635742188,113.8499984741211,174.2937774658203,86.19377136230469,49.48091506958008
2015-06-18,31.47550392150879,115.31999969482422,176.10629272460938,85.77066802978516,50.163330078125
2015-06-19,31.202882766723633,115.12000274658203,175.3245086669922,86.87224578857422,49.777870178222656
2015-06-22,31.654647827148438,113.63999938964844,176.2227325439453,85.09947204589844,49.26607894897461
2015-06-23,31.966197967529297,112.88999938964844,176.3474884033203,84.58880615234375,48.85536193847656
2015-06-24,31.740318298339844,112.58999633789062,175.06666564941406,85.31838989257812,48.59001159667969
2015-06-25,31.631248474121094,112.44000244140625,174.53440856933594,85.01924896240234,48.09714889526367
2015-06-26,31.333066940307617,112.55999755859375,174.5011444091797,84.06358337402344,48.44305419921875
2015-06-29,30.63466453552246,113.06999969482422,170.84178161621094,86.28860473632812,47.6899528503418
2015-06-30,31.089801788330078,112.37000274658203,171.199462890625,85.69046020507812,47.67078399658203
2015-07-01,31.066255569458008,111.9800033569336,172.5717010498047,84.53376770019531,48.45582580566406
2015-07-02,31.21535301208496,111.76000213623047,172.4136505126953,84.81153869628906,48.57711410522461
2015-07-06,30.344331741333008,112.05999755859375,171.92295837402344,86.38353729248047,48.88344955444336
2015-07-07,29.88921356201172,110.76000213623047,173.00416564941406,87.1950912475586,49.649356842041016
2015-07-08,28.861257553100586,111.08999633789062,170.10162353515625,87.94817352294922,49.4578857421875
2015-07-09,29.41838836669922,111.36000061035156,170.40931701660156,86.21533203125,49.22172927856445
2015-07-10,30.163848876953125,111.48999786376953,172.5550537109375,84.84812927246094,49.63020706176758
2015-07-13,30.36787223815918,110.98999786376953,174.4595947265625,84.58492279052734,49.700408935546875
2015-07-14,30.422809600830078,110.73999786376953,175.2163848876953,84.86280059814453,49.802528381347656
2015-07-15,30.07754135131836,110.16000366210938,175.1581573486328,85.76207733154297,49.885501861572266
2015-07-16,30.454195022583008,109.76000213623047,176.5637969970703,86.35430145263672,50.28760528564453
2015-07-17,30.414955139160156,108.6500015258789,176.71340942382812,86.80024719238281,50.108882904052734
2015-07-20,30.218780517578125,105.69999694824219,176.80490112304688,86.4347152709961,50.16633224487305
2015-07-21,30.22663688659668,105.37000274658203,176.10629272460938,86.90264892578125,50.02592468261719
2015-07-22,29.795045852661133,104.80000305175781,175.7902374267578,87.44371032714844,50.24292755126953
2015-07-23,29.504703521728516,104.33000183105469,174.800537109375,88.53308868408203,49.61743927001953
2015-07-24,29.08096694946289,105.3499984741211,172.98756408691406,88.75241088867188,49.82806396484375
2015-07-27,28.531679153442383,104.86000061035156,171.9811553955078,89.22763061523438,49.91741180419922
2015-07-28,28.822017669677734,105.0199966430664,174.09364318847656,88.57699584960938,49.94933319091797
2015-07-29,29.104509353637695,105.16999816894531,175.2911834716797,88.24793243408203,50.27482604980469
2015-07-30,28.814172744750977,104.2699966430664,175.3328399658203,88.92789459228516,50.02592468261719
2015-07-31,29.128047943115234,104.93000030517578,175.06666564941406,89.58589935302734,50.42164993286133
2015-08-03,28.641536712646484,104.0999984741211,174.47628784179688,90.5289306640625,50.73438262939453
2015-08-04,28.743553161621094,104.30999755859375,174.13522338867188,89.81085205078125,50.36418533325195
2015-08-05,28.75139808654785,103.93000030517578,174.70907592773438,89.13673400878906,50.03230285644531
2015-08-06,28.50029182434082,104.38999938964844,173.27867126464844,89.92807006835938,50.10251235961914
2015-08-07,28.484594345092773,104.6500015258789,172.9458770751953,91.10775756835938,50.28760528564453
2015-08-10,28.9632625579834,105.72000122070312,175.1249237060547,89.97937774658203,50.1280517578125
2015-08-11,28.327655792236328,106.26000213623047,173.54470825195312,91.4082260131836,50.459930419921875
2015-08-12,27.88823127746582,107.75,173.75267028808594,90.90991973876953,50.61948776245117
2015-08-13,27.84114646911621,106.86000061035156,173.53643798828125,90.61681365966797,50.67692947387695
2015-08-14,27.8803768157959,106.8499984741211,174.1685028076172,90.82933044433594,50.95138168334961
2015-08-17,27.574344635009766,107.12999725341797,175.1415557861328,91.23967742919922,51.38538360595703
2015-08-18,27.276161193847656,107.11000061035156,174.6342315673828,90.52159881591797,51.52581024169922
2015-08-19,26.938737869262695,108.55000305175781,173.25364685058594,91.41555786132812,51.219444274902344
2015-08-20,26.514995574951172,110.44000244140625,169.63584899902344,92.33876037597656,50.84288024902344
2015-08-21,25.69891929626465,111.12999725341797,164.52940368652344,92.61722564697266,49.898277282714844
2015-08-24,24.576791763305664,110.52999877929688,157.60157775878906,92.587890625,47.56229019165039
2015-08-25,24.89067268371582,109.16000366210938,155.74697875976562,91.1004409790039,46.25385665893555
2015-08-26,25.71461296081543,107.66999816894531,161.72669982910156,89.3419189453125,47.50484085083008
2015-08-27,26.852426528930664,107.7300033569336,165.72706604003906,89.39319610595703,48.423919677734375
2015-08-28,26.507158279418945,108.69999694824219,165.73538208007812,89.65697479248047,48.353729248046875
2015-08-31,26.554235458374023,108.81999969482422,164.3963623046875,88.96818542480469,47.249542236328125
2015-09-01,25.526281356811523,109.19999694824219,159.48948669433594,89.60931396484375,46.3496208190918
2015-09-02,25.895090103149414,108.62000274658203,162.51681518554688,88.83826446533203,46.828304290771484
2015-09-03,25.997102737426758,107.83999633789062,162.63327026367188,89.27145385742188,46.9559440612793
2015-09-04,25.220247268676758,107.48999786376953,160.17147827148438,90.08660125732422,46.08154296875
2015-09-08,26.02064323425293,107.5199966430664,164.19671630859375,88.75746154785156,46.777244567871094
2015-09-09,25.887245178222656,106.12999725341797,162.0010986328125,89.1833267211914,46.24110794067383
2015-09-10,26.154041290283203,106.37999725341797,162.8827667236328,88.58121490478516,46.34323501586914
2015-09-11,26.256053924560547,106.16000366210938,163.62290954589844,89.13932037353516,47.23040008544922
2015-09-14,26.21682357788086,106.22000122070312,163.01580810546875,89.27880096435547,47.25593566894531
2015-09-15,26.467920303344727,105.9000015258789,165.05340576171875,87.56783294677734,47.72184371948242
2015-09-16,27.11137580871582,107.30999755859375,166.48385620117188,87.23741149902344,48.23243713378906
2015-09-17,27.048593521118164,108.41000366210938,166.109619140625,88.3021240234375,48.781341552734375
2015-09-18,26.546398162841797,109.20999908447266,163.39508056640625,89.66062927246094,48.698360443115234
2015-09-21,26.499309539794922,108.52999877929688,164.239501953125,88.19938659667969,49.113216400146484
2015-09-22,26.004945755004883,107.79000091552734,162.107666015625,89.42571258544922,48.494136810302734
2015-09-23,25.589061737060547,108.22000122070312,161.84852600097656,89.4183349609375,48.79839324951172
2015-09-24,25.479204177856445,110.48999786376953,161.26332092285156,90.02790069580078,48.3407096862793
2015-09-25,25.424272537231445,109.80999755859375,161.22157287597656,89.24946594238281,48.53409194946289
2015-09-28,24.882823944091797,108.41999816894531,157.17529296875,90.77679443359375,47.779869079589844
2015-09-29,25.000532150268555,107.9800033569336,157.26724243164062,91.03387451171875,48.28914260864258
2015-09-30,25.72245979309082,106.86000061035156,160.20166015625,90.71810913085938,48.69525909423828
2015-10-01,25.86370086669922,106.7300033569336,160.61962890625,91.10514831542969,48.93376159667969
2015-10-02,26.554235458374023,108.98999786376953,163.01895141601562,91.65705108642578,49.28831481933594
2015-10-05,27.12706756591797,108.7699966430664,165.91983032226562,90.4134750366211,50.11988067626953
2015-10-06,27.07998275756836,109.86000061035156,165.351318359375,90.8034439086914,50.00384521484375
2015-10-07,27.801912307739258,109.69999694824219,166.7056427001953,90.50179290771484,50.57756805419922
2015-10-08,28.100093841552734,109.13999938964844,168.21043395996094,89.74381256103516,51.003028869628906
2015-10-09,28.202106475830078,110.87000274658203,168.31077575683594,89.97929382324219,50.91923141479492
2015-10-12,27.9902400970459,111.30999755859375,168.46958923339844,90.66356658935547,51.28020095825195
2015-10-13,27.535110473632812,111.86000061035156,167.4078826904297,90.81816864013672,50.88053512573242
2015-10-14,27.74698257446289,113.80999755859375,166.60533142089844,91.61287689208984,50.50021743774414
2015-10-15,28.42181968688965,113.29000091552734,169.1634521484375,91.16400909423828,51.18996810913086
2015-10-16,28.445358276367188,112.48999786376953,169.9326171875,91.19347381591797,51.57674026489258
2015-10-19,28.15502166748047,112.0199966430664,170.01617431640625,90.94325256347656,52.298728942871094
2015-10-20,28.147178649902344,112.7300033569336,169.79879760742188,90.384033203125,52.27938461303711
2015-10-21,27.7391300201416,111.7300033569336,168.7454833984375,91.28175354003906,52.08599853515625
2015-10-22,28.311952590942383,111.69000244140625,171.5962371826172,91.43629455566406,52.54369354248047
2015-10-23,28.47675323486328,111.5,173.47718811035156,90.65629577636719,52.034427642822266
2015-10-26,28.217803955078125,111.43000030517578,173.05088806152344,91.25968933105469,52.021522521972656
2015-10-27,27.896072387695312,111.68000030517578,172.71646118164062,91.48782348632812,52.00220489501953
2015-10-28,27.574344635009766,110.77999877929688,174.6811065673828,91.119873046875,52.04729461669922
2015-10-29,27.31539535522461,109.72000122070312,174.58074951171875,89.67023468017578,51.97641372680664
2015-10-30,27.362470626831055,109.30000305175781,173.82830810546875,90.34722137451172,51.4993896484375
2015-11-02,27.90391731262207,108.58999633789062,175.8848876953125,89.93203735351562,52.59524154663086
2015-11-03,28.27273178100586,106.9800033569336,176.39480590820312,89.19458770751953,52.066673278808594
2015-11-04,28.045167922973633,105.97000122070312,175.85983276367188,89.29781341552734,51.83458709716797
2015-11-05,28.092243194580078,105.63999938964844,175.6842498779297,89.06190490722656,52.04087829589844
2015-11-06,27.699901580810547,104.0999984741211,175.59226989746094,87.75659942626953,50.42285919189453
2015-11-09,27.00936508178711,104.4000015258789,173.9537811279297,87.2624740600586,49.55904769897461
2015-11-10,26.891660690307617,104.18000030517578,174.3550262451172,87.52054595947266,50.12632369995117
2015-11-11,26.94658660888672,103.83000183105469,173.66946411132812,87.33624267578125,50.184356689453125
2015-11-12,26.687637329101562,103.8499984741211,171.24513244628906,87.75659942626953,49.84270095825195
2015-11-13,26.318832397460938,103.55999755859375,169.32229614257812,88.258056640625,49.275413513183594
2015-11-16,26.828880310058594,103.70999908447266,171.8971710205078,88.17693328857422,49.84270095825195
2015-11-17,26.750410079956055,102.33999633789062,171.7718048095703,88.32445526123047,49.84270095825195
2015-11-18,27.040752410888672,102.43000030517578,174.49720764160156,88.50875854492188,50.28104782104492
2015-11-19,27.284006118774414,103.55999755859375,174.34664916992188,89.0987548828125,50.43574142456055
2015-11-20,27.55864906311035,103.08999633789062,174.9820098876953,88.82587432861328,51.06748580932617
2015-11-23,27.299705505371094,102.26000213623047,174.78140258789062,89.0987548828125,51.17705535888672
2015-11-24,27.44094467163086,102.94000244140625,175.0154571533203,89.09133911132812,50.90632247924805
2015-11-25,27.229080200195312,102.45999908447266,174.99034118652344,89.29781341552734,51.11260986328125
2015-11-27,26.632705688476562,101.25,175.1909942626953,89.2093505859375,51.557403564453125
2015-11-30,26.671947479248047,101.91999816894531,174.46371459960938,89.56331634521484,51.17705535888672
2015-12-01,26.87596893310547,102.27999877929688,176.1272735595703,90.7730712890625,51.88615798950195
2015-12-02,26.554235458374023,100.69000244140625,174.3299102783203,90.80265045166016,50.8289794921875
2015-12-03,26.40514373779297,101.76000213623047,171.88885498046875,88.33431243896484,50.029640197753906
2015-12-04,26.58562469482422,104.0199966430664,175.24111938476562,89.1103286743164,50.98367691040039
2015-12-07,26.146190643310547,102.66999816894531,174.17945861816406,89.97496795654297,50.841861724853516
2015-12-08,25.855852127075195,102.83999633789062,173.00901794433594,90.01930236816406,50.7967414855957
2015-12-09,25.643983840942383,102.63999938964844,171.6631317138672,89.92320251464844,50.513118743896484
2015-12-10,25.471351623535156,102.55000305175781,172.10614013671875,90.04145812988281,50.15211486816406
2015-12-11,24.75727653503418,103.11000061035156,168.7705535888672,91.46038818359375,50.061893463134766
2015-12-14,25.1574764251709,101.79000091552734,169.62327575683594,90.27794647216797,50.29393768310547
2015-12-15,25.54197120666504,101.5199966430664,171.4039764404297,89.74586486816406,50.841861724853516
2015-12-16,26.04418182373047,102.75,173.91197204589844,89.55371856689453,51.83458709716797
2015-12-17,25.706758499145508,100.5,171.26182556152344,90.5661849975586,51.57674026489258
2015-12-18,25.620447158813477,102.04000091552734,168.21078491210938,91.06871032714844,50.977237701416016
2015-12-21,25.820476531982422,103.1500015258789,169.59837341308594,91.04651641845703,51.17705535888672
2015-12-22,26.027673721313477,102.61000061035156,171.1373748779297,90.3887939453125,51.38335418701172
2015-12-23,26.394264221191406,102.30999755859375,173.25660705566406,89.70893096923828,51.911495208740234
2015-12-24,26.298629760742188,103.05000305175781,172.97071838378906,90.2228775024414,51.911495208740234
2015-12-28,26.11534309387207,102.2699966430664,172.57545471191406,90.489501953125,52.199092864990234
2015-12-29,26.139245986938477,102.19999694824219,174.4171600341797,88.98613739013672,52.75467300415039
2015-12-30,25.732816696166992,101.41999816894531,173.18092346191406,88.89723205566406,52.5716438293457
2015-12-31,25.653118133544922,101.45999908447266,171.448486328125,89.2971420288086,52.11412811279297
2016-01-04,24.951820373535156,102.88999938964844,169.05177307128906,89.94143676757812,51.48662567138672
2016-01-05,25.007606506347656,103.18000030517578,169.33766174316406,89.5785903930664,52.48014450073242
2016-01-06,24.52945327758789,104.66999816894531,167.20159912109375,90.78569030761719,52.33635711669922
2016-01-07,23.772371292114258,106.1500015258789,163.19020080566406,90.94857025146484,51.316680908203125
2016-01-08,23.517351150512695,105.68000030517578,161.39895629882812,91.35592651367188,50.630367279052734
2016-01-11,23.509380340576172,104.73999786376953,161.55873107910156,90.35615539550781,50.91795349121094
2016-01-12,23.55719757080078,104.20999908447266,162.8622283935547,91.65957641601562,50.578067779541016
2016-01-13,23.310150146484375,104.72000122070312,158.80030822753906,92.56305694580078,49.852542877197266
2016-01-14,23.61298370361328,103.0199966430664,161.40736389160156,91.69658660888672,49.73489761352539
2016-01-15,22.680572509765625,104.08000183105469,157.94256591796875,93.12583923339844,49.39500045776367
2016-01-19,23.01528549194336,103.9800033569336,158.1527557373047,92.83702850341797,49.656436920166016
2016-01-20,22.513219833374023,105.37000274658203,156.1260528564453,93.81460571289062,48.32305908203125
2016-01-21,22.600889205932617,105.48999786376953,157.0006103515625,93.17766571044922,48.59102249145508
2016-01-22,23.373905181884766,105.0,160.2216033935547,92.82217407226562,49.94405746459961
2016-01-25,22.97544288635254,106.08000183105469,157.79962158203125,93.32581329345703,49.63031005859375
2016-01-26,23.310150146484375,107.29000091552734,159.95248413085938,93.3702621459961,50.66960144042969
2016-01-27,23.23045539855957,107.69000244140625,158.21165466308594,93.34806060791016,49.68913269042969
2016-01-28,23.597043991088867,106.54000091552734,159.0358428955078,93.48135375976562,49.310035705566406
2016-01-29,24.362098693847656,106.94999694824219,162.9126434326172,94.27374267578125,50.32315444946289
2016-02-01,24.13098907470703,108.05000305175781,162.85382080078125,93.98514556884766,50.40813446044922
2016-02-02,23.34999656677246,108.08999633789062,159.9188232421875,95.728759765625,49.950599670410156
2016-02-03,24.011445999145508,109.25,160.8775177001953,94.93488311767578,50.283931732177734
2016-02-04,24.194738388061523,110.56999969482422,161.1298370361328,95.39488220214844,50.310096740722656
2016-02-05,23.915817260742188,112.31999969482422,158.06027221679688,95.50613403320312,49.355777740478516
2016-02-08,23.589073181152344,113.83000183105469,155.9326171875,97.5614013671875,47.94392776489258
2016-02-09,23.2623348236084,113.58000183105469,155.94102478027344,97.66534423828125,47.0615348815918
2016-02-10,23.357967376708984,114.45999908447266,155.8065185546875,98.52593994140625,47.38835144042969
2016-02-11,22.967466354370117,119.05999755859375,153.7797393798828,99.21605682373047,46.71510696411133
2016-02-12,23.365934371948242,118.36000061035156,156.95021057128906,97.56879425048828,47.25109100341797
2016-02-16,23.88393783569336,114.7699966430664,159.5992431640625,96.53744506835938,48.12042236328125
2016-02-17,24.354124069213867,115.4800033569336,162.2062530517578,95.94389343261719,48.53220748901367
2016-02-18,24.210681915283203,118.29000091552734,161.54185485839844,97.12360382080078,49.022430419921875
2016-02-19,24.099111557006836,117.58000183105469,161.46621704101562,97.20526885986328,49.30348587036133
2016-02-22,24.69681167602539,115.48999786376953,163.8041229248047,97.15332794189453,49.774105072021484
2016-02-23,24.170833587646484,117.22000122070312,161.73533630371094,97.54655456542969,49.64338302612305
2016-02-24,24.115049362182617,117.61000061035156,162.47535705566406,97.35363006591797,49.58455276489258
2016-02-25,24.194738388061523,117.91999816894531,164.44326782226562,97.7023696899414,50.59768295288086
2016-02-26,23.95566177368164,117.11000061035156,164.06480407714844,96.76006317138672,50.336238861083984
2016-02-29,24.162864685058594,118.63999938964844,162.7781219482422,97.18299102783203,50.1401481628418
2016-03-01,25.023542404174805,117.7699966430664,166.60452270507812,95.47175598144531,51.5519905090332
2016-03-02,25.358253479003906,118.68000030517578,167.3529815673828,95.86571502685547,51.92457580566406
2016-03-03,25.645145416259766,120.7300033569336,168.00892639160156,96.21514129638672,52.199092864990234
2016-03-04,26.155187606811523,120.54000091552734,168.5556182861328,95.59814453125,52.205631256103516
2016-03-07,26.11534309387207,121.13999938964844,168.6901397705078,95.56838989257812,52.3428840637207
2016-03-08,25.669055938720703,120.58000183105469,166.8484344482422,96.62399291992188,51.806915283203125
2016-03-09,25.828439712524414,119.58000183105469,167.6725616455078,96.03670501708984,52.09450912475586
2016-03-10,25.8682918548584,121.5,167.80718994140625,95.6427230834961,51.904964447021484
2016-03-11,26.41019630432129,119.41000366210938,170.5150604248047,94.67633056640625,53.06840896606445
2016-03-14,26.250816345214844,117.87000274658203,170.29638671875,94.97368621826172,53.074951171875
2016-03-15,25.876262664794922,117.95999908447266,170.01889038085938,95.06285858154297,53.101104736328125
2016-03-16,26.394264221191406,120.58999633789062,171.00277709960938,95.34534454345703,53.74166488647461
2016-03-17,26.976024627685547,120.12999725341797,172.08766174316406,95.73936462402344,54.499881744384766
2016-03-18,27.119462966918945,119.80000305175781,172.763916015625,95.94005584716797,54.26456832885742
2016-03-21,27.17525291442871,118.95999908447266,173.00904846191406,95.20413208007812,53.77480697631836
2016-03-22,27.111494064331055,119.30999755859375,172.9160919189453,95.18182373046875,53.77480697631836
2016-03-23,26.64927864074707,116.61000061035156,171.77487182617188,96.2597427368164,53.48398208618164
2016-03-24,26.58553123474121,116.33000183105469,171.6988067626953,96.29689025878906,53.50381851196289
2016-03-28,26.67318344116211,116.5999984741211,171.80029296875,96.42328643798828,53.986328125
2016-03-29,27.03977394104004,118.76000213623047,173.38946533203125,97.43424224853516,55.15618133544922
2016-03-30,27.318702697753906,117.0999984741211,174.15020751953125,96.40840911865234,55.050437927246094
2016-03-31,27.294795989990234,117.63999938964844,173.7275390625,97.09233093261719,55.387508392333984
2016-04-01,27.215099334716797,116.93000030517578,174.9110107421875,97.3455810546875,55.3148193359375
2016-04-04,26.88835906982422,116.1500015258789,174.3446502685547,97.4051284790039,55.23550033569336
2016-04-05,26.362384796142578,117.66000366210938,172.603271484375,98.47042846679688,54.87198257446289
2016-04-06,26.6811580657959,116.94000244140625,174.48834228515625,97.75523376464844,55.004180908203125
2016-04-07,26.147214889526367,118.61000061035156,172.400390625,98.9620361328125,54.66048049926758
2016-04-08,26.601465225219727,118.43000030517578,172.86537170410156,98.33631896972656,54.96451950073242
2016-04-11,26.944143295288086,120.02999877929688,172.4595947265625,98.20968627929688,54.85213088989258
2016-04-12,27.358543395996094,120.05000305175781,174.06568908691406,97.53178405761719,55.24871063232422
2016-04-13,27.84467315673828,118.7699966430664,175.8238983154297,97.87448120117188,55.004180908203125
2016-04-14,27.709190368652344,117.11000061035156,175.83236694335938,97.4051284790039,54.70011901855469
2016-04-15,27.549806594848633,117.91999816894531,175.63795471191406,98.23944091796875,55.10991668701172
2016-04-18,27.677318572998047,117.73999786376953,176.87210083007812,97.81483459472656,55.37429428100586
2016-04-19,28.099681854248047,119.58000183105469,177.42999267578125,97.5094223022461,55.40074157714844
2016-04-20,27.97218132019043,118.97000122070312,177.59902954101562,96.4367904663086,54.46220397949219
2016-04-21,27.69325828552246,119.41999816894531,176.6438446044922,95.86316680908203,53.4906005859375
2016-04-22,27.52589988708496,117.88999938964844,176.6438446044922,95.61739349365234,54.07221221923828
2016-04-25,27.35057830810547,118.2300033569336,176.33956909179688,95.22254943847656,54.52166748046875
2016-04-26,27.64543914794922,118.69999694824219,176.6016082763672,94.79054260253906,54.73317337036133
2016-04-27,27.812795639038086,119.04000091552734,176.96511840820312,95.73654174804688,54.70011901855469
2016-04-28,27.52589988708496,121.29000091552734,175.35903930664062,96.13137817382812,54.58776092529297
2016-04-29,27.4063663482666,123.6500015258789,174.41221618652344,96.37713623046875,54.085445404052734
2016-05-02,27.33462905883789,123.23999786376953,175.7985382080078,95.40684509277344,54.92484664916992
2016-05-03,26.561616897583008,122.95999908447266,174.26853942871094,96.60859680175781,55.01076126098633
2016-05-04,26.131275177001953,122.20999908447266,173.2964630126953,97.13848876953125,55.79729461669922
2016-05-05,26.123308181762695,122.06999969482422,173.2626190185547,97.78791046142578,55.955928802490234
2016-05-06,26.163148880004883,123.18000030517578,173.8966522216797,97.3698959350586,56.570613861083984
2016-05-09,25.828439712524414,120.6500015258789,174.0403289794922,97.67597198486328,57.1918830871582
2016-05-10,26.322534561157227,120.9800033569336,176.20431518554688,97.68335723876953,57.185306549072266
2016-05-11,26.25878143310547,122.12000274658203,174.5559539794922,98.23577117919922,55.96254348754883
2016-05-12,26.187061309814453,121.16000366210938,174.60662841796875,97.78791046142578,56.286415100097656
2016-05-13,25.71687126159668,121.70999908447266,173.08511352539062,98.73583984375,55.78409194946289
2016-05-16,26.027673721313477,121.80000305175781,174.7926788330078,97.88497161865234,56.312835693359375
2016-05-17,25.90813446044922,122.22000122070312,173.1612091064453,98.04916381835938,55.26852798461914
2016-05-18,25.653118133544922,120.0999984741211,173.21194458007812,96.65335083007812,54.402713775634766
2016-05-19,25.414033889770508,119.87000274658203,172.61175537109375,97.07134246826172,53.79462432861328
2016-05-20,25.669055938720703,119.70999908447266,173.7021942138672,97.14600372314453,54.22425842285156
2016-05-23,25.621246337890625,119.37000274658203,173.46551513671875,97.36247253417969,54.23085021972656
2016-05-24,25.88422393798828,117.30000305175781,175.7140350341797,96.92952728271484,54.905025482177734
2016-05-25,26.195030212402344,116.9800033569336,176.9058837890625,96.56381225585938,54.905025482177734
2016-05-26,26.370351791381836,116.58000183105469,176.95663452148438,97.06387329101562,55.01076126098633
2016-05-27,26.362384796142578,115.62000274658203,177.71746826171875,96.92205047607422,55.3082160949707
2016-05-31,26.394264221191406,116.05999755859375,177.37930297851562,97.15348815917969,55.301597595214844
2016-06-01,26.37832260131836,115.94000244140625,177.7427978515625,97.54761505126953,55.34786605834961
2016-06-02,26.593488693237305,115.66999816894531,178.28379821777344,98.25072479248047,55.63207244873047
2016-06-03,26.999923706054688,118.87999725341797,177.75119018554688,99.64938354492188,55.8568000793457
2016-06-06,27.286819458007812,118.91999816894531,178.6556854248047,98.9089126586914,55.42716979980469
2016-06-07,27.533870697021484,118.81999969482422,178.93463134765625,99.14825439453125,55.7642707824707
2016-06-08,27.733102798461914,120.58000183105469,179.5178985595703,99.6792984008789,56.12116241455078
2016-06-09,27.414325714111328,121.25,179.27279663085938,100.32255554199219,56.246742248535156
2016-06-10,26.72100257873535,121.73999786376953,177.57373046875,100.80866241455078,55.98237228393555
2016-06-13,26.346445083618164,122.63999938964844,176.20431518554688,101.25743865966797,55.9955940246582
2016-06-14,26.25878143310547,122.7699966430664,175.85769653320312,101.1826400756836,55.85017395019531
2016-06-15,26.53770637512207,123.68000030517578,175.6125946044922,101.57159423828125,56.37893295288086
2016-06-16,26.442081451416016,122.37999725341797,176.13665771484375,102.06525421142578,56.69618606567383
2016-06-17,26.51380157470703,123.94999694824219,175.48069763183594,101.429443359375,56.603660583496094
2016-06-20,26.983989715576172,123.20999908447266,176.61080932617188,100.34501647949219,56.6829719543457
2016-06-21,27.19118881225586,120.83999633789062,177.11216735839844,99.8812026977539,56.8990364074707
2016-06-22,27.26026153564453,120.9000015258789,176.82327270507812,100.04579162597656,56.812355041503906
2016-06-23,27.918880462646484,120.11000061035156,179.12594604492188,98.90140533447266,57.099117279052734
2016-06-24,26.224149703979492,126.0,172.69369506835938,101.55661010742188,56.592288970947266
2016-06-27,25.886812210083008,126.68000030517578,169.6007537841797,104.09217071533203,56.632286071777344
2016-06-28,26.64984130859375,125.31999969482422,172.65969848632812,104.30912017822266,57.826045989990234
2016-06-29,27.32451629638672,125.83999633789062,175.5996856689453,103.50878143310547,58.52623748779297
2016-06-30,27.597606658935547,126.47000122070312,177.9958038330078,103.8902359008789,59.13314437866211
2016-07-01,27.862655639648438,128.41000366210938,178.36972045898438,105.33269500732422,59.15315628051758
2016-07-05,27.26829719543457,129.47000122070312,177.0865936279297,106.6515121459961,59.80667495727539
2016-07-06,27.196008682250977,130.22999572753906,178.1488037109375,106.82386779785156,59.54659652709961
2016-07-07,27.123722076416016,129.74000549316406,178.03829956054688,106.81634521484375,58.93307113647461
2016-07-08,27.710046768188477,130.52000427246094,180.68939208984375,107.60316467285156,59.886722564697266
2016-07-11,27.975101470947266,129.2899932861328,181.3267059326172,106.65896606445312,60.286861419677734
2016-07-12,28.368667602539062,127.1500015258789,182.6437225341797,104.9055404663086,60.280174255371094
2016-07-13,28.32046890258789,128.32000732421875,182.61819458007812,106.14196014404297,60.61363983154297
2016-07-14,28.730098724365234,127.33000183105469,183.63790893554688,104.59833526611328,60.073448181152344
2016-07-15,28.665851593017578,126.83999633789062,183.39146423339844,103.69921875,60.09345626831055
2016-07-18,28.922866821289062,127.04000091552734,183.88429260253906,103.6017074584961,60.25349426269531
2016-07-19,28.62569236755371,127.20999908447266,183.69735717773438,104.1861801147461,60.546939849853516
2016-07-20,28.770254135131836,125.38999938964844,184.4620361328125,103.61676788330078,60.5536003112793
2016-07-21,28.68190574645996,127.30000305175781,183.76535034179688,103.82649993896484,60.673667907714844
2016-07-22,28.890745162963867,126.3499984741211,184.5895538330078,104.0063705444336,61.207157135009766
2016-07-25,28.601587295532227,125.47000122070312,184.0881805419922,103.93143463134766,61.09379196166992
2016-07-26,28.826478958129883,126.0,184.17318725585938,104.09635925292969,60.79368209838867
2016-07-27,28.922866821289062,128.02999877929688,183.977783203125,105.39266204833984,60.32017135620117
2016-07-28,28.93089485168457,127.66000366210938,184.190185546875,105.19779205322266,60.88038635253906
2016-07-29,29.083511352539062,128.97999572753906,184.48756408691406,106.07452392578125,61.65396499633789
2016-08-01,29.027278900146484,129.22000122070312,184.3346405029297,104.92445373535156,61.78734588623047
2016-08-02,28.818449020385742,130.27000427246094,183.15354919433594,103.84346008300781,60.80033874511719
2016-08-03,28.91483497619629,129.64999389648438,183.6888427734375,103.90348815917969,60.446903228759766
2016-08-04,29.075477600097656,129.8699951171875,183.88429260253906,104.6842041015625,60.20013427734375
2016-08-05,29.412811279296875,127.55000305175781,185.3882293701172,103.59574890136719,60.24018859863281
2016-08-08,29.621646881103516,127.44000244140625,185.2777862548828,103.79088592529297,60.346858978271484
2016-08-09,29.822437286376953,127.95999908447266,185.3882293701172,104.81188201904297,60.673667907714844
2016-08-10,29.830474853515625,128.55999755859375,184.92938232421875,105.21717834472656,60.6069450378418
2016-08-11,30.216001510620117,127.66999816894531,185.78761291503906,104.27881622314453,59.92005920410156
2016-08-12,30.103557586669922,127.4000015258789,185.6261749267578,105.15717315673828,60.17348098754883
2016-08-15,30.41680145263672,127.83999633789062,186.1614990234375,104.1662826538086,60.11344528198242
2016-08-16,30.280254364013672,128.47000122070312,185.20135498046875,103.88855743408203,59.39323043823242
2016-08-17,30.08749008178711,128.5,185.54966735839844,104.5115737915039,59.63328552246094
2016-08-18,30.368608474731445,129.11000061035156,185.96600341796875,104.6767349243164,59.41322326660156
2016-08-19,30.199935913085938,127.97000122070312,185.69410705566406,104.12871551513672,59.03309631347656
2016-08-22,29.79833984375,127.77999877929688,185.6856231689453,105.0070571899414,59.353214263916016
2016-08-23,29.67786979675293,127.76000213623047,186.0595703125,105.11962890625,59.38654708862305
2016-08-24,29.758188247680664,126.33999633789062,185.1078643798828,104.87190246582031,59.12648010253906
2016-08-25,29.782283782958984,126.2300033569336,184.98040771484375,104.47406005859375,59.39323043823242
2016-08-26,29.525259017944336,126.05000305175781,184.63198852539062,103.86592102050781,58.806365966796875
2016-08-29,29.750160217285156,126.30000305175781,185.5411834716797,105.25470733642578,59.38654708862305
2016-08-30,29.66983985900879,125.02999877929688,185.2353515625,104.84937286376953,59.273170471191406
2016-08-31,29.34052848815918,124.77999877929688,184.70849609375,104.9995346069336,59.33319091796875
2016-09-01,29.56542205810547,125.29000091552734,184.7169952392578,105.1153335571289,59.18647766113281
2016-09-02,30.047327041625977,126.56999969482422,185.54966735839844,104.25800323486328,59.69999313354492
2016-09-06,30.689884185791016,128.7100067138672,186.11050415039062,105.01754760742188,60.160118103027344
2016-09-07,30.593505859375,128.27000427246094,186.09352111816406,104.94232177734375,60.520267486572266
2016-09-08,30.51319122314453,127.58999633789062,185.6686248779297,103.6262435913086,59.779991149902344
2016-09-09,29.485097885131836,126.75,181.2247314453125,101.9190902709961,57.41254806518555
2016-09-12,29.68589210510254,126.58999633789062,183.8247833251953,101.97177124023438,58.0927848815918
2016-09-13,28.938932418823242,125.75,181.18218994140625,100.81354522705078,56.634273529052734
2016-09-14,29.027278900146484,126.18000030517578,181.1142578125,100.96398162841797,56.81558609008789
2016-09-15,29.525259017944336,125.37000274658203,182.9241485595703,100.52776336669922,57.030460357666016
2016-09-16,29.324466705322266,125.05999755859375,182.2169952392578,101.34000396728516,57.057334899902344
2016-09-19,29.55738639831543,125.31999969482422,182.25112915039062,101.00910186767578,57.574378967285156
2016-09-20,29.573448181152344,125.44000244140625,182.25967407226562,101.3625717163086,57.48708724975586
2016-09-21,30.400741577148438,127.2699966430664,184.30929565429688,102.18232727050781,58.22576141357422
2016-09-22,30.617599487304688,127.56999969482422,185.4707489013672,102.99451446533203,59.26655578613281
2016-09-23,30.22403335571289,127.6500015258789,184.4544219970703,102.89673614501953,59.44786071777344
2016-09-26,29.782283782958984,127.55000305175781,182.96002197265625,103.55107879638672,59.588890075683594
2016-09-27,30.207969665527344,126.62000274658203,184.0958709716797,104.31061553955078,58.95766067504883
2016-09-28,30.481054306030273,126.22000122070312,185.0095977783203,104.08504486083984,59.441158294677734
2016-09-29,29.950946807861328,126.06999969482422,183.33572387695312,104.34827423095703,58.64878463745117
2016-09-30,30.079463958740234,125.63999938964844,184.71922302246094,103.41565704345703,58.245887756347656
2016-10-03,30.288288116455078,125.31999969482422,184.27508544921875,103.07439422607422,57.158050537109375
2016-10-04,29.950946807861328,120.97000122070312,183.33572387695312,101.86897277832031,56.379112243652344
2016-10-05,30.38467025756836,120.77999877929688,184.1470489501953,101.394287109375,55.237552642822266
2016-10-06,30.408767700195312,119.66000366210938,184.27508544921875,100.82923889160156,55.2577018737793
2016-10-07,30.272220611572266,119.73999786376953,183.64317321777344,100.89703369140625,55.16368865966797
2016-10-10,30.601533889770508,120.16000366210938,184.59963989257812,100.30187225341797,55.50614929199219
2016-10-11,29.894731521606445,119.55000305175781,182.2681884765625,100.0758285522461,54.968971252441406
2016-10-12,29.838497161865234,119.73999786376953,182.5073699951172,100.17377471923828,55.60017013549805
2016-10-13,29.573448181152344,120.02999877929688,181.9095001220703,100.55048370361328,56.03664779663086
2016-10-14,29.621646881103516,119.36000061035156,182.00350952148438,99.14157104492188,55.78819274902344
2016-10-17,29.589519500732422,119.68000030517578,181.3715362548828,99.77442169189453,55.90906524658203
2016-10-18,30.11158561706543,120.41999816894531,182.5073699951172,100.0984115600586,56.264957427978516
2016-10-19,30.29631805419922,121.11000061035156,182.99411010742188,100.1812973022461,56.38581466674805
2016-10-20,30.207969665527344,120.73999786376953,182.65252685546875,100.28678894042969,56.25823974609375
2016-10-21,30.199935913085938,120.83000183105469,182.73793029785156,100.43743896484375,56.050079345703125
2016-10-24,30.328447341918945,120.55999755859375,183.51513671875,100.00053405761719,56.17765808105469
2016-10-25,30.36057472229004,121.47000122070312,182.9002227783203,100.26419067382812,56.07695007324219
2016-10-26,30.039302825927734,120.79000091552734,182.53297424316406,99.58612060546875,55.34499740600586
2016-10-27,29.782283782958984,121.01000213623047,182.0462188720703,98.50120544433594,53.894569396972656
2016-10-28,29.66179656982422,121.58000183105469,181.50819396972656,98.28266906738281,54.02214050292969
2016-10-31,29.830474853515625,121.94000244140625,181.5167236328125,98.88545989990234,54.901817321777344
2016-11-01,29.589519500732422,122.7300033569336,180.2015838623047,98.89292907714844,53.7065544128418
2016-11-02,29.23611068725586,123.63999938964844,179.11697387695312,99.32327270507812,52.92088317871094
2016-11-03,29.15578842163086,124.30000305175781,178.29713439941406,98.56085968017578,52.51127243041992
2016-11-04,28.85861587524414,124.38999938964844,178.10073852539062,99.44397735595703,52.92759704589844
2016-11-07,29.90275764465332,122.1500015258789,182.02911376953125,98.59862518310547,53.85428237915039
2016-11-08,30.095531463623047,121.63999938964844,182.84893798828125,98.19850158691406,54.13630294799805
2016-11-09,29.115625381469727,121.55999755859375,184.7875213623047,94.03174591064453,53.31707763671875
2016-11-10,28.288352966308594,119.75,185.2487030029297,92.6428451538086,52.423980712890625
2016-11-11,27.75020980834961,117.0999984741211,184.82171630859375,92.1219711303711,52.739585876464844
2016-11-14,27.54940414428711,116.11000061035156,184.9668731689453,91.57089233398438,53.98856735229492
2016-11-15,28.103612899780273,117.12000274658203,186.4100799560547,92.0238265991211,53.53866195678711
2016-11-16,27.870691299438477,116.7699966430664,186.05995178222656,92.85416412353516,53.384239196777344
2016-11-17,27.910850524902344,116.16999816894531,187.0164794921875,91.48787689208984,52.84031677246094
2016-11-18,27.782339096069336,115.1500015258789,186.5980224609375,91.22370147705078,52.99476623535156
2016-11-21,28.055419921875,115.58000183105469,188.00711059570312,91.45012664794922,52.83359909057617
2016-11-22,28.481115341186523,115.54000091552734,188.3743133544922,91.41996765136719,53.760257720947266
2016-11-23,28.1759033203125,113.25,188.47682189941406,91.065185546875,53.531951904296875
2016-11-25,28.312442779541016,112.61000061035156,189.17709350585938,91.20109558105469,53.84084701538086
2016-11-28,28.424888610839844,113.80000305175781,188.28890991210938,91.87283325195312,54.08930206298828
2016-11-29,28.46504783630371,113.2699966430664,188.65611267089844,92.2578353881836,54.606353759765625
2016-11-30,28.51323699951172,111.75,188.2035369873047,90.7632827758789,53.98188018798828
2016-12-01,28.1759033203125,111.54000091552734,187.5117645263672,89.80490112304688,53.18949508666992
2016-12-02,28.208026885986328,112.13999938964844,187.60568237304688,90.46292114257812,53.719974517822266
2016-12-05,28.44095230102539,111.54000091552734,188.73297119140625,90.36463165283203,54.11616897583008
2016-12-06,28.593564987182617,111.43000030517578,189.33078002929688,90.2965087890625,54.46534729003906
2016-12-07,29.075477600097656,111.83000183105469,191.8074188232422,91.06806945800781,55.553165435791016
2016-12-08,29.203983306884766,111.56999969482422,192.27706909179688,89.99403381347656,55.935943603515625
2016-12-09,29.051376342773438,110.4000015258789,193.4385528564453,88.87456512451172,55.87550354003906
2016-12-12,28.85861587524414,110.81999969482422,193.2164306640625,89.04096984863281,56.244808197021484
2016-12-13,29.179885864257812,110.44999694824219,194.5059356689453,89.3586654663086,56.217960357666016
2016-12-14,28.312442779541016,108.83000183105469,192.90054321289062,88.3602294921875,54.98912048339844
2016-12-15,28.360639572143555,107.33999633789062,193.6947021484375,88.80647277832031,54.66679000854492
2016-12-16,28.232126235961914,108.05000305175781,193.31581115722656,88.60225677490234,55.48601531982422
2016-12-19,28.039358139038086,108.58999633789062,193.73680114746094,89.55531311035156,56.08364486694336
2016-12-20,28.135738372802734,107.79000091552734,194.48419189453125,89.10905456542969,56.211238861083984
2016-12-21,28.018754959106445,107.8499984741211,193.94296264648438,89.50235748291016,55.35844802856445
2016-12-22,27.685686111450195,107.58999633789062,193.60794067382812,89.34233856201172,55.26588439941406
2016-12-23,27.848154067993164,107.93000030517578,193.8914337158203,89.52434539794922,55.409854888916016
2016-12-27,27.970014572143555,108.55999755859375,194.3725128173828,89.23616790771484,55.52640151977539
2016-12-28,28.181232452392578,108.86000061035156,192.76611328125,89.88832092285156,55.19046401977539
2016-12-29,28.644285202026367,110.29000091552734,192.72317504882812,90.20687103271484,55.87605667114258
2016-12-30,28.441190719604492,109.61000061035156,192.0187225341797,90.3433609008789,56.58221435546875
2017-01-03,28.782392501831055,110.47000122070312,193.48768615722656,90.7301025390625,56.767330169677734
2017-01-04,29.00172996520996,110.86000061035156,194.63870239257812,91.0789794921875,57.596920013427734
2017-01-05,29.31856346130371,112.58000183105469,194.48419189453125,92.50469970703125,57.78203582763672
2017-01-06,29.19670295715332,111.75,195.17991638183594,91.65536499023438,57.788875579833984
2017-01-09,29.172327041625977,112.66999816894531,194.53565979003906,92.39093017578125,57.267818450927734
2017-01-10,29.342924118041992,113.1500015258789,194.53565979003906,92.33025360107422,56.78104782104492
2017-01-11,29.69225311279297,113.5,195.08547973632812,92.6412124633789,56.43140411376953
2017-01-12,29.822221755981445,113.91000366210938,194.59580993652344,92.43647003173828,56.71933364868164
2017-01-13,29.797853469848633,114.20999908447266,195.04254150390625,91.99661254882812,56.63706970214844
2017-01-17,29.781604766845703,115.8499984741211,194.35528564453125,92.95978546142578,57.07585144042969
2017-01-18,29.6191349029541,114.87000274658203,194.78480529785156,91.76908874511719,57.17182922363281
2017-01-19,29.529783248901367,114.7699966430664,194.06320190429688,91.13964080810547,56.5890998840332
2017-01-20,29.586633682250977,115.05000305175781,194.7762908935547,90.95763397216797,57.000423431396484
2017-01-23,30.02532196044922,115.79000091552734,194.26939392089844,91.86769104003906,57.480350494384766
2017-01-24,30.212167739868164,115.2699966430664,195.51499938964844,91.23825073242188,57.49406051635742
2017-01-25,30.54523468017578,114.31999969482422,197.20730590820312,90.09313201904297,57.116981506347656
2017-01-26,30.41525650024414,113.26000213623047,197.00108337402344,90.39649200439453,57.007293701171875
2017-01-27,30.43963050842285,113.48999786376953,196.69186401367188,90.72254180908203,56.451969146728516
2017-01-30,30.27716064453125,113.97000122070312,195.47203063964844,90.44953918457031,56.068023681640625
2017-01-31,30.334028244018555,115.55000305175781,195.454833984375,91.0789794921875,56.472537994384766
2017-02-01,30.350265502929688,115.19999694824219,195.53221130371094,90.51583862304688,55.79378890991211
2017-02-02,30.480249404907227,115.83999633789062,195.6610107421875,90.47782135009766,56.45882034301758
2017-02-03,30.66709327697754,116.12999725341797,197.00975036621094,90.4397964477539,56.767330169677734
2017-02-06,30.593984603881836,117.69999694824219,196.65748596191406,90.98702239990234,56.671329498291016
2017-02-07,30.43963050842285,117.45999908447266,196.6661376953125,91.65581512451172,56.472537994384766
2017-02-08,30.62647819519043,118.19000244140625,196.92379760742188,92.90223693847656,56.91816711425781
2017-02-09,30.76458168029785,117.29000091552734,198.09210205078125,91.83061981201172,57.055301666259766
2017-02-10,31.048913955688477,117.5999984741211,198.87379455566406,91.77740478515625,57.45978546142578
2017-02-13,31.146394729614258,116.80000305175781,199.9562225341797,91.48860931396484,57.480350494384766
2017-02-14,31.178892135620117,116.93000030517578,200.7550506591797,90.82746887207031,57.178680419921875
2017-02-15,31.430723190307617,117.44999694824219,201.8031005859375,90.40945434570312,56.98673629760742
2017-02-16,31.31699562072754,118.08000183105469,201.63125610351562,90.90338897705078,57.32267379760742
2017-02-17,31.18701171875,117.68000030517578,201.9490509033203,91.44303894042969,57.4323616027832
2017-02-21,31.5282039642334,117.75,203.15179443359375,91.2834243774414,58.165958404541016
2017-02-22,31.625696182250977,117.91000366210938,202.97137451171875,91.43541717529297,57.9739875793457
2017-02-23,31.633819580078125,118.94000244140625,203.10879516601562,91.70902252197266,58.27564239501953
2017-02-24,31.2601261138916,119.69999694824219,203.36654663085938,92.72744750976562,58.54987335205078
2017-02-27,31.162643432617188,119.12000274658203,203.6843719482422,92.18017578125,58.85839080810547
2017-02-28,30.862070083618164,119.2300033569336,203.13455200195312,92.52224731445312,58.45388412475586
2017-03-01,31.341371536254883,119.05999755859375,205.9779815673828,90.97186279296875,58.27564239501953
2017-03-02,30.788951873779297,117.58000183105469,204.68080139160156,90.64450073242188,57.960269927978516
2017-03-03,31.0245361328125,117.51000213623047,204.80967712402344,90.88050842285156,57.73402786254883
2017-03-06,31.040782928466797,116.72000122070312,204.1997833251953,90.44648742675781,57.4734992980957
2017-03-07,31.073280334472656,115.77999877929688,203.58984375,90.17231750488281,57.19925308227539
2017-03-08,30.78082847595215,115.05999755859375,203.21189880371094,89.68502807617188,56.143455505371094
2017-03-09,30.537126541137695,114.47000122070312,203.46957397460938,88.96923065185547,55.300167083740234
2017-03-10,30.878313064575195,114.72000122070312,204.18251037597656,89.28144073486328,55.128753662109375
2017-03-13,31.308876037597656,114.73999786376953,204.28565979003906,88.71795654296875,55.26588439941406
2017-03-14,31.13015365600586,114.12000274658203,203.5039825439453,89.14437866210938,55.252166748046875
2017-03-15,31.942522048950195,116.25,205.2649688720703,90.23329162597656,56.369686126708984
2017-03-16,32.13749694824219,116.7300033569336,204.8612518310547,89.77637481689453,56.25999069213867
2017-03-17,32.08062744140625,116.98999786376953,204.5014190673828,90.3398208618164,56.520530700683594
2017-03-20,32.454315185546875,117.51000213623047,204.27719116210938,90.72817993164062,56.472537994384766
2017-03-21,32.096866607666016,118.54000091552734,201.65426635742188,91.48208618164062,56.225711822509766
2017-03-22,32.251220703125,118.83000183105469,202.12884521484375,91.8475570678711,56.19464111328125
2017-03-23,32.25934982299805,118.66999816894531,201.9131317138672,91.7181167602539,56.6090087890625
2017-03-24,32.34059524536133,118.86000061035156,201.7665252685547,92.04551696777344,56.546844482421875
2017-03-27,32.251220703125,119.52999877929688,201.55938720703125,92.46436309814453,56.035789489746094
2017-03-28,32.34059524536133,119.04000091552734,203.026123046875,91.8475570678711,56.27750778198242
2017-03-29,32.39745330810547,119.33000183105469,203.21591186523438,92.39578247070312,56.59519577026367
2017-03-30,32.22685241699219,118.47000122070312,203.86297607421875,91.64958190917969,56.69877624511719
2017-03-31,31.999385833740234,118.72000122070312,203.38848876953125,91.9161148071289,57.03716278076172
2017-04-03,32.1781120300293,119.3499984741211,203.03475952148438,92.84325408935547,57.202911376953125
2017-04-04,32.194358825683594,119.62000274658203,203.16412353515625,92.33961486816406,57.202911376953125
2017-04-05,32.096866607666016,119.62000274658203,202.5601806640625,92.6219482421875,57.285789489746094
2017-04-06,32.040008544921875,119.18000030517578,203.12960815429688,92.48455810546875,57.58966064453125
2017-04-07,31.983139038085938,119.45999908447266,202.9225616455078,92.11067962646484,57.67254638671875
2017-04-10,31.853164672851562,119.45999908447266,203.0433807373047,92.5379638671875,58.0316276550293
2017-04-11,31.780052185058594,121.19000244140625,202.80181884765625,93.41555786132812,58.43218994140625
2017-04-12,31.934406280517578,122.0199966430664,201.9131317138672,93.92679595947266,58.32861328125
2017-04-13,31.796297073364258,122.5999984741211,200.60171508789062,94.21678161621094,58.1973876953125
2017-04-17,32.129371643066406,122.23999786376953,202.37904357910156,93.92679595947266,58.90182113647461
2017-04-18,31.723180770874023,122.81999969482422,201.7750701904297,95.15536499023438,59.06066131591797
2017-04-19,31.5282039642334,121.7300033569336,201.4041290283203,94.63646697998047,58.97777557373047
2017-04-20,31.918148040771484,121.95999908447266,203.0433807373047,94.27017974853516,58.98466110229492
2017-04-21,31.918148040771484,122.30999755859375,202.39633178710938,94.27017974853516,58.77060317993164
2017-04-24,32.37308120727539,121.4800033569336,204.6221923828125,93.80469512939453,58.121437072753906
2017-04-25,32.65741729736328,120.25,205.81283569335938,92.67538452148438,58.363128662109375
2017-04-26,32.53555679321289,120.83999633789062,205.68341064453125,93.18660736083984,57.928062438964844
2017-04-27,32.494937896728516,120.38999938964844,205.85601806640625,93.15609741210938,57.77611541748047
2017-04-28,32.5436897277832,120.7699966430664,205.40737915039062,93.36212921142578,57.17530059814453
2017-05-01,32.73051834106445,119.66999816894531,205.92503356933594,92.58602905273438,57.51369857788086
2017-05-02,32.96611404418945,119.6500015258789,206.00265502929688,93.06009674072266,57.4169921875
2017-05-03,32.74677658081055,117.9800033569336,205.75244140625,93.1212387084961,56.65043258666992
2017-05-04,32.381195068359375,116.79000091552734,205.9940185546875,92.66243743896484,56.374183654785156
2017-05-05,32.64927673339844,117.01000213623047,206.80506896972656,92.74653625488281,56.90596389770508
2017-05-08,32.64116668701172,116.75,206.77053833007812,92.24189758300781,56.50541305541992
2017-05-09,33.055477142333984,116.05000305175781,206.5806884765625,92.23424530029297,56.20153045654297
2017-05-10,33.27481460571289,116.04000091552734,206.95169067382812,92.12722778320312,56.64353561401367
2017-05-11,33.34792709350586,116.5,206.52899169921875,92.12722778320312,56.360389709472656
2017-05-12,33.48603057861328,116.83000183105469,206.18377685546875,92.82303619384766,56.13249206542969
2017-05-15,33.827232360839844,117.13999938964844,207.32269287109375,92.57067108154297,56.29823684692383
2017-05-16,33.859718322753906,117.6500015258789,207.13290405273438,92.91480255126953,55.918399810791016
2017-05-17,33.28294372558594,119.79000091552734,203.45748901367188,94.26825714111328,56.14627456665039
2017-05-18,32.73051834106445,118.80999755859375,204.27719116210938,94.37528228759766,56.457054138183594
2017-05-19,33.42917251586914,119.4000015258789,205.60581970214844,94.59705352783203,56.760921478271484
2017-05-22,33.46166229248047,119.9000015258789,206.64971923828125,94.33706665039062,56.98193359375
2017-05-23,33.49415969848633,119.13999938964844,207.10699462890625,93.7024154663086,57.03028106689453
2017-05-24,33.62413787841797,119.61000061035156,207.59017944335938,94.23004913330078,57.492977142333984
2017-05-25,33.7866096496582,119.4800033569336,208.58236694335938,94.26058959960938,57.499881744384766
2017-05-26,33.90847396850586,120.54000091552734,208.5392303466797,94.42121124267578,57.08550262451172
2017-05-30,33.72974395751953,120.13999938964844,208.35806274414062,94.88762664794922,56.726409912109375
2017-05-31,33.46978759765625,120.62000274658203,208.30624389648438,95.12467193603516,56.760921478271484
2017-06-01,33.754119873046875,120.72000122070312,209.96275329589844,95.13463592529297,57.057884216308594
2017-06-02,33.92470932006836,121.61000061035156,210.66159057617188,96.26107025146484,57.6449089050293
2017-06-05,33.884098052978516,121.7300033569336,210.50628662109375,95.66339874267578,57.39629364013672
2017-06-06,33.900333404541016,123.0999984741211,209.8333282470703,96.18444061279297,57.12004852294922
2017-06-07,33.859718322753906,122.44999694824219,210.22158813476562,95.72467803955078,57.520599365234375
2017-06-08,34.06282043457031,121.6500015258789,210.32510375976562,95.4718246459961,57.38246154785156
2017-06-09,33.80286407470703,120.54000091552734,210.00587463378906,95.32624816894531,57.78303909301758
2017-06-12,33.62413787841797,120.36000061035156,209.96275329589844,95.29553985595703,58.300968170166016
2017-06-13,33.7866096496582,120.4800033569336,210.98947143554688,95.31090545654297,58.43218994140625
2017-06-14,33.778499603271484,119.81999969482422,210.7220001220703,96.78213500976562,58.515071868896484
2017-06-15,33.42917251586914,119.31999969482422,210.3165283203125,96.62891387939453,58.81203842163086
2017-06-16,33.48603057861328,119.33999633789062,210.36241149902344,96.82048034667969,58.66010284423828
2017-06-19,33.81910705566406,118.43000030517578,212.11370849609375,96.68254852294922,58.666996002197266
2017-06-20,33.445316314697266,118.18000030517578,210.6832275390625,97.54847717285156,58.52886962890625
2017-06-21,33.518768310546875,118.5199966430664,210.6311798095703,97.74767303466797,58.41147232055664
2017-06-22,33.69015121459961,118.91999816894531,210.5358123779297,97.96226501464844,58.466739654541016
2017-06-23,33.86971664428711,119.43000030517578,210.78724670410156,97.916259765625,58.66963195800781
2017-06-26,34.1961669921875,118.36000061035156,210.9259796142578,98.2840805053711,59.08792495727539
2017-06-27,33.7962532043457,118.80999755859375,209.22674560546875,97.2342529296875,58.55805969238281
2017-06-28,34.05741500854492,118.9000015258789,211.09934997558594,96.91243743896484,58.697486877441406
2017-06-29,33.624874114990234,118.31999969482422,209.24411010742188,96.10018157958984,58.028175354003906
2017-06-30,33.779930114746094,118.0199966430664,209.63417053222656,95.87796783447266,58.028175354003906
2017-07-03,33.97580337524414,116.08999633789062,209.98963928222656,95.56926727294922,58.76723098754883
2017-07-05,33.91051483154297,116.5199966430664,210.4751739501953,95.59230041503906,57.93755340576172
2017-07-06,33.502445220947266,116.47000122070312,208.5504608154297,94.80139923095703,56.849910736083984
2017-07-07,33.56774139404297,115.27999877929688,209.90292358398438,94.23316192626953,57.17062759399414
2017-07-10,33.88603210449219,115.47000122070312,210.1283416748047,94.37139129638672,56.64772415161133
2017-07-11,34.16352081298828,115.62000274658203,209.9723358154297,94.53266143798828,56.58499526977539
2017-07-12,34.824588775634766,116.02999877929688,211.5501708984375,95.18533325195312,57.282188415527344
2017-07-13,34.9959831237793,115.81999969482422,211.90560913085938,94.58638763427734,57.37281799316406
2017-07-14,35.43669509887695,116.7699966430664,212.89401245117188,94.70157623291016,57.923606872558594
2017-07-17,35.27346420288086,117.29000091552734,212.8679656982422,94.962646484375,58.390724182128906
2017-07-18,35.37956619262695,118.11000061035156,212.980712890625,95.79193115234375,58.26523971557617
2017-07-19,35.673370361328125,118.08000183105469,214.13375854492188,95.83033752441406,58.70448684692383
2017-07-20,35.63255310058594,118.23999786376953,214.22915649414062,96.10678100585938,58.43256759643555
2017-07-21,35.60808181762695,119.26000213623047,214.0384063720703,96.51376342773438,58.390724182128906
2017-07-24,35.71417236328125,119.30999755859375,213.98641967773438,96.13748931884766,58.27919006347656
2017-07-25,35.62440872192383,118.91999816894531,214.50660705566406,94.8858642578125,58.35586929321289
2017-07-26,35.918212890625,119.87999725341797,214.51524353027344,95.0394058227539,58.76026916503906
2017-07-27,35.72234344482422,119.79000091552734,214.31588745117188,94.57098388671875,58.829986572265625
2017-07-28,35.706024169921875,120.69000244140625,214.0644073486328,95.13156127929688,58.66963195800781
2017-07-31,35.74681854248047,120.75,213.94300842285156,95.24675750732422,58.74630355834961
2017-08-01,35.852928161621094,120.6500015258789,214.4197998046875,95.91549682617188,59.0112419128418
2017-08-02,35.88557815551758,120.4000015258789,214.52386474609375,95.9693374633789,58.474403381347656
2017-08-03,35.73866271972656,120.58999633789062,214.10780334472656,96.96208190917969,58.35586929321289
2017-08-04,35.86924362182617,119.6500015258789,214.4979248046875,96.13863372802734,58.55109405517578
2017-08-07,36.11408233642578,119.51000213623047,214.89669799804688,96.24639129638672,58.48834991455078
2017-08-08,36.12225341796875,119.86000061035156,214.36785888671875,95.90008544921875,58.209468841552734
2017-08-09,35.79578399658203,121.30999755859375,214.35916137695312,96.42340087890625,58.01426315307617
2017-08-10,34.94700241088867,122.20999908447266,211.33348083496094,97.2468032836914,57.59591293334961
2017-08-11,35.028621673583984,122.79000091552734,211.6455841064453,97.29296112060547,57.240352630615234
2017-08-14,35.38772201538086,121.91999816894531,213.74366760253906,96.79273986816406,58.195518493652344
2017-08-15,35.42852020263672,120.9800033569336,213.71763610839844,96.3848876953125,58.02122116088867
2017-08-16,35.79578399658203,121.87000274658203,214.09042358398438,96.7389144897461,58.25130844116211
2017-08-17,35.338748931884766,122.48999786376953,210.75253295898438,97.4622802734375,57.88877487182617
2017-08-18,35.64073181152344,122.30000305175781,210.42315673828125,97.43917083740234,57.3030891418457
2017-08-21,35.771305084228516,122.76000213623047,210.58786010742188,97.67774200439453,57.9166374206543
2017-08-22,36.171207427978516,122.20999908447266,212.7899932861328,97.3006591796875,57.74930953979492
2017-08-23,36.34259796142578,122.66999816894531,212.0270233154297,97.96246337890625,58.34193801879883
2017-08-24,36.456871032714844,122.29000091552734,211.53289794921875,97.60079956054688,58.16065216064453
2017-08-25,36.6690673828125,122.73999786376953,212.0270233154297,97.97784423828125,58.43953323364258
2017-08-28,36.538482666015625,124.69000244140625,212.0357208251953,97.916259765625,57.993316650390625
2017-08-29,36.47319030761719,124.41999816894531,212.27850341796875,98.23181915283203,57.930564880371094
2017-08-30,36.530311584472656,124.36000061035156,213.2841033935547,98.20100402832031,58.258262634277344
2017-08-31,36.58744430541992,125.81999969482422,214.56729125976562,98.49341583251953,58.59293746948242
2017-09-01,36.856773376464844,126.05999755859375,214.87069702148438,97.74004364013672,58.795127868652344
2017-09-05,36.375247955322266,127.45999908447266,213.32748413085938,99.29000091552734,58.634761810302734
2017-09-06,36.6119270324707,126.80999755859375,214.05575561523438,98.68085479736328,58.78815841674805
2017-09-07,36.88125228881836,128.1300048828125,214.02967834472656,99.6910400390625,59.16464614868164
2017-09-08,36.63640594482422,127.97000122070312,213.77830505371094,99.47508239746094,59.213436126708984
2017-09-11,37.126094818115234,126.19000244140625,216.0584259033203,98.28755950927734,59.757259368896484
2017-09-12,37.08528137207031,126.55999755859375,216.78672790527344,97.7708740234375,59.05307388305664
2017-09-13,36.88941955566406,125.61000061035156,216.89077758789062,97.38536834716797,58.899696350097656
2017-09-14,36.98735427856445,126.16000366210938,216.82138061523438,97.78630065917969,59.38772201538086
2017-09-15,37.20771026611328,125.52999877929688,217.11326599121094,97.82492065429688,59.499290466308594
2017-09-18,37.338294982910156,124.36000061035156,217.57505798339844,97.261962890625,59.1785888671875
2017-09-19,37.41990280151367,124.62000274658203,217.79287719726562,97.02291107177734,58.78815841674805
2017-09-20,37.24851608276367,123.62000274658203,217.87123107910156,97.09230041503906,58.62778091430664
2017-09-21,37.24851608276367,122.68000030517578,217.28749084472656,97.03831481933594,58.51622772216797
2017-09-22,37.036312103271484,123.23999786376953,217.33111572265625,97.3159408569336,58.10346603393555
2017-09-25,36.407894134521484,124.52999877929688,216.88673400878906,97.92512512207031,58.44157791137695
2017-09-26,36.309959411621094,123.13999938964844,217.01744079589844,97.74774169921875,58.54018783569336
2017-09-27,36.179386138916016,121.9800033569336,217.862548828125,96.2749252319336,58.011898040771484
2017-09-28,36.15489196777344,122.20999908447266,218.1239471435547,95.98963928222656,58.406349182128906
2017-09-29,36.571128845214844,121.58000183105469,218.89065551757812,96.20551300048828,58.526084899902344
2017-10-02,36.579280853271484,120.7699966430664,219.8404083251953,96.02932739257812,58.44157791137695
2017-10-03,37.15873718261719,120.83000183105469,220.3108367919922,96.12210083007812,58.35704040527344
2017-10-04,37.15058517456055,121.16999816894531,220.57225036621094,96.12980651855469,58.65288162231445
2017-10-05,37.42806625366211,120.5199966430664,221.879150390625,95.7666015625,58.86418914794922
2017-10-06,37.240352630615234,121.08999633789062,221.62644958496094,95.49617004394531,58.67402648925781
2017-10-09,37.21586608886719,122.08000183105469,221.26052856445312,95.79753112792969,58.814903259277344
2017-10-10,37.58313751220703,122.4000015258789,221.8442840576172,95.95211029052734,58.990966796875
2017-10-11,37.75452423095703,122.79000091552734,222.19284057617188,96.13753509521484,59.18819046020508
2017-10-12,37.73820495605469,122.88999938964844,221.86175537109375,96.54704284667969,59.568572998046875
2017-10-13,38.08098220825195,123.81999969482422,222.13186645507812,97.2424545288086,59.72351837158203
2017-10-16,38.05649185180664,122.97000122070312,222.4280548095703,97.17295837402344,59.42770004272461
2017-10-17,37.86062240600586,122.12999725341797,222.5848846435547,97.29656219482422,59.49810791015625
2017-10-18,37.950401306152344,121.66999816894531,222.80271911621094,96.65522003173828,59.43474197387695
2017-10-19,37.61577606201172,122.38999938964844,222.86370849609375,96.82520294189453,59.258628845214844
2017-10-20,37.75452423095703,121.61000061035156,224.01380920410156,95.79753112792969,58.9205322265625
2017-10-23,37.45254898071289,121.80000305175781,223.14247131347656,95.96751403808594,58.69514083862305
2017-10-24,37.45254898071289,121.33000183105469,223.53457641601562,95.37257385253906,58.342952728271484
2017-10-25,37.370933532714844,121.3499984741211,222.4280548095703,94.91670227050781,58.17389678955078
2017-10-26,37.11793518066406,120.33000183105469,222.71556091308594,94.59986877441406,57.6949577331543
2017-10-27,37.656585693359375,120.9000015258789,224.53656005859375,95.22577667236328,57.95555114746094
2017-10-30,37.41990280151367,121.12999725341797,223.7001190185547,96.13753509521484,57.906253814697266
2017-10-31,37.770843505859375,120.66999816894531,224.0486297607422,96.16841125488281,57.89919662475586
2017-11-01,37.96671676635742,121.11000061035156,224.34486389160156,96.59662628173828,58.180938720703125
2017-11-02,38.015689849853516,121.19000244140625,224.4319305419922,97.0225601196289,58.67402648925781
2017-11-03,37.819820404052734,120.62000274658203,225.18128967285156,97.28575897216797,58.526084899902344
2017-11-06,38.24420166015625,121.6500015258789,225.52981567382812,97.64971160888672,58.9205322265625
2017-11-07,37.99936294555664,121.20999908447266,225.37298583984375,98.0600814819336,59.39952087402344
2017-11-08,38.17890548706055,121.62999725341797,225.75633239746094,97.8432846069336,59.69532775878906
2017-11-09,37.94223403930664,122.12999725341797,224.93739318847656,97.56453704833984,59.75875473022461
2017-11-10,37.77900314331055,121.12999725341797,224.86764526367188,96.09327697753906,59.82213592529297
2017-11-13,37.697383880615234,121.30999755859375,225.07676696777344,96.29461669921875,60.12500762939453
2017-11-14,37.44438934326172,121.55999755859375,224.55397033691406,96.94505310058594,59.99821472167969
2017-11-15,37.24851608276367,121.41000366210938,223.4300079345703,97.99815368652344,59.392478942871094
2017-11-16,38.02384948730469,121.4000015258789,225.32937622070312,97.14641571044922,59.885520935058594
2017-11-17,38.21155548095703,122.86000061035156,224.66722106933594,97.86653137207031,59.624908447265625
2017-11-20,38.40742874145508,121.30999755859375,225.0506134033203,97.82779693603516,59.44883346557617
2017-11-21,38.92160415649414,121.51000213623047,226.52304077148438,98.13753509521484,59.892574310302734
2017-11-22,39.01953887939453,122.62999725341797,226.3226318359375,98.45497131347656,59.75875473022461
2017-11-24,38.93792724609375,122.31999969482422,226.84539794921875,98.18404388427734,59.83621597290039
2017-11-27,38.36662673950195,122.83000183105469,226.73214721679688,98.04460906982422,59.554466247558594
2017-11-28,38.65227508544922,122.80999755859375,229.03231811523438,98.1762466430664,59.32908248901367
2017-11-29,38.0401725769043,122.04000091552734,228.89291381835938,97.2083511352539,59.35019302368164
2017-11-30,37.623931884765625,121.0999984741211,230.89686584472656,96.88309478759766,59.44178771972656
2017-12-01,37.411739349365234,121.58999633789062,230.4176025390625,98.19052124023438,59.5826301574707
2017-12-04,37.48520278930664,121.18000030517578,230.13882446289062,98.23706817626953,59.28681564331055
2017-12-05,37.460716247558594,120.31999969482422,229.31117248535156,98.72589111328125,58.79375076293945
2017-12-06,36.95470428466797,120.06999969482422,229.35470581054688,99.06729888916016,58.737403869628906
2017-12-07,37.06080627441406,118.48999786376953,230.07786560058594,98.29141235351562,58.88532638549805
2017-12-08,37.493350982666016,118.4800033569336,231.3324737548828,98.29917907714844,59.18819046020508
2017-12-11,37.68107223510742,118.01000213623047,232.0294952392578,98.09739685058594,59.18116760253906
2017-12-12,37.42806625366211,118.1500015258789,232.4390106201172,98.05859375,59.469940185546875
2017-12-13,37.87694549560547,119.16999816894531,232.41287231445312,98.79574584960938,59.568572998046875
2017-12-14,37.59946060180664,118.93000030517578,231.463134765625,99.21469116210938,59.554466247558594
2017-12-15,37.68107223510742,119.18000030517578,233.39071655273438,99.5871810913086,59.92778015136719
2017-12-18,38.105464935302734,119.7300033569336,234.8706817626953,98.67932891845703,60.322242736816406
2017-12-19,37.90413284301758,119.81999969482422,233.96868896484375,97.39909362792969,59.040283203125
2017-12-20,37.9538459777832,120.13999938964844,233.84603881835938,96.32061767578125,58.35704040527344
2017-12-21,38.202392578125,120.30999755859375,234.3276824951172,96.88199615478516,58.13101577758789
2017-12-22,38.5255126953125,120.94000244140625,234.26644897460938,97.01416778564453,58.53157424926758
2017-12-26,38.49237060546875,121.7699966430664,233.98619079589844,97.3018798828125,58.82481384277344
2017-12-27,38.591793060302734,122.2300033569336,234.09999084472656,98.56925201416016,59.017974853515625
2017-12-28,38.85691833496094,122.8499984741211,234.58164978027344,98.48372650146484,59.332679748535156
2017-12-29,39.039180755615234,123.6500015258789,233.6971893310547,98.63922882080078,59.35414505004883
2018-01-02,39.77655792236328,125.1500015258789,235.3697967529297,97.57402038574219,59.13241195678711
2018-01-03,40.15767288208008,124.81999969482422,236.8585662841797,98.04053497314453,58.96073913574219
2018-01-04,40.35650634765625,125.45999908447266,237.8568878173828,98.02497100830078,57.94505310058594
2018-01-05,40.70448303222656,125.33000183105469,239.44200134277344,97.7450180053711,57.97367477416992
2018-01-08,40.70448303222656,125.30999755859375,239.87974548339844,97.68289947509766,58.27408981323242
2018-01-09,40.63819885253906,124.7300033569336,240.4227294921875,96.37657928466797,57.52302169799805
2018-01-10,40.381370544433594,125.02999877929688,240.05491638183594,96.25999450683594,56.8792839050293
2018-01-11,40.62991714477539,125.44000244140625,241.8064422607422,96.65648651123047,56.6861572265625
2018-01-12,41.019317626953125,126.95999908447266,243.38279724121094,96.81978607177734,56.228363037109375
2018-01-16,40.861900329589844,127.16999816894531,242.5508270263672,97.22411346435547,56.335655212402344
2018-01-17,41.400428771972656,126.13999938964844,244.8627166748047,97.09191131591797,56.729061126708984
2018-01-18,41.450138092041016,125.86000061035156,244.4511260986328,96.1899642944336,55.99948501586914
2018-01-19,41.78982162475586,126.41999816894531,245.56326293945312,95.68455505371094,56.29989242553711
2018-01-22,42.03009033203125,126.6500015258789,247.5599822998047,95.77786254882812,56.81489562988281
2018-01-23,42.22893524169922,127.27999877929688,248.08535766601562,96.1899642944336,57.6016845703125
2018-01-24,42.58518981933594,128.8300018310547,247.98907470703125,95.66901397705078,57.301300048828125
2018-01-25,42.560333251953125,127.97000122070312,248.09420776367188,96.4543228149414,57.201148986816406
2018-01-26,43.14857482910156,128.07000732421875,250.96656799316406,96.0966567993164,57.00087356567383
2018-01-29,42.494049072265625,127.3499984741211,249.30262756347656,95.427978515625,56.23551940917969
2018-01-30,41.914100646972656,126.80000305175781,246.74546813964844,94.86815643310547,55.82781219482422
2018-01-31,42.27863693237305,127.6500015258789,246.86814880371094,95.427978515625,56.8292121887207
2018-02-01,41.706974029541016,128.07000732421875,246.58795166015625,94.04499816894531,55.606075286865234
2018-02-02,40.63819885253906,126.38999938964844,241.2196807861328,93.17230987548828,55.13399887084961
2018-02-05,39.21317672729492,126.70999908447266,231.13131713867188,94.05274200439453,53.49598693847656
2018-02-06,40.489070892333984,125.37999725341797,235.68504333496094,93.46839141845703,53.50314712524414
2018-02-07,39.21317672729492,124.79000091552734,234.40652465820312,92.58014678955078,53.274253845214844
2018-02-08,37.854427337646484,124.9800033569336,225.61422729492188,92.47883605957031,51.743534088134766
2018-02-09,38.459224700927734,124.7699966430664,229.0032501220703,91.89449310302734,53.038204193115234
2018-02-12,39.06404113769531,125.37000274658203,232.3660888671875,92.29963684082031,53.059669494628906
2018-02-13,39.36231231689453,126.08000183105469,232.94400024414062,92.71261596679688,53.431610107421875
2018-02-14,40.34822463989258,128.22999572753906,236.0879364013672,91.6841049194336,53.04533767700195
2018-02-15,41.17673873901367,128.3800048828125,239.10035705566406,91.9957504272461,53.560359954833984
2018-02-16,41.044166564941406,127.95999908447266,239.1705322265625,92.49440002441406,53.853633880615234
2018-02-20,40.48078536987305,126.23999786376953,237.67298889160156,92.08924865722656,53.217018127441406
2018-02-21,40.4476432800293,125.66000366210938,236.4907684326172,90.95945739746094,52.16555404663086
2018-02-22,40.47249984741211,126.30000305175781,236.79725646972656,91.23218536376953,52.75925827026367
2018-02-23,41.19330978393555,126.13999938964844,240.57164001464844,92.04253387451172,53.603271484375
2018-02-26,41.57440948486328,126.44999694824219,243.36521911621094,92.07369232177734,53.75348663330078
2018-02-27,40.364803314208984,125.12999725341797,240.326416015625,91.94121551513672,52.50174331665039
2018-02-28,39.78484344482422,125.0,237.89190673828125,92.52558898925781,52.465972900390625
2018-03-01,39.710269927978516,124.72000122070312,234.43287658691406,93.15721893310547,52.51604080200195
2018-03-02,39.87598419189453,125.38999938964844,235.6412353515625,92.39988708496094,52.49459457397461
2018-03-05,39.93397521972656,125.18000030517578,238.3648223876953,92.15007019042969,53.08827590942383
2018-03-06,40.30680847167969,126.52999877929688,238.9690704345703,92.2359390258789,53.3386116027832
2018-03-07,40.34822463989258,125.72000122070312,238.88160705566406,92.13445281982422,53.66765594482422
2018-03-08,40.35650634765625,125.41999816894531,240.0374755859375,92.66536712646484,53.767799377441406
2018-03-09,41.2181510925293,125.54000091552734,244.214599609375,92.0563735961914,54.061058044433594
2018-03-12,41.31757736206055,125.54000091552734,243.90817260742188,92.58727264404297,54.297096252441406
2018-03-13,40.94474792480469,125.77999877929688,242.33181762695312,93.05572509765625,54.34717559814453
2018-03-14,41.01102828979492,125.69999694824219,241.08831787109375,93.87550354003906,54.397239685058594
2018-03-15,40.861900329589844,124.9000015258789,240.8256378173828,93.87550354003906,54.38294219970703
2018-03-16,40.77076721191406,124.5999984741211,241.08673095703125,93.53974151611328,54.76203155517578
2018-03-19,40.33165740966797,124.87000274658203,237.82481384277344,93.24309539794922,54.28994369506836
2018-03-20,40.77904510498047,124.30999755859375,238.229248046875,92.86833953857422,54.10397720336914
2018-03-21,41.019317626953125,126.4800033569336,237.7720489501953,92.9698486328125,53.70341873168945
2018-03-22,39.65227127075195,125.9800033569336,231.82839965820312,93.89108276367188,53.38868713378906
2018-03-23,38.84862518310547,127.61000061035156,226.8870391845703,93.82079315185547,52.4373779296875
2018-03-26,40.10795974731445,128.27999877929688,233.0945281982422,93.46170806884766,53.033939361572266
2018-03-27,39.37887954711914,127.48999786376953,229.12916564941406,94.46104431152344,53.23615646362305
2018-03-28,39.1800422668457,125.7300033569336,228.4521026611328,94.71083068847656,54.572296142578125
2018-03-29,40.00025177001953,125.79000091552734,231.3711700439453,95.17150115966797,54.50729751586914
2018-04-02,39.279457092285156,127.26000213623047,226.3771209716797,95.35929870605469,53.77062225341797
2018-04-03,39.66885757446289,126.30000305175781,229.278564453125,94.62378692626953,54.22562789916992
2018-04-04,39.6854248046875,126.44999694824219,231.731689453125,94.42823028564453,54.79619216918945
2018-04-05,39.78484344482422,125.80000305175781,233.56044006347656,93.72404479980469,54.77452850341797
2018-04-06,39.00604248046875,126.38999938964844,228.3553924560547,94.7490005493164,54.362850189208984
2018-04-09,39.0474739074707,126.81999969482422,229.4808349609375,94.905517578125,54.189517974853516
2018-04-10,39.809696197509766,127.12000274658203,233.12965393066406,94.73336029052734,54.131744384765625
2018-04-11,39.82626724243164,128.11000061035156,231.9075469970703,95.06980895996094,54.24729919433594
2018-04-12,39.809696197509766,126.62000274658203,233.8155059814453,94.37342834472656,53.64060974121094
2018-04-13,39.41200637817383,127.44999694824219,233.12965393066406,94.59253692626953,53.922298431396484
2018-04-16,39.461727142333984,127.62999725341797,235.04638671875,94.62378692626953,54.254512786865234
2018-04-17,39.54458236694336,127.75,237.5610809326172,94.8820571899414,54.890079498291016
2018-04-18,39.88425827026367,127.8499984741211,237.73683166503906,94.12313079833984,54.77452850341797
2018-04-19,39.65227127075195,127.5999984741211,236.41796875,93.35633850097656,53.98006820678711
2018-04-20,39.155181884765625,126.62999725341797,234.41336059570312,92.68347930908203,53.481719970703125
2018-04-23,38.84033966064453,125.62000274658203,234.37818908691406,92.70691680908203,53.43838119506836
2018-04-24,38.658077239990234,126.2300033569336,231.2217559814453,92.28443908691406,53.64060974121094
2018-04-25,38.35980224609375,125.41000366210938,231.793212890625,91.6663818359375,53.53950500488281
2018-04-26,38.914913177490234,124.97000122070312,234.14955139160156,92.30793762207031,54.240074157714844
2018-04-27,39.155181884765625,125.5,234.36941528320312,93.0198745727539,55.1717643737793
2018-04-30,38.87348175048828,124.58999633789062,232.5669708251953,93.1842041015625,54.95508575439453
2018-05-01,38.68293380737305,123.70999908447266,232.98020935058594,92.84861755371094,55.45342254638672
2018-05-02,38.37638854980469,123.6500015258789,231.41517639160156,92.74665832519531,55.25120544433594
2018-05-03,38.293540954589844,124.27999877929688,230.9051971435547,93.16220092773438,55.21510314941406
2018-05-04,38.4675178527832,124.54000091552734,233.89456176757812,93.30341339111328,55.82176971435547
2018-05-07,38.243812561035156,124.56999969482422,234.68585205078125,93.15443420410156,56.19733810424805
2018-05-08,38.459224700927734,124.58999633789062,234.68585205078125,93.06814575195312,55.91566848754883
2018-05-09,38.53380584716797,124.33000183105469,236.95431518554688,92.51144409179688,56.29122543334961
2018-05-10,39.33745193481445,125.18000030517578,239.16995239257812,93.25633239746094,56.731788635253906
2018-05-11,39.271156311035156,125.0,239.89974975585938,93.49158477783203,56.536781311035156
2018-05-14,39.32087707519531,124.48999786376953,240.0140838623047,92.99758911132812,56.052894592285156
2018-05-15,38.508941650390625,122.4800033569336,238.36111450195312,91.93899536132812,55.14288330078125
2018-05-16,39.088890075683594,122.29000091552734,239.36341857910156,91.58612823486328,54.97675704956055
2018-05-17,38.49237060546875,122.36000061035156,239.16122436523438,91.12348937988281,54.70229721069336
2018-05-18,38.16926193237305,122.41000366210938,238.56329345703125,91.90765380859375,54.77452850341797
2018-05-21,38.40123748779297,122.4800033569336,240.3570098876953,91.95470428466797,55.4245491027832
2018-05-22,38.53380584716797,122.41000366210938,239.68870544433594,91.8135757446289,55.50400161743164
2018-05-23,38.517234802246094,122.54000091552734,240.34820556640625,92.48006439208984,56.06010818481445
2018-05-24,38.31010437011719,123.58999633789062,239.85585021972656,93.21711730957031,55.944549560546875
2018-05-25,38.4675178527832,123.20999908447266,239.28440856933594,93.79739379882812,56.13955307006836
2018-05-29,37.572731018066406,123.19000244140625,236.5323486328125,95.851806640625,56.40678024291992
2018-05-30,37.87099838256836,123.37000274658203,239.68870544433594,95.2088394165039,57.17235565185547
2018-05-31,37.854427337646484,123.0999984741211,238.22042846679688,95.05200958251953,56.97735595703125
2018-06-01,38.38465881347656,122.48999786376953,240.55929565429688,94.5498046875,57.230133056640625
2018-06-04,38.77406311035156,122.37000274658203,241.7021942138672,93.86595916748047,57.72848129272461
2018-06-05,38.47580337524414,122.8499984741211,241.8780975341797,94.08604431152344,57.57680892944336
2018-06-06,39.05575942993164,122.91999816894531,243.90028381347656,93.32373046875,57.71404266357422
2018-06-07,38.459224700927734,122.86000061035156,243.87393188476562,94.22756958007812,57.71404266357422
2018-06-08,38.38465881347656,123.01000213623047,244.59487915039062,93.94459533691406,57.92349624633789
2018-06-11,38.38465881347656,123.2300033569336,244.92027282714844,93.77167510986328,57.836814880371094
2018-06-12,38.285247802734375,122.81999969482422,245.23675537109375,93.79529571533203,58.183475494384766
2018-06-13,38.028411865234375,123.19000244140625,244.4542999267578,93.74808502197266,57.04957580566406
2018-06-14,37.771575927734375,123.37999725341797,245.06964111328125,94.52621459960938,57.591251373291016
2018-06-15,37.473304748535156,121.33999633789062,244.75704956054688,94.61265563964844,57.555145263671875
2018-06-18,37.01762771606445,121.11000061035156,244.2535858154297,94.52621459960938,57.571170806884766
2018-06-19,36.609012603759766,120.80000305175781,243.31753540039062,95.07635498046875,57.51286697387695
2018-06-20,36.767459869384766,120.26000213623047,243.7325897216797,94.24322509765625,58.15433120727539
2018-06-21,36.25042724609375,120.05000305175781,242.20465087890625,94.7384262084961,58.43132019042969
2018-06-22,36.62568664550781,120.33999633789062,242.6461944580078,94.73054504394531,58.890533447265625
2018-06-25,36.1336784362793,119.88999938964844,239.3430633544922,94.94274139404297,58.73746871948242
2018-06-26,35.99190902709961,119.26000213623047,239.87301635742188,95.07635498046875,58.927005767822266
2018-06-27,35.29975891113281,118.58000183105469,237.8859100341797,95.97237396240234,58.70101547241211
2018-06-28,35.59996795654297,118.22000122070312,239.2459259033203,95.99591064453125,59.225860595703125
2018-06-29,36.1336784362793,118.6500015258789,239.5904541015625,95.66582489013672,59.37165451049805
2018-07-02,35.77510070800781,117.45999908447266,240.10264587402344,95.59101867675781,59.043617248535156
2018-07-03,35.800113677978516,118.6500015258789,239.25485229492188,96.10301208496094,59.488277435302734
2018-07-05,35.708377838134766,119.05000305175781,241.20669555664062,96.37869262695312,60.195343017578125
2018-07-06,36.20038604736328,118.86000061035156,243.24679565429688,96.6938247680664,60.51606750488281
2018-07-09,36.85084915161133,119.1500015258789,245.43707275390625,96.07146453857422,60.034976959228516
2018-07-10,36.767459869384766,118.93000030517578,246.32032775878906,96.06360626220703,60.15888595581055
2018-07-11,36.05028533935547,117.63999938964844,244.51856994628906,96.43384552001953,59.96208190917969
2018-07-12,36.542301177978516,118.12999725341797,246.73541259765625,96.42598724365234,60.144325256347656
2018-07-13,36.56731414794922,117.61000061035156,246.92970275878906,96.6701889038086,59.96208190917969
2018-07-16,36.36717987060547,117.55000305175781,246.70887756347656,96.26844024658203,59.641353607177734
2018-07-17,36.634033203125,116.27999877929688,247.7069091796875,96.0872573852539,59.24773406982422
2018-07-18,36.59232711791992,116.30999755859375,248.22796630859375,95.70128631591797,58.98532485961914
2018-07-19,36.14201736450195,115.80999755859375,247.29183959960938,96.30781555175781,59.67780685424805
2018-07-20,36.65904235839844,116.55999755859375,247.0092010498047,95.126220703125,59.101951599121094
2018-07-23,36.417213439941406,116.0,247.4684600830078,93.95248413085938,58.978023529052734
2018-07-24,36.9509162902832,116.04000091552734,248.7136993408203,94.27547454833984,58.67914962768555
2018-07-25,37.55134582519531,116.68000030517578,250.83338928222656,94.12579345703125,59.14567565917969
2018-07-26,37.134376525878906,115.7699966430664,250.24163818359375,93.94464111328125,59.34250259399414
2018-07-27,37.2678108215332,115.83000183105469,248.54591369628906,94.1021728515625,58.708309173583984
2018-07-30,37.209434509277344,115.6500015258789,247.24758911132812,93.77922058105469,58.7447624206543
2018-07-31,37.40958023071289,115.98999786376953,248.46641540527344,94.29122924804688,59.72882080078125
2018-08-01,37.07600402832031,115.13999938964844,248.05140686035156,93.52306365966797,60.15160369873047
2018-08-02,36.5839958190918,114.5199966430664,249.40260314941406,93.6572494506836,59.91103744506836
2018-08-03,36.86752700805664,114.91999816894531,250.47129821777344,94.12313079833984,60.55980682373047
2018-08-06,36.5839958190918,114.33000183105469,251.3897247314453,94.1783676147461,60.47962188720703
2018-08-07,36.959259033203125,114.58999633789062,252.21995544433594,93.68885803222656,60.37030029296875
2018-08-08,36.90922164916992,114.91000366210938,252.11392211914062,93.7835922241211,60.02040481567383
2018-08-09,36.80082321166992,114.73999786376953,251.76954650878906,94.57308959960938,60.04954147338867
2018-08-10,36.016929626464844,114.69000244140625,250.08267211914062,95.25997161865234,59.5903205871582
2018-08-13,35.42485427856445,112.95999908447266,249.14654541015625,95.06258392333984,59.47368621826172
2018-08-14,35.64167404174805,113.06999969482422,250.73611450195312,94.84938049316406,59.7652587890625
2018-08-15,34.615943908691406,111.19000244140625,248.86387634277344,95.40203094482422,60.22450637817383
2018-08-16,34.832759857177734,111.0999984741211,250.87757873535156,95.39418029785156,60.71288299560547
2018-08-17,35.19968795776367,112.12999725341797,251.7606964111328,95.51260375976562,61.27417755126953
2018-08-20,35.358131408691406,112.69000244140625,252.2994842529297,96.15205383300781,61.31789016723633
2018-08-21,35.808448791503906,113.0199966430664,252.89111328125,95.82836151123047,60.946136474609375
2018-08-22,36.09199142456055,113.2699966430664,252.74102783203125,96.20736694335938,60.603546142578125
2018-08-23,35.50824737548828,112.19999694824219,252.4053955078125,96.35735321044922,60.450462341308594
2018-08-24,36.16703796386719,114.16000366210938,253.92454528808594,96.54684448242188,60.807640075683594
2018-08-27,36.684059143066406,114.58999633789062,255.92935180664062,95.99414825439453,60.588966369628906
2018-08-28,36.550636291503906,113.68000030517578,256.0530090332031,95.41786193847656,61.40536880493164
2018-08-29,36.77579116821289,114.19999694824219,257.43072509765625,95.54415130615234,61.41993713378906
2018-08-30,35.81678771972656,113.63999938964844,256.3885803222656,95.74942016601562,61.02633285522461
2018-08-31,36.00025177001953,113.51000213623047,256.3974609375,95.52835845947266,61.26688766479492
2018-09-04,35.29975891113281,112.93000030517578,255.95582580566406,94.9760513305664,60.537933349609375
2018-09-05,34.791072845458984,113.31999969482422,255.26686096191406,94.72284698486328,60.88782501220703
2018-09-06,34.824424743652344,113.54000091552734,254.49853515625,95.07102966308594,61.062774658203125
2018-09-07,34.6493034362793,113.2300033569336,254.00408935546875,94.2639389038086,60.39944076538086
2018-09-10,34.30739974975586,113.1500015258789,254.44554138183594,94.61207580566406,60.66916275024414
2018-09-11,34.3824462890625,113.22000122070312,255.28460693359375,93.89199829101562,60.661865234375
2018-09-12,34.55757522583008,114.16999816894531,255.34646606445312,94.11358642578125,60.69102478027344
2018-09-13,35.02456283569336,113.76000213623047,256.8566589355469,94.25601959228516,60.989891052246094
2018-09-14,34.9912109375,113.0199966430664,256.9010009765625,93.80499267578125,60.603546142578125
2018-09-17,34.6743278503418,113.61000061035156,255.54078674316406,93.80499267578125,60.80038070678711
2018-09-18,35.00788879394531,113.44000244140625,256.9273681640625,92.82378387451172,60.508785247802734
2018-09-19,35.49156188964844,113.87999725341797,257.2010803222656,92.26991271972656,59.801734924316406
2018-09-20,35.88350296020508,114.2699966430664,259.2854309082031,92.69718933105469,60.363006591796875
2018-09-21,36.05028533935547,113.48999786376953,259.0485534667969,92.65760803222656,60.341129302978516
2018-09-24,35.64167404174805,113.47000122070312,258.1879577636719,92.42024993896484,59.25752639770508
2018-09-25,35.78343200683594,113.6500015258789,257.94842529296875,92.3252944946289,59.264923095703125
2018-09-26,35.858489990234375,113.05000305175781,257.1765441894531,92.97412872314453,58.555335998535156
2018-09-27,36.033607482910156,112.05000305175781,257.89520263671875,93.0374755859375,58.83621597290039
2018-09-28,35.791770935058594,112.76000213623047,257.92181396484375,92.79216766357422,59.63449478149414
2018-10-01,35.800113677978516,112.56999969482422,258.8179016113281,92.1109390258789,59.08013916015625
2018-10-02,35.349796295166016,113.87000274658203,258.6671142578125,92.67398071289062,58.94709396362305
2018-10-03,35.057926177978516,113.41999816894531,258.8089599609375,91.06414794921875,58.3188362121582
2018-10-04,34.182308197021484,113.4800033569336,256.7862854003906,90.42179870605469,57.830970764160156
2018-10-05,34.05722427368164,113.80000305175781,255.34906005859375,89.64459228515625,57.80140686035156
2018-10-08,34.107261657714844,112.54000091552734,255.34906005859375,89.34326934814453,58.63665771484375
2018-10-09,33.982173919677734,112.5999984741211,254.9763641357422,90.24732971191406,58.71797561645508
2018-10-10,32.97312545776367,112.87999725341797,246.90298461914062,90.00148010253906,57.84575271606445
2018-10-11,32.63956069946289,115.77999877929688,241.4646453857422,91.09587097167969,56.1900634765625
2018-10-12,33.59855651855469,115.2300033569336,244.81817626953125,90.77864837646484,56.04224395751953
2018-10-15,33.23997116088867,116.0,243.44297790527344,90.73899841308594,56.419193267822266
2018-10-16,34.07390594482422,115.80000305175781,248.76608276367188,90.9451904296875,57.57966613769531
2018-10-17,33.656944274902344,115.79000091552734,248.81051635742188,90.40594482421875,57.3579216003418
2018-10-18,32.772987365722656,115.91999816894531,245.21731567382812,90.37417602539062,57.24705505371094
2018-10-19,33.081539154052734,116.01000213623047,245.08424377441406,90.17596435546875,57.74230194091797
2018-10-22,33.44012451171875,115.70999908447266,243.98422241210938,90.0569839477539,56.93660354614258
2018-10-23,33.07320022583008,116.38999938964844,242.74215698242188,90.34246826171875,57.187931060791016
2018-10-24,32.00578689575195,116.66000366210938,235.3873748779297,91.02449035644531,57.727500915527344
2018-10-25,32.62287902832031,116.4000015258789,239.61036682128906,90.64382934570312,58.46664047241211
2018-10-26,32.24761199951172,116.7699966430664,235.39622497558594,91.1910171508789,57.0622673034668
2018-10-29,31.68889808654785,116.30999755859375,234.0920867919922,90.9848403930664,57.786617279052734
2018-10-30,32.305992126464844,115.80000305175781,237.56100463867188,90.53280639648438,58.5775032043457
2018-10-31,32.65624237060547,115.1500015258789,240.09829711914062,90.07284545898438,57.89011001586914
2018-11-01,33.823726654052734,116.62999725341797,242.6533660888672,90.15634155273438,58.16360092163086
2018-11-02,34.04054260253906,116.6500015258789,241.2161407470703,89.03546905517578,57.68315505981445
2018-11-05,34.132266998291016,116.37000274658203,242.54698181152344,89.38517761230469,58.54056167602539
2018-11-06,34.07390594482422,116.04000091552734,244.081787109375,89.32955169677734,58.83621597290039
2018-11-07,34.71601104736328,116.02999877929688,249.30731201171875,89.44880676269531,59.53841781616211
2018-11-08,33.81538391113281,115.77999877929688,248.85479736328125,89.44085693359375,59.58275604248047
2018-11-09,33.18994903564453,114.4800033569336,246.4239501953125,90.10858154296875,59.575347900390625
2018-11-12,32.72295379638672,113.66000366210938,241.8195037841797,90.6968765258789,59.693641662597656
2018-11-13,33.09821319580078,113.69999694824219,241.3669891357422,90.64126586914062,59.63449478149414
2018-11-14,33.29835891723633,114.63999938964844,239.7168731689453,90.6968765258789,59.486671447753906
2018-11-15,34.04054260253906,114.7699966430664,242.21864318847656,90.65713500976562,59.08013916015625
2018-11-16,34.107261657714844,115.62000274658203,242.84864807128906,91.18180847167969,59.7158088684082
2018-11-19,33.64860153198242,115.66999816894531,238.740966796875,91.43620300292969,59.7971076965332
2018-11-20,32.923099517822266,115.66999816894531,234.3227996826172,91.46797943115234,59.18361282348633
2018-11-21,33.53185272216797,115.86000061035156,235.12124633789062,91.43620300292969,59.235382080078125
2018-11-23,33.13991165161133,115.7699966430664,233.5509490966797,91.53157806396484,59.117088317871094
2018-11-26,33.54853057861328,115.63999938964844,237.3214874267578,91.32491302490234,59.227962493896484
2018-11-27,33.78203201293945,114.94999694824219,238.11990356445312,91.42826080322266,59.47928237915039
2018-11-28,34.5909309387207,115.37999725341797,243.6027069091797,90.98307037353516,60.011478424072266
2018-11-29,34.29071807861328,115.73999786376953,243.07049560546875,91.3407974243164,60.0262451171875
2018-11-30,34.25736618041992,115.54000091552734,244.55201721191406,91.68263244628906,60.59540939331055
2018-12-03,34.94951248168945,116.41000366210938,247.79013061523438,92.33363342285156,60.92060852050781
2018-12-04,34.207332611083984,117.12000274658203,239.76113891601562,93.8794174194336,60.01885986328125
2018-12-06,33.89044189453125,117.13999938964844,239.3974151611328,94.17424774169922,61.50456619262695
2018-12-07,33.256656646728516,118.08999633789062,233.83482360839844,94.34953308105469,60.69887924194336
2018-12-10,32.90641403198242,117.68000030517578,234.27841186523438,94.73995208740234,60.3071174621582
2018-12-11,33.15658950805664,117.54000091552734,234.3316650390625,94.7240219116211,60.336673736572266
2018-12-12,33.69863510131836,117.79000091552734,235.51156616210938,94.3017349243164,59.4053840637207
2018-12-13,33.6903076171875,117.52999877929688,235.43177795410156,94.07861328125,59.74869918823242
2018-12-14,33.21495819091797,117.05999755859375,231.08460998535156,94.40533447265625,59.5766716003418
2018-12-17,32.90641403198242,117.87000274658203,226.5511016845703,94.95508575439453,57.33272171020508
2018-12-18,33.1298713684082,118.1500015258789,226.3026123046875,95.52376556396484,57.92362594604492
2018-12-19,32.57969284057617,117.43000030517578,222.9136199951172,96.78571319580078,57.287811279296875
2018-12-20,32.83361053466797,119.23999786376953,219.28504943847656,96.4343032836914,56.42766571044922
2018-12-21,32.60508346557617,118.72000122070312,214.79197692871094,96.41831970214844,55.642269134521484
2018-12-24,32.30036926269531,120.0199966430664,209.1165008544922,96.89750671386719,53.660125732421875
2018-12-26,32.943660736083984,119.66000366210938,219.68209838867188,95.85922241210938,55.455284118652344
2018-12-27,32.90133285522461,120.56999969482422,221.36868286132812,95.8752212524414,55.44781494140625
2018-12-28,33.21451950073242,121.05999755859375,221.08314514160156,96.6818618774414,55.627296447753906
2018-12-31,33.06216049194336,121.25,223.01953125,97.04927062988281,55.776920318603516
2019-01-02,33.14680099487305,121.33000183105469,223.2515869140625,97.56041717529297,54.56517791748047
2019-01-03,32.545833587646484,122.43000030517578,217.92417907714844,98.67062377929688,54.946659088134766
2019-01-04,33.595420837402344,121.44000244140625,225.2237091064453,97.52851867675781,55.58991622924805
2019-01-07,33.671600341796875,121.86000061035156,226.9995574951172,97.24095916748047,56.13594055175781
2019-01-08,33.79856491088867,121.52999877929688,229.1322479248047,96.9853744506836,57.295310974121094
2019-01-09,34.39954376220703,122.30999755859375,230.20309448242188,96.83364868164062,57.213043212890625
2019-01-10,34.645015716552734,121.58999633789062,231.01512145996094,96.21066284179688,57.990928649902344
2019-01-11,34.4757194519043,121.80000305175781,231.1044158935547,96.58605194091797,58.155487060546875
2019-01-14,34.18793487548828,122.08999633789062,229.6944122314453,96.22663116455078,57.96100616455078
2019-01-15,34.42493438720703,121.87999725341797,232.32693481445312,95.8752212524414,58.514530181884766
2019-01-16,34.8481559753418,122.2699966430664,232.88909912109375,95.97103118896484,58.925907135009766
2019-01-17,35.000518798828125,122.11000061035156,234.6559600830078,95.99500274658203,59.21015167236328
2019-01-18,35.1698112487793,121.0199966430664,237.77928161621094,95.49183654785156,59.41209411621094
2019-01-22,34.56037139892578,121.44999694824219,234.5667266845703,96.1387939453125,59.23258972167969
2019-01-23,34.91587448120117,121.27999877929688,235.0574951171875,96.09882354736328,59.24005889892578
2019-01-24,35.25445556640625,121.08999633789062,235.18247985839844,96.72977447509766,59.44200134277344
2019-01-25,35.71999740600586,122.86000061035156,237.17245483398438,96.26656341552734,60.182525634765625
2019-01-28,35.347557067871094,123.29000091552734,235.36990356445312,96.17072296142578,60.77342224121094
2019-01-29,35.40681457519531,123.9800033569336,235.0574951171875,96.657958984375,61.25212860107422
2019-01-30,36.17707824707031,124.69000244140625,238.77862548828125,96.58605194091797,61.74580383300781
2019-01-31,36.48179244995117,124.75,240.8757781982422,97.41667175292969,62.38907241821289
2019-02-01,36.194007873535156,124.5,240.9917449951172,96.82830047607422,61.99263000488281
2019-02-04,36.25326156616211,123.95999908447266,242.68719482421875,96.39606475830078,62.456390380859375
2019-02-05,36.752662658691406,124.27999877929688,243.7045135498047,96.83631134033203,62.81538391113281
2019-02-06,36.25326156616211,123.44000244140625,243.38328552246094,96.88433837890625,62.40401840209961
2019-02-07,35.88928985595703,123.73999786376953,241.0631561279297,97.52473449707031,62.92013931274414
2019-02-08,35.686134338378906,124.20999908447266,241.35760498046875,97.94100952148438,62.92013931274414
2019-02-11,35.5676383972168,123.5999984741211,241.49154663085938,97.5567855834961,63.09212875366211
2019-02-12,35.863895416259766,123.86000061035156,244.5969696044922,97.30860900878906,62.69573974609375
2019-02-13,35.60997009277344,123.37000274658203,245.3910675048828,96.94036865234375,63.01736068725586
2019-02-14,35.677677154541016,124.05999755859375,244.8468017578125,97.49273681640625,63.21931838989258
2019-02-15,35.62689208984375,124.80000305175781,247.51492309570312,97.64484405517578,63.645660400390625
2019-02-19,35.90621566772461,126.69999694824219,247.94320678710938,97.89300537109375,63.63070297241211
2019-02-20,36.10935974121094,126.4800033569336,248.4429473876953,97.6128158569336,63.23426818847656
2019-02-21,36.03318405151367,125.05000305175781,247.55955505371094,96.74028778076172,63.294105529785156
2019-02-22,36.43101119995117,125.5,249.0944366455078,97.31665802001953,63.66810989379883
2019-02-25,36.83730697631836,125.37000274658203,249.4335174560547,97.0284194946289,63.166969299316406
2019-02-26,36.7103385925293,125.58000183105469,249.25514221191406,97.50872039794922,62.97249221801758
2019-02-27,36.397159576416016,124.69000244140625,249.14794921875,96.40402221679688,62.658329010009766
2019-02-28,35.923152923583984,123.98999786376953,248.68392944335938,96.07585144042969,62.822879791259766
2019-03-01,35.96546936035156,121.87999725341797,250.23670959472656,95.18781280517578,62.62841796875
2019-03-04,36.01625442504883,121.55999755859375,249.32643127441406,95.93384552001953,62.912635803222656
2019-03-05,36.37175750732422,121.72000122070312,248.98731994628906,96.13440704345703,63.08468246459961
2019-03-06,36.16861343383789,121.61000061035156,247.47921752929688,96.48736572265625,62.79296112060547
2019-03-07,35.49991989135742,121.51000213623047,245.40899658203125,97.1130599975586,62.658329010009766
2019-03-08,35.245994567871094,122.83999633789062,244.91818237304688,97.52220916748047,62.725643157958984
2019-03-11,35.90621566772461,122.23999786376953,248.46981811523438,97.23338317871094,63.645660400390625
2019-03-12,36.092437744140625,122.9800033569336,249.40673828125,97.915283203125,63.9373779296875
2019-03-13,36.1347541809082,123.83999633789062,251.05767822265625,97.73078918457031,64.25151824951172
2019-03-14,35.9400749206543,122.41000366210938,250.89698791503906,97.02481079101562,64.34877014160156
2019-03-15,36.46487045288086,122.97000122070312,252.13658142089844,97.66656494140625,64.14680480957031
2019-03-18,36.87116622924805,123.04000091552734,253.0508270263672,97.61043548583984,63.82518005371094
2019-03-19,36.888092041015625,123.37999725341797,253.1135711669922,97.39384460449219,63.63070297241211
2019-03-20,36.947349548339844,124.18000030517578,252.3516387939453,98.41260528564453,63.82518005371094
2019-03-21,36.99813461303711,123.68000030517578,255.20193481445312,98.62924194335938,64.96210479736328
2019-03-22,35.91468811035156,123.97000122070312,250.29022216796875,100.16140747070312,64.49088287353516
2019-03-25,35.99932861328125,124.91999816894531,250.1020050048828,100.32182312011719,64.57315826416016
2019-03-26,36.10935974121094,124.30000305175781,251.9662322998047,100.24966430664062,65.0892562866211
2019-03-27,35.71999740600586,123.6500015258789,250.64878845214844,101.17217254638672,64.90226745605469
2019-03-28,35.95700454711914,121.9000015258789,251.5988006591797,101.52506256103516,65.53205871582031
2019-03-29,36.329444885253906,122.01000213623047,253.1852569580078,101.42884826660156,65.4718017578125
2019-04-01,36.930416107177734,121.52999877929688,256.1878356933594,99.9881820678711,65.43412780761719
2019-04-02,36.811912536621094,121.9800033569336,256.3133850097656,100.17308044433594,65.89364624023438
2019-04-03,37.06584930419922,121.80000305175781,256.7166748046875,99.30481719970703,65.81832885742188
2019-04-04,37.29438781738281,122.11000061035156,257.3979187011719,99.586181640625,65.7128677368164
2019-04-05,37.582176208496094,121.9800033569336,258.6436767578125,99.71484375,66.17237854003906
2019-04-08,37.582176208496094,122.51000213623047,258.84088134765625,99.36105346679688,65.80325317382812
2019-04-09,37.506004333496094,123.1500015258789,257.5143737792969,99.67462921142578,65.45670318603516
2019-04-10,37.683753967285156,123.52999877929688,258.3927307128906,99.91581726074219,66.05937957763672
2019-04-11,37.277462005615234,121.94999694824219,258.32098388671875,99.32894134521484,66.01420593261719
2019-04-12,37.54832077026367,121.83000183105469,260.06890869140625,98.62147521972656,66.33058166503906
2019-04-15,37.3536376953125,121.5999984741211,259.8985595703125,98.87065887451172,65.99158477783203
2019-04-16,37.632965087890625,120.51000213623047,260.06890869140625,98.25161743164062,64.5
2019-04-17,37.743003845214844,120.27999877929688,259.4324035644531,98.29183197021484,63.912410736083984
2019-04-18,37.71760940551758,120.37000274658203,259.9433288574219,98.80635070800781,64.40205383300781
2019-04-22,37.47214126586914,120.37000274658203,260.16741943359375,98.33203887939453,63.693946838378906
2019-04-23,37.55678176879883,120.12000274658203,262.50665283203125,98.54106140136719,64.53765869140625
2019-04-24,37.048919677734375,120.47000122070312,261.92413330078125,99.34501647949219,65.01227569580078
2019-04-25,36.99813461303711,120.56999969482422,261.76275634765625,99.20028686523438,64.87667083740234
2019-04-26,37.14202880859375,121.37000274658203,262.98175048828125,99.53797149658203,65.38892364501953
2019-04-29,37.21820068359375,120.83000183105469,263.3940734863281,98.90281677246094,64.74859619140625
2019-04-30,37.18435287475586,121.19999694824219,263.52850341796875,99.4092788696289,65.36631774902344
2019-05-01,36.905025482177734,120.4000015258789,261.5476989746094,99.81936645507812,65.4190673828125
2019-05-02,36.98966598510742,119.94000244140625,260.9830017089844,99.34406280517578,65.48684692382812
2019-05-03,37.4298210144043,120.6500015258789,263.5374755859375,99.6259994506836,66.04431915283203
2019-05-06,36.6595573425293,120.80999755859375,262.4529113769531,99.89997100830078,65.83338165283203
2019-05-07,35.9400749206543,121.20999908447266,258.070068359375,100.665283203125,64.64311981201172
2019-05-08,35.88928985595703,120.91000366210938,257.71160888671875,100.23028564453125,64.57533264160156
2019-05-09,35.32216262817383,121.19999694824219,256.9317932128906,100.64111328125,64.74105834960938
2019-05-10,35.533775329589844,121.43000030517578,258.22247314453125,100.50419616699219,65.43412780761719
2019-05-13,34.348758697509766,122.66999816894531,251.7332305908203,101.29373931884766,65.36631774902344
2019-05-14,34.83122253417969,122.45999908447266,254.00985717773438,100.99559783935547,65.60736846923828
2019-05-15,34.898948669433594,122.38999938964844,255.4977569580078,101.61600494384766,66.0518569946289
2019-05-16,34.72965621948242,121.51000213623047,257.8638916015625,101.27760314941406,66.31552124023438
2019-05-17,34.10328674316406,120.6500015258789,256.19683837890625,101.50318908691406,66.18744659423828
2019-05-20,33.95939254760742,120.63999938964844,254.50282287597656,101.29373931884766,65.230712890625
2019-05-21,34.39108657836914,120.36000061035156,256.7973327636719,101.1325912475586,65.78819274902344
2019-05-22,34.22179412841797,120.23999786376953,256.00860595703125,101.712646484375,65.98403930664062
2019-05-23,33.781639099121094,121.16999816894531,252.88055419921875,102.85669708251953,66.13470458984375
2019-05-24,33.81549072265625,121.30000305175781,253.4541778564453,102.94527435302734,66.3381118774414
2019-05-28,33.933990478515625,120.83000183105469,251.0968780517578,103.68648529052734,65.68273162841797
2019-05-29,34.15407180786133,120.87000274658203,249.41183471679688,104.00067901611328,64.808837890625
2019-05-30,34.34029769897461,121.69000244140625,250.09303283691406,104.89494323730469,65.08006286621094
2019-05-31,34.458797454833984,123.33000183105469,246.7230224609375,106.20818328857422,65.45670318603516
2019-06-03,34.77198028564453,125.11000061035156,246.09555053710938,106.91854858398438,65.61491394042969
2019-06-04,34.8481559753418,125.1500015258789,251.43756103515625,105.69955444335938,65.32113647460938
2019-06-05,34.5688362121582,125.47000122070312,253.6154327392578,105.1021728515625,66.68463897705078
2019-06-06,34.58575439453125,125.87999725341797,255.26461791992188,105.44123077392578,66.81271362304688
2019-06-07,34.856624603271484,126.58999633789062,257.8191223144531,106.35346984863281,67.06132507324219
2019-06-10,35.22060012817383,125.33000183105469,259.002197265625,105.35242462158203,66.84285736083984
2019-06-11,35.61842346191406,125.18000030517578,258.93951416015625,105.41702270507812,67.02364349365234
2019-06-12,35.23752975463867,125.83000183105469,258.4823303222656,105.49771881103516,67.24964141845703
2019-06-13,35.17827224731445,126.5999984741211,259.54901123046875,105.86099243164062,67.53590393066406
2019-06-14,34.78891372680664,126.55999755859375,259.2621765136719,106.12739562988281,67.57357025146484
2019-06-17,34.92622756958008,126.4800033569336,259.3606872558594,106.3131332397461,68.29678344726562
2019-06-18,35.770591735839844,127.12000274658203,262.0765380859375,106.845947265625,68.22897338867188
2019-06-19,36.06911849975586,127.88999938964844,262.6681213378906,106.99932098388672,68.59810638427734
2019-06-20,36.59790802001953,131.11000061035156,265.1775817871094,107.2818832397461,68.94464874267578
2019-06-21,36.47850036621094,131.97999572753906,264.7921447753906,106.10321044921875,67.97286224365234
2019-06-24,36.427330017089844,133.94000244140625,264.46795654296875,106.89433288574219,67.73931121826172
2019-06-25,36.05204391479492,134.1999969482422,261.8741149902344,107.22537231445312,66.73738098144531
2019-06-26,36.39321517944336,132.97000122070312,261.61279296875,106.53913879394531,65.40398406982422
2019-06-27,36.649078369140625,132.83999633789062,262.5405578613281,107.28992462158203,66.24594116210938
2019-06-28,36.59790802001953,133.1999969482422,263.8915100097656,107.21723937988281,66.47411346435547
2019-07-01,37.03288650512695,130.6199951171875,266.2872314453125,106.96652221679688,66.44369506835938
2019-07-02,36.93906784057617,133.41000366210938,266.9808349609375,107.79153442382812,67.59977722167969
2019-07-03,36.8708381652832,133.6300048828125,269.1153564453125,108.56002807617188,68.4059829711914
2019-07-05,36.61496353149414,132.13999938964844,268.80914306640625,107.1202392578125,68.16259002685547
2019-07-08,36.39321517944336,131.2899932861328,267.3320007324219,107.26580810546875,68.4059829711914
2019-07-09,36.2823371887207,131.75,267.6653137207031,107.22534942626953,68.63416290283203
2019-07-10,36.589378356933594,133.8300018310547,268.94415283203125,106.63485717773438,69.02962493896484
2019-07-11,36.521141052246094,132.6999969482422,269.5745849609375,105.21127319335938,68.13217163085938
2019-07-12,36.54673385620117,133.52999877929688,270.7815246582031,105.33258056640625,68.0408935546875
2019-07-15,36.683197021484375,133.52999877929688,270.87158203125,105.9392318725586,67.9876708984375
2019-07-16,36.63202667236328,132.39999389648438,269.9980163574219,105.62380981445312,67.82794189453125
2019-07-17,36.521141052246094,134.5800018310547,268.1606750488281,106.7643051147461,67.59977722167969
2019-07-18,36.74291229248047,136.47999572753906,269.1423034667969,106.77241516113281,67.59977722167969
2019-07-19,36.55526351928711,134.47000122070312,267.6472473144531,106.52166748046875,66.49694061279297
2019-07-22,36.563785552978516,134.4499969482422,268.3047180175781,106.72386169433594,66.43609619140625
2019-07-23,36.60643768310547,133.69000244140625,270.22314453125,106.14143371582031,67.18905639648438
2019-07-24,36.6661376953125,134.3699951171875,271.49310302734375,106.6025161743164,67.24230194091797
2019-07-25,36.342044830322266,133.4199981689453,270.1960754394531,106.09295654296875,66.84678649902344
2019-07-26,36.41880416870117,133.63999938964844,272.0064392089844,106.3436508178711,67.1510238647461
2019-07-29,36.35057067871094,134.52999877929688,271.51104736328125,106.37602233886719,67.33357238769531
2019-07-30,36.06911849975586,134.97999572753906,270.8446044921875,106.63485717773438,67.87356567382812
2019-07-31,35.62560272216797,133.2100067138672,267.8814697265625,107.49231719970703,67.60736083984375
2019-08-01,34.92622756958008,136.41000366210938,265.54864501953125,109.62711334228516,67.60736083984375
2019-08-02,34.58506393432617,135.88999938964844,263.5492858886719,110.6402359008789,67.93441009521484
2019-08-05,33.30570983886719,137.7899932861328,255.62351989746094,112.55302429199219,66.59580993652344
2019-08-06,33.7833366394043,138.91000366210938,259.2080993652344,113.45268249511719,67.33357238769531
2019-08-07,33.93686294555664,141.02000427246094,259.36126708984375,113.49320220947266,67.9876708984375
2019-08-08,34.35477828979492,141.72999572753906,264.449951171875,113.7363052368164,69.1817626953125
2019-08-09,34.005088806152344,141.25999450683594,262.6487731933594,113.50942993164062,69.09808349609375
2019-08-12,33.595703125,142.6300048828125,259.451416015625,115.87602996826172,68.91555786132812
2019-08-13,34.02215576171875,141.77999877929688,263.4862365722656,115.47883605957031,69.0144271850586
2019-08-14,33.041316986083984,142.75,255.69552612304688,118.08055114746094,67.96482849121094
2019-08-15,33.2630729675293,143.6999969482422,256.3710632324219,119.39360809326172,68.64173889160156
2019-08-16,33.72364044189453,142.77999877929688,260.1537780761719,118.43714904785156,69.34909057617188
2019-08-19,33.860107421875,141.11000061035156,263.28802490234375,116.74323272705078,69.85105895996094
2019-08-20,33.92832946777344,142.2100067138672,261.2705993652344,117.95081329345703,69.3567123413086
2019-08-21,34.252437591552734,141.75999450683594,263.3962097167969,117.1646957397461,69.64572143554688
2019-08-22,33.808921813964844,141.39999389648438,263.3152160644531,116.38660430908203,69.96513366699219
2019-08-23,33.30570983886719,144.1699981689453,256.5512390136719,118.29936218261719,68.98399353027344
2019-08-26,33.484825134277344,144.19000244140625,259.3882141113281,117.82124328613281,69.51641082763672
2019-08-27,33.54453659057617,145.57000732421875,258.37054443359375,119.63670349121094,69.31866455078125
2019-08-28,33.638343811035156,145.16000366210938,260.1898193359375,119.79073333740234,69.54681396484375
2019-08-29,34.01362609863281,144.1199951171875,263.5132751464844,119.33682250976562,70.08684539794922
2019-08-30,34.278018951416016,143.75,263.3962097167969,119.36929321289062,70.14008331298828
2019-09-03,34.06479263305664,145.75,261.8560485839844,119.52352905273438,70.8398208618164
2019-09-04,34.6362419128418,146.66000366210938,264.8282470703125,119.7021255493164,71.43302154541016
2019-09-05,35.02857208251953,143.13999938964844,268.23272705078125,117.5342788696289,70.91584777832031
2019-09-06,35.18209457397461,141.9199981689453,268.4397888183594,118.37056732177734,71.07559204101562
2019-09-09,35.292972564697266,141.38999938964844,268.574951171875,116.26766967773438,70.73332214355469
2019-09-10,35.31856155395508,140.17999267578125,268.5118408203125,114.22976684570312,70.00318908691406
2019-09-11,35.565895080566406,141.02999877929688,270.4212646484375,114.02678680419922,70.07923126220703
2019-09-12,35.821773529052734,141.32000732421875,271.3580322265625,113.27978515625,70.45191192626953
2019-09-13,36.02646255493164,140.14999389648438,271.17779541015625,110.86028289794922,69.69894409179688
2019-09-16,35.74501419067383,141.32000732421875,270.3401184082031,112.27297973632812,70.30741882324219
2019-09-17,35.74501419067383,141.60000610351562,271.02471923828125,112.88196563720703,71.06797790527344
2019-09-18,35.600013732910156,140.7100067138672,271.1868591308594,113.36100006103516,70.82459259033203
2019-09-19,35.45503234863281,141.27999877929688,271.1688537597656,113.7020263671875,71.07559204101562
2019-09-20,35.4891471862793,142.9499969482422,269.8876647949219,115.2040786743164,71.07559204101562
2019-09-23,35.52325439453125,143.75,269.8243103027344,115.17977142333984,71.1896743774414
2019-09-24,35.14797592163086,144.50999450683594,267.70697021484375,116.56814575195312,71.03173828125
2019-09-25,35.12239074707031,141.8300018310547,269.2903747558594,114.86306762695312,71.16975402832031
2019-09-26,35.11386489868164,141.7899932861328,268.7294616699219,115.60194396972656,71.76774597167969
2019-09-27,34.661827087402344,141.05999755859375,267.2817687988281,115.8861083984375,71.36907196044922
2019-09-30,34.857994079589844,138.8699951171875,268.5213317871094,116.17024230957031,71.49174499511719
2019-10-01,34.610652923583984,139.6300048828125,265.327392578125,116.51997375488281,70.81707763671875
2019-10-02,34.34626388549805,141.25999450683594,260.6404724121094,116.8046875,70.51807403564453
2019-10-03,34.789756774902344,141.89999389648438,262.77581787109375,117.87012481689453,71.20040893554688
2019-10-04,34.94328308105469,141.89999389648438,266.3316650390625,118.74047088623047,71.6297607421875
2019-10-07,34.65330123901367,140.69000244140625,265.18255615234375,117.75630187988281,71.47640228271484
2019-10-08,34.40595626831055,141.9199981689453,261.065673828125,118.07350158691406,71.1007308959961
2019-10-09,34.670352935791016,142.0500030517578,263.5448303222656,117.4065170288086,71.2387466430664
2019-10-10,35.02857208251953,140.80999755859375,265.327392578125,115.65779876708984,71.35374450683594
2019-10-11,35.59148025512695,140.02999877929688,268.0780029296875,114.22636413574219,71.32306671142578
2019-10-14,35.43796920776367,140.58999633789062,267.7793273925781,115.05599212646484,71.35374450683594
2019-10-15,35.753543853759766,139.61000061035156,270.4305419921875,113.66517639160156,71.44574737548828
2019-10-16,35.85588836669922,140.41000366210938,269.9962158203125,113.80342864990234,71.45340728759766
2019-10-17,35.992347717285156,140.61000061035156,270.7924499511719,113.52688598632812,71.92105102539062
2019-10-18,35.804710388183594,140.4600067138672,269.6071472167969,113.52688598632812,72.47305297851562
2019-10-21,36.128814697265625,139.7899932861328,271.434814453125,112.67282104492188,73.02507019042969
2019-10-22,36.15439987182617,140.1999969482422,270.5481872558594,113.33169555664062,72.8104019165039
2019-10-23,36.16292953491211,140.52999877929688,271.3352355957031,113.44556427001953,72.97138977050781
2019-10-24,36.16292953491211,141.52999877929688,271.7786560058594,113.21778869628906,72.78740692138672
2019-10-25,36.41880416870117,141.86000061035156,272.8916015625,112.66473388671875,72.16641235351562
2019-10-28,36.63202667236328,140.63999938964844,274.42974853515625,111.63986206054688,71.72940063476562
2019-10-29,36.44438171386719,140.25,274.3482666015625,111.713134765625,72.16641235351562
2019-10-30,36.60643768310547,141.02000427246094,275.1898193359375,113.34798431396484,72.42707824707031
2019-10-31,36.31645965576172,142.42999267578125,274.4569396972656,114.87706756591797,72.29673767089844
2019-11-01,36.86231231689453,142.55999755859375,276.9994201660156,114.5234375,72.28141021728516
2019-11-04,37.229061126708984,142.14999389648438,278.11236572265625,113.01618957519531,71.77540588378906
2019-11-05,37.44227981567383,139.85000610351562,277.8047790527344,111.74506378173828,70.5564193725586
2019-11-06,37.3228759765625,140.4499969482422,277.8681335449219,112.4212646484375,70.7097396850586
2019-11-07,37.59579849243164,138.27000427246094,278.84521484375,110.3843994140625,70.00439453125
2019-11-08,37.25464630126953,137.38999938964844,279.53289794921875,109.92000579833984,69.83572387695312
2019-11-11,36.99024200439453,137.05999755859375,278.99896240234375,109.99335479736328,69.98905944824219
2019-11-12,36.751426696777344,137.42999267578125,279.5871887207031,110.49848175048828,69.4600601196289
2019-11-13,36.469970703125,137.97999572753906,279.6777038574219,111.21548461914062,70.0964126586914
2019-11-14,36.49555969238281,138.55999755859375,280.08477783203125,112.36426544189453,70.6407470703125
2019-11-15,36.78554916381836,138.2100067138672,282.1116943359375,112.2420883178711,71.02406311035156
2019-11-18,36.7258415222168,138.6199951171875,282.31964111328125,112.4457778930664,71.36907196044922
2019-11-19,36.802608489990234,138.69000244140625,282.23834228515625,113.38275909423828,71.49174499511719
2019-11-20,36.64054489135742,138.75999450683594,281.1886901855469,114.55603790283203,71.45340728759766
2019-11-21,36.563785552978516,138.0,280.73638916015625,113.83905029296875,70.4490737915039
2019-11-22,36.563785552978516,137.74000549316406,281.36065673828125,113.98567962646484,70.18839263916016
2019-11-25,36.9305419921875,137.0800018310547,283.5412292480469,114.31977844238281,70.4107437133789
2019-11-26,36.819664001464844,137.74000549316406,284.1836242675781,114.98780822753906,71.34605407714844
2019-11-27,36.86231231689453,137.00999450683594,285.450439453125,114.65375518798828,71.68339538574219
2019-11-29,36.2823371887207,137.86000061035156,284.3917236328125,114.4093017578125,71.35374450683594
2019-12-02,36.27381134033203,137.7899932861328,281.9759521484375,112.88392639160156,70.27275085449219
2019-12-03,36.08616256713867,139.11000061035156,280.08477783203125,115.25084686279297,70.72506713867188
2019-12-04,36.359092712402344,138.9199981689453,281.81304931640625,114.09998321533203,71.01640319824219
2019-12-05,36.521141052246094,139.0,282.31964111328125,113.54507446289062,71.05472564697266
2019-12-06,36.734375,137.6199951171875,284.8984375,112.91661834716797,71.20040893554688
2019-12-09,36.589378356933594,137.5800018310547,284.002685546875,113.16143798828125,71.33840942382812
2019-12-10,36.71731948852539,137.97000122070312,283.68597412109375,113.16963195800781,70.92440032958984
2019-12-11,37.25464630126953,138.9199981689453,284.4912414550781,114.0592269897461,70.2037353515625
2019-12-12,37.902835845947266,138.42999267578125,286.94329833984375,112.18204498291016,69.2530746459961
2019-12-13,37.88578414916992,139.0500030517578,287.1152038574219,113.47970581054688,69.26839447021484
2019-12-16,38.20722961425781,139.0399932861328,289.0877685546875,112.45951843261719,69.76673889160156
2019-12-17,38.55568313598633,139.00999450683594,289.1510009765625,112.30448913574219,69.10741424560547
2019-12-18,38.764747619628906,139.02000427246094,289.16912841796875,111.38219451904297,69.94970703125
2019-12-19,38.78217315673828,139.3800048828125,290.35443115234375,111.5604019165039,70.56963348388672
2019-12-20,38.860572814941406,139.52000427246094,291.6273498535156,111.70751190185547,70.95706939697266
2019-12-23,38.912837982177734,139.9499969482422,292.0729064941406,111.5440444946289,70.60062408447266
2019-12-24,38.825721740722656,141.27000427246094,292.0820617675781,111.8628921508789,70.7865982055664
2019-12-26,39.1044807434082,142.3800048828125,293.6368713378906,112.1326675415039,71.09656524658203
2019-12-27,39.26128387451172,142.3300018310547,293.56414794921875,112.25526428222656,71.32127380371094
2019-12-30,38.99995422363281,142.6300048828125,291.94561767578125,111.84651947021484,71.39102935791016
2019-12-31,39.08706283569336,142.89999389648438,292.6548767089844,110.7510986328125,71.9024429321289
2020-01-02,39.8797721862793,143.9499969482422,295.3917541503906,112.00183868408203,71.05781555175781
2020-01-03,39.13932418823242,145.86000061035156,293.155029296875,113.72673034667969,71.49950408935547
2020-01-06,39.04350280761719,147.38999938964844,294.27337646484375,113.08090209960938,71.58473205566406
2020-01-07,39.01736831665039,147.97000122070312,293.44598388671875,112.52507019042969,70.7865982055664
2020-01-08,39.243858337402344,146.86000061035156,295.0099182128906,111.78111267089844,71.00357818603516
2020-01-09,39.50519561767578,146.02999877929688,297.0102844238281,112.17349243164062,70.96483612060547
2020-01-10,39.71426773071289,146.91000366210938,296.1555480957031,113.17080688476562,71.50726318359375
2020-01-13,40.33275604248047,145.82000732421875,298.1922607421875,112.82752990722656,72.36737060546875
2020-01-14,40.10626220703125,145.69000244140625,297.73773193359375,113.40789794921875,72.09615325927734
2020-01-15,39.792667388916016,146.5399932861328,298.4104919433594,114.15998077392578,72.74708557128906
2020-01-16,40.045284271240234,146.30999755859375,300.8929138183594,113.80030822753906,73.3282699584961
2020-01-17,40.27177047729492,146.5800018310547,301.8293151855469,112.82752990722656,73.39799499511719
2020-01-21,39.2525634765625,146.74000549316406,301.2382507324219,114.01282501220703,74.09541320800781
2020-01-22,39.574893951416016,146.7899932861328,301.2746887207031,114.41339111328125,73.59947967529297
2020-01-23,39.16545867919922,147.1199951171875,301.6202087402344,115.21456909179688,74.21937561035156
2020-01-24,38.85186004638672,147.97999572753906,298.93792724609375,116.14640045166016,73.9636459350586
2020-01-27,37.510337829589844,148.99000549316406,294.1460876464844,117.95301055908203,73.60720825195312
2020-01-28,37.823936462402344,147.66000366210938,297.22845458984375,117.02928924560547,73.90166473388672
2020-01-29,38.00687789916992,148.4600067138672,296.9830627441406,118.17375183105469,73.63045501708984
2020-01-30,37.440643310546875,148.47000122070312,297.94677734375,118.19013214111328,73.68470764160156
2020-01-31,36.68277359008789,149.3300018310547,292.53668212890625,119.2691421508789,72.78582763671875
2020-02-03,37.092201232910156,148.36000061035156,294.7098388671875,119.1725082397461,73.02605438232422
2020-02-04,38.05043411254883,146.42999267578125,299.20159912109375,117.56768035888672,73.7776870727539
2020-02-05,38.268211364746094,146.61000061035156,302.6567077636719,116.28205108642578,73.82415771484375
2020-02-06,38.30304718017578,147.39999389648438,303.67510986328125,116.80613708496094,74.07215881347656
2020-02-07,37.771671295166016,147.7899932861328,302.0566101074219,118.26367950439453,74.056640625
2020-02-10,37.980743408203125,148.1699981689453,304.3116149902344,118.59120178222656,74.88578796386719
2020-02-11,38.47727966308594,147.66000366210938,304.8389587402344,117.993408203125,75.45146179199219
2020-02-12,38.99995422363281,147.5399932861328,306.8030090332031,117.39563751220703,75.90090942382812
2020-02-13,38.48598861694336,148.3800048828125,306.47564697265625,117.84608459472656,76.35808563232422
2020-02-14,38.50341033935547,149.0,306.9667053222656,118.36190795898438,77.14848327636719
2020-02-18,38.25078582763672,150.91000366210938,306.17559814453125,119.1725082397461,77.06324768066406
2020-02-19,38.529544830322266,151.7899932861328,307.6395263671875,119.16433715820312,76.0248794555664
2020-02-20,37.92847442626953,152.41000366210938,306.3756408691406,120.09785461425781,76.93150329589844
2020-02-21,37.710697174072266,154.6999969482422,303.22052001953125,121.21956634521484,77.15623474121094
2020-02-24,36.299476623535156,156.08999633789062,293.16412353515625,123.02922058105469,76.10237884521484
2020-02-25,36.012020111083984,153.3000030517578,284.28057861328125,123.684326171875,74.04115295410156
2020-02-26,36.299476623535156,153.97000122070312,283.2349548339844,123.02922058105469,73.24302673339844
2020-02-27,35.42836380004883,154.0,270.5144958496094,124.3638916015625,69.34529113769531
2020-02-28,35.297698974609375,148.3800048828125,269.3777770996094,127.17253112792969,67.6715316772461
2020-03-02,36.06428527832031,149.1999969482422,281.043701171875,126.23682403564453,70.56190490722656
2020-03-03,35.820369720458984,153.88999938964844,272.9966125488281,128.19679260253906,70.39916229248047
2020-03-04,36.45627975463867,154.16000366210938,284.4715881347656,126.83551788330078,73.05702209472656
2020-03-05,35.689693450927734,157.49000549316406,275.0152587890625,129.99266052246094,71.49175262451172
2020-03-06,34.95795822143555,157.5500030517578,270.46893310546875,136.7580108642578,70.25965881347656
2020-03-09,32.57109451293945,157.80999755859375,249.34674072265625,140.46453857421875,64.84315490722656
2020-03-10,34.226226806640625,154.47999572753906,262.24920654296875,133.2646026611328,67.58270263671875
2020-03-11,32.63207244873047,153.92999267578125,249.4649658203125,128.36077880859375,63.52178955078125
2020-03-12,29.365379333496094,147.7899932861328,225.5968780517578,129.1561737060547,57.08686065673828
2020-03-13,31.48220443725586,143.27999877929688,244.88232421875,126.23682403564453,62.06925964355469
2020-03-16,27.553455352783203,141.63999938964844,218.0863494873047,134.41268920898438,51.06578063964844
2020-03-17,29.452497482299805,143.55999755859375,229.86129760742188,125.44961547851562,54.01774978637695
2020-03-18,26.908830642700195,140.6999969482422,218.22276306152344,118.37264251708984,48.879154205322266
2020-03-19,27.11789894104004,138.0399932861328,218.6864776611328,121.59540557861328,49.050960540771484
2020-03-20,27.318252563476562,140.11000061035156,209.2623748779297,130.73887634277344,46.606605529785156
2020-03-23,26.664918899536133,146.3000030517578,203.91188049316406,136.12660217285156,44.44340133666992
2020-03-24,28.66848373413086,153.39999389648438,222.38694763183594,133.59262084960938,48.44182586669922
2020-03-25,29.678987503051758,151.3000030517578,225.71615600585938,133.28924560546875,51.0501594543457
2020-03-26,30.802734375,153.24000549316406,238.8956756591797,133.94520568847656,54.650306701660156
2020-03-27,29.05177879333496,152.25,231.7799835205078,137.5206298828125,54.704986572265625
2020-03-30,29.53090476989746,152.9199981689453,239.30723571777344,136.38888549804688,55.89982986450195
2020-03-31,29.73125648498535,148.0500030517578,235.74024963378906,135.28187561035156,54.54877471923828
2020-04-01,28.459415435791016,149.4499969482422,225.1308135986328,137.1772918701172,50.96426010131836
2020-04-02,29.41765022277832,151.89999389648438,230.32577514648438,138.0478057861328,51.13606643676758
2020-04-03,28.860137939453125,152.64999389648438,226.99661254882812,138.37625122070312,50.3941764831543
2020-04-06,30.43685531616211,156.8800048828125,242.24310302734375,138.01490783691406,54.127079010009766
2020-04-07,30.593656539916992,156.0399932861328,242.49005126953125,136.56956481933594,54.62687301635742
2020-04-08,30.90726089477539,154.64999389648438,250.630126953125,135.57591247558594,58.35197067260742
2020-04-09,30.794017791748047,158.69000244140625,254.44390869140625,135.82223510742188,61.6241340637207
2020-04-13,30.837575912475586,161.41000366210938,252.12086486816406,134.582275390625,59.03139114379883
2020-04-14,31.543174743652344,162.67999267578125,259.55670166015625,134.54931640625,60.686988830566406
2020-04-15,30.733034133911133,161.85000610351562,254.0415496826172,138.11346435546875,58.28167724609375
2020-04-16,30.898550033569336,161.7100067138672,255.2671661376953,139.68199157714844,57.617881774902344
2020-04-17,31.58673667907715,158.57000732421875,262.16326904296875,137.80960083007812,59.43748092651367
2020-04-20,31.186012268066406,159.6999969482422,257.54449462890625,138.918212890625,57.22740936279297
2020-04-21,30.323617935180664,158.61000061035156,249.72454833984375,140.66746520996094,56.18876266479492
2020-04-22,31.15117073059082,161.72999572753906,255.2671661376953,139.2303009033203,57.04780197143555
2020-04-23,31.037931442260742,163.33999633789062,255.24888610839844,139.96942138671875,56.57143783569336
2020-04-24,30.99437713623047,162.63999938964844,258.80670166015625,140.2979736328125,56.813514709472656
2020-04-27,31.621578216552734,161.55999755859375,262.5382385253906,137.68641662597656,58.75807571411133
2020-04-28,31.682558059692383,160.83999633789062,261.3310546875,139.27137756347656,59.242252349853516
2020-04-29,32.60594177246094,161.72999572753906,268.1722717285156,138.54873657226562,60.13251876831055
2020-04-30,31.91775894165039,158.8000030517578,265.6753845214844,136.93087768554688,59.43748092651367
2020-05-01,30.76788330078125,159.77999877929688,258.6419677734375,138.10350036621094,57.43046569824219
2020-05-04,31.09890365600586,160.33999633789062,259.3554382324219,137.4539031982422,57.14932632446289
2020-05-05,31.273128509521484,161.02000427246094,261.7517395019531,136.5740203857422,57.43046569824219
2020-05-06,31.177309036254883,158.9499969482422,259.9774169921875,134.3702850341797,56.39961242675781
2020-05-07,31.429929733276367,161.38999938964844,263.1145324707031,136.61509704589844,57.203975677490234
2020-05-08,32.09197998046875,160.4199981689453,267.4681091308594,134.83900451660156,58.562843322753906
2020-05-11,31.882909774780273,159.4199981689453,267.5228576660156,133.78651428222656,57.71160125732422
2020-05-12,31.760953903198242,160.0399932861328,262.1907653808594,135.15969848632812,55.08763885498047
2020-05-13,31.69997787475586,161.5800018310547,257.5536804199219,136.10533142089844,53.75224304199219
2020-05-14,31.821935653686523,163.00999450683594,260.6358642578125,137.43746948242188,53.93965148925781
2020-05-15,31.38637351989746,163.92999267578125,261.8341064453125,137.0838623046875,53.72880172729492
2020-05-18,32.61465072631836,162.69000244140625,269.8094787597656,134.07435607910156,56.90721130371094
2020-05-19,32.35331726074219,164.25999450683594,267.0382080078125,134.57589721679688,56.14189529418945
2020-05-20,32.78016662597656,164.64999389648438,271.57464599609375,134.978759765625,56.641719818115234
2020-05-21,32.405582427978516,162.25,269.69964599609375,135.31593322753906,56.688568115234375
2020-05-22,31.734819412231445,163.2100067138672,270.2119140625,136.12997436523438,57.45389175415039
2020-05-26,32.43172073364258,160.88999938964844,273.5410461425781,134.30453491210938,59.60148239135742
2020-05-27,32.536251068115234,161.17999267578125,277.6110534667969,134.05783081054688,60.788509368896484
2020-05-28,32.30976104736328,161.72000122070312,277.0987854003906,133.56448364257812,61.07746124267578
2020-05-29,32.867279052734375,162.91000366210938,278.3335266113281,134.51828002929688,60.46832275390625
2020-06-01,33.625144958496094,163.66000366210938,279.4585266113281,133.6126251220703,61.8662223815918
2020-06-02,34.42657470703125,162.60000610351562,281.7724304199219,133.12681579589844,62.36601638793945
2020-06-03,35.22800064086914,159.60000610351562,285.5224304199219,131.3566436767578,64.365234375
2020-06-04,34.73146438598633,161.27999877929688,284.7724609375,129.4547576904297,63.724849700927734
2020-06-05,35.64614486694336,158.00999450683594,292.0710144042969,128.53256225585938,66.13797760009766
2020-06-08,35.863922119140625,159.72000122070312,295.6014099121094,129.0266571044922,67.77793884277344
2020-06-09,35.62001037597656,161.25999450683594,293.3971252441406,130.49217224121094,66.65338897705078
2020-06-10,35.881343841552734,163.57000732421875,291.76007080078125,132.42698669433594,64.958740234375
2020-06-11,34.00844192504883,162.38999938964844,274.94036865234375,134.9300537109375,60.788509368896484
2020-06-12,34.73146438598633,162.6199951171875,278.2329406738281,133.6291046142578,62.96731948852539
2020-06-15,34.41604995727539,162.3300018310547,280.8304138183594,133.70321655273438,63.85758972167969
2020-06-16,34.63508987426758,162.25,286.2357177734375,131.653076171875,65.11492156982422
2020-06-17,34.968040466308594,162.55999755859375,285.0467834472656,132.1964111328125,64.16997528076172
2020-06-18,34.98555374145508,162.24000549316406,285.1565246582031,133.5961456298828,63.46714782714844
2020-06-19,34.97679901123047,164.02999877929688,283.52685546875,133.70321655273438,62.54560852050781
2020-06-22,35.40612030029297,165.08999633789062,285.34576416015625,133.71969604492188,62.483154296875
2020-06-23,35.74782943725586,166.47999572753906,286.65936279296875,132.8057403564453,62.22545623779297
2020-06-24,35.27468490600586,165.89999389648438,279.3470764160156,134.2301788330078,60.45270919799805
2020-06-25,35.42364501953125,165.8000030517578,282.34185791015625,134.61712646484375,61.22480773925781
2020-06-26,34.994319915771484,166.5399932861328,275.6357727050781,136.05795288085938,60.0496940612793
2020-06-29,35.152034759521484,166.6300048828125,279.6869812011719,135.62989807128906,61.209041595458984
2020-06-30,35.03813171386719,167.3699951171875,283.2695617675781,134.97109985351562,61.934635162353516
2020-07-01,35.432403564453125,166.6199951171875,285.2538757324219,134.70904541015625,63.36212158203125
2020-07-02,36.238487243652344,166.97999572753906,286.8247985839844,134.84913635253906,63.18075180053711
2020-07-06,37.79806900024414,167.97999572753906,291.2525634765625,134.29689025878906,63.14917755126953
2020-07-07,37.16722106933594,169.0399932861328,288.2486572265625,136.1845245361328,61.89519500732422
2020-07-08,38.131019592285156,170.08999633789062,290.4533386230469,135.64044189453125,61.80845642089844
2020-07-09,38.131019592285156,169.6300048828125,288.7998046875,137.80015563964844,61.42198944091797
2020-07-10,37.88569259643555,169.19000244140625,291.74859619140625,137.10781860351562,61.61127853393555
2020-07-13,37.631595611572266,169.39999389648438,289.222412109375,137.56106567382812,60.87781524658203
2020-07-14,37.68416213989258,170.19000244140625,292.9703674316406,137.75892639160156,61.39042663574219
2020-07-15,37.79806900024414,170.33999633789062,295.66192626953125,137.115966796875,61.98984909057617
2020-07-16,37.263607025146484,168.72999572753906,294.68829345703125,137.76724243164062,61.24848556518555
2020-07-17,37.47389221191406,170.1199951171875,295.5425720214844,137.4786376953125,62.0450439453125
2020-07-20,37.95578384399414,170.94000244140625,297.93109130859375,137.81666564941406,61.30369567871094
2020-07-21,38.306251525878906,173.0,298.5648498535156,137.8990936279297,61.45353317260742
2020-07-22,38.1397819519043,175.6300048828125,300.26434326171875,138.31129455566406,62.39207077026367
2020-07-23,37.8331184387207,177.17999267578125,296.6817321777344,139.9269256591797,62.13179016113281
2020-07-24,37.79806900024414,178.6999969482422,294.7709045410156,139.9186553955078,61.674354553222656
2020-07-27,38.385101318359375,182.22999572753906,296.92059326171875,139.3993682861328,62.25798034667969
2020-07-28,38.06968307495117,183.75,295.03729248046875,140.3638458251953,63.49620819091797
2020-07-29,38.68301010131836,185.1300048828125,298.666015625,140.1246795654297,64.72653198242188
2020-07-30,38.192352294921875,183.75999450683594,297.60040283203125,141.04798889160156,64.30854797363281
2020-07-31,37.929500579833984,185.42999267578125,299.9521179199219,140.9573211669922,64.19023895263672
2020-08-03,38.192352294921875,185.63999938964844,302.03741455078125,140.2476043701172,63.338462829589844
2020-08-04,38.70052719116211,189.58999633789062,303.2040100097656,141.58450317382812,64.28488159179688
2020-08-05,39.12109375,191.35000610351562,305.087158203125,140.3466033935547,63.96152877807617
2020-08-06,39.24375915527344,193.88999938964844,307.12652587890625,141.13059997558594,64.06404113769531
2020-08-07,38.437679290771484,190.80999755859375,307.34710693359375,140.18980407714844,64.9789047241211
2020-08-10,38.5340576171875,190.14999389648438,308.2656555175781,139.56259155273438,65.08143615722656
2020-08-11,38.428916931152344,179.94000244140625,305.7210998535156,137.9039306640625,64.14289855957031
2020-08-12,38.945865631103516,179.10000610351562,309.9835205078125,136.64962768554688,64.78961181640625
2020-08-13,38.83195495605469,183.3300018310547,309.42315673828125,135.1890106201172,63.99307632446289
2020-08-14,38.761863708496094,182.5399932861328,309.4323425292969,134.66085815429688,64.00096130371094
2020-08-17,39.25251770019531,186.5,310.415283203125,134.99913024902344,64.52146911621094
2020-08-18,39.20871353149414,188.17999267578125,311.08587646484375,135.96469116210938,64.21390533447266
2020-08-19,38.72681427001953,182.24000549316406,309.7906494140625,135.11468505859375,63.08608627319336
2020-08-20,38.60415267944336,183.5,310.7551574707031,136.3360137939453,63.68548583984375
2020-08-21,38.796913146972656,182.02999877929688,311.85760498046875,137.1530303955078,63.788002014160156
2020-08-24,39.226234436035156,181.0,315.0177001953125,136.93019104003906,64.1981201171875
2020-08-25,39.62051773071289,181.22000122070312,316.11993408203125,135.8822021484375,64.36372375488281
2020-08-26,39.725650787353516,183.36000061035156,319.2892761230469,135.36219787597656,63.77224349975586
2020-08-27,39.392704010009766,181.24000549316406,319.9873962402344,133.0598602294922,64.71076202392578
2020-08-28,39.90964889526367,184.38999938964844,322.05426025390625,132.96080017089844,65.13664245605469
2020-08-31,39.02471923828125,184.8300018310547,320.8877258300781,133.84384155273438,64.47417449951172
2020-09-01,39.690608978271484,185.0500030517578,323.9100036621094,135.3746795654297,64.52146911621094
2020-09-02,39.58546447753906,182.6199951171875,328.5950012207031,136.6635284423828,65.72026062011719
2020-09-03,38.83195495605469,181.13999938964844,317.2866516113281,137.0518798828125,64.93158721923828
2020-09-04,38.84947204589844,181.63999938964844,314.6960754394531,134.4493865966797,64.59247589111328
2020-09-08,38.174827575683594,181.2899932861328,306.0976867675781,135.27554321289062,63.80380630493164
2020-09-09,38.74433898925781,183.0500030517578,312.142333984375,134.9120330810547,64.43472290039062
2020-09-10,38.12226104736328,182.4600067138672,306.7223815917969,135.59783935546875,63.64603805541992
2020-09-11,38.49024963378906,182.4499969482422,306.8785095214844,135.88694763183594,63.291160583496094
2020-09-14,39.11232376098633,183.88999938964844,310.9205017089844,135.87869262695312,64.8369369506836
2020-09-15,39.52412796020508,183.4499969482422,312.4913635253906,135.54820251464844,65.61773681640625
2020-09-16,39.4715690612793,183.97000122070312,311.25115966796875,135.1433563232422,65.9647445678711
2020-09-17,39.3138542175293,182.9600067138672,308.5137023925781,135.5564727783203,64.67921447753906
2020-09-18,39.0071907043457,183.1999969482422,304.9618225097656,135.1351318359375,63.220157623291016
2020-09-21,38.6479606628418,179.52000427246094,301.5677795410156,135.82081604003906,61.31947326660156
2020-09-22,38.358821868896484,178.64999389648438,304.6390686035156,135.71337890625,62.05292510986328
2020-09-23,37.76302719116211,174.7899932861328,297.57421875,135.89523315429688,60.18375778198242
2020-09-24,37.58778762817383,175.44000244140625,298.3673095703125,136.41567993164062,60.50711441040039
2020-09-25,37.62284469604492,174.94000244140625,303.1910095214844,136.41567993164062,61.75494384765625
2020-09-28,38.04340744018555,176.6999969482422,308.2268981933594,136.02731323242188,63.01866149902344
2020-09-29,38.01711654663086,178.19000244140625,306.54827880859375,136.18431091308594,62.56563186645508
2020-09-30,38.630435943603516,177.1199951171875,308.8724060058594,134.87893676757812,62.75638961791992
2020-10-01,38.98966598510742,178.6999969482422,310.85546875,135.10140991210938,64.01213836669922
2020-10-02,38.542823791503906,178.5399932861328,307.9040832519531,134.5970001220703,65.11687469482422
2020-10-05,39.05976104736328,179.41000366210938,313.3641052246094,131.9671173095703,65.49044799804688
2020-10-06,39.129852294921875,177.3000030517578,308.9093933105469,132.6782989501953,65.0612564086914
2020-10-07,39.55918502807617,177.22000122070312,314.2864074707031,131.71066284179688,65.1566390991211
2020-10-08,39.883365631103516,177.85000610351562,317.07183837890625,132.4219970703125,66.2454833984375
2020-10-09,40.15497589111328,181.0800018310547,319.9033508300781,132.3971405029297,65.98320770263672
2020-10-12,40.50544357299805,180.55999755859375,325.0497741699219,132.8188934326172,66.2931900024414
2020-10-13,40.33897018432617,177.72000122070312,322.92852783203125,133.7699432373047,65.1566390991211
2020-10-14,40.06735610961914,178.27000427246094,320.8994140625,134.07595825195312,64.36186218261719
2020-10-15,39.778221130371094,178.9199981689453,320.5027770996094,133.84442138671875,64.69564819335938
2020-10-16,39.91840744018555,178.3000030517578,320.3091125488281,133.47232055664062,64.23467254638672
2020-10-19,39.804508209228516,178.38999938964844,315.4393310546875,132.96783447265625,63.233238220214844
2020-10-20,40.24259567260742,179.25,316.7029724121094,131.70237731933594,63.686275482177734
2020-10-21,40.35649871826172,180.60000610351562,316.1034240722656,131.24755859375,63.49553680419922
2020-10-22,40.34773254394531,178.8300018310547,317.8373107910156,129.8830108642578,63.4875602722168
2020-10-23,40.584293365478516,178.63999938964844,318.9164733886719,130.67697143554688,63.86909103393555
2020-10-26,40.058597564697266,178.5500030517578,313.0229187011719,131.8926239013672,62.95506286621094
2020-10-27,40.23382568359375,179.02000427246094,311.9437561035156,132.77755737304688,61.945674896240234
2020-10-28,39.226234436035156,176.1300048828125,301.2818603515625,132.901611328125,60.46739959716797
2020-10-29,39.62051773071289,175.39999389648438,304.3438720703125,131.6114044189453,61.27806854248047
2020-10-30,39.173667907714844,176.1999969482422,301.17120361328125,130.31307983398438,60.87271499633789
2020-11-02,39.67308044433594,177.91000366210938,304.54681396484375,131.2891387939453,62.32719421386719
2020-11-03,39.84831619262695,178.9199981689453,309.9239501953125,130.5274658203125,63.527305603027344
2020-11-04,41.10124206542969,178.82000732421875,316.8504638671875,133.35894775390625,63.638580322265625
2020-11-05,41.80216979980469,182.92999267578125,323.0299072265625,133.5907440185547,63.94060134887695
2020-11-06,41.994937896728516,183.19000244140625,322.95611572265625,131.97628784179688,63.50347137451172
2020-11-09,42.28407287597656,175.0800018310547,327.0143127441406,129.2028350830078,65.75271606445312
2020-11-10,41.80216979980469,175.66000366210938,326.53472900390625,128.4576873779297,66.71441650390625
2020-11-11,42.07379913330078,174.89999389648438,328.96038818359375,128.92137145996094,66.96874237060547
2020-11-12,41.75837326049805,175.9600067138672,325.7691650390625,131.11529541015625,66.09449005126953
2020-11-13,42.34541320800781,177.16000366210938,330.279296875,130.94149780273438,67.85890197753906
2020-11-16,42.87111282348633,177.14999389648438,334.4019775390625,130.62684631347656,68.62190246582031
2020-11-17,42.827308654785156,176.5,332.6035461425781,131.4795684814453,68.68548583984375
2020-11-18,42.67835235595703,175.49000549316406,328.6006774902344,131.86044311523438,67.3502426147461
2020-11-19,42.74844741821289,175.16000366210938,329.9842224121094,132.5392608642578,67.61254119873047
2020-11-20,42.98501205444336,175.69000244140625,327.7244567871094,133.7148895263672,67.24691009521484
2020-11-23,43.098915100097656,172.22999572753906,329.6890563964844,133.10226440429688,67.37406921386719
2020-11-24,43.677188873291016,169.58999633789062,335.0015563964844,131.77755737304688,67.73174285888672
2020-11-25,43.43185806274414,169.50999450683594,334.485107421875,131.37191772460938,67.77147674560547
2020-11-27,43.843666076660156,167.7899932861328,335.41656494140625,132.64695739746094,67.4694595336914
2020-11-30,42.69587707519531,166.6699981689453,333.9316101074219,132.4812774658203,66.76209259033203
2020-12-01,43.5369987487793,170.17999267578125,337.583984375,130.52806091308594,67.6204833984375
2020-12-02,43.598331451416016,171.4600067138672,338.294189453125,129.4921112060547,67.08796691894531
2020-12-03,44.097755432128906,172.80999755859375,338.20196533203125,130.5362548828125,67.65225982666016
2020-12-04,44.55336380004883,172.32000732421875,341.1164855957031,128.62181091308594,68.68548583984375
2020-12-07,44.55336380004883,174.88999938964844,340.41546630859375,129.78208923339844,68.08939361572266
2020-12-08,44.570884704589844,175.5,341.41162109375,130.3954620361328,67.8509521484375
2020-12-09,44.18537139892578,172.5,338.3495788574219,129.96446228027344,67.42972564697266
2020-12-10,44.7548828125,172.1699981689453,338.2388610839844,131.11642456054688,67.13566589355469
2020-12-11,44.4394645690918,172.49000549316406,337.84228515625,131.58050537109375,67.07206726074219
2020-12-14,44.208412170410156,171.5399932861328,336.32965087890625,131.2158203125,66.77798461914062
2020-12-15,44.68643569946289,173.94000244140625,340.8765869140625,130.7766571044922,68.14503479003906
2020-12-16,44.898895263671875,174.89999389648438,341.41162109375,130.42852783203125,68.22449493408203
2020-12-17,45.19101333618164,176.74000549316406,343.3206787109375,130.08340454101562,68.88418579101562
2020-12-18,45.13790512084961,176.44000244140625,341.9499206542969,129.6934814453125,67.50125885009766
2020-12-21,44.4739875793457,175.8800048828125,340.7271728515625,130.20785522460938,67.1197509765625
2020-12-22,44.11989212036133,174.49000549316406,340.15301513671875,130.87979125976562,67.58869171142578
2020-12-23,44.57136535644531,175.64999389648438,340.458740234375,129.97552490234375,67.15155792236328
2020-12-24,44.376609802246094,176.35000610351562,341.783203125,130.48989868164062,67.73944854736328
2020-12-28,44.50054168701172,175.7100067138672,344.7194519042969,130.54800415039062,68.14324188232422
2020-12-29,45.164466857910156,176.35000610351562,344.0617370605469,130.38209533691406,67.56179809570312
2020-12-30,45.76641845703125,177.6999969482422,344.5526123046875,130.6641082763672,67.93327331542969
2020-12-31,45.739864349365234,178.36000061035156,346.30328369140625,130.85491943359375,68.5874252319336
2021-01-04,46.0319938659668,182.3300018310547,341.588623046875,130.69729614257812,66.35850524902344
2021-01-05,47.13853454589844,182.8699951171875,343.94140625,129.7266387939453,66.45542907714844
2021-01-06,46.74016571044922,179.89999389648438,345.9975891113281,127.06367492675781,66.56847381591797
2021-01-07,47.18278121948242,179.47999572753906,351.1382751464844,125.94364929199219,66.43925476074219
2021-01-08,48.43096160888672,173.33999633789062,353.1388854980469,125.537109375,67.0853271484375
2021-01-11,47.77589797973633,173.0,350.7584533691406,125.32969665527344,66.19698333740234
2021-01-12,48.24507141113281,174.1199951171875,350.8325500488281,125.23016357421875,66.35043334960938
2021-01-13,48.35129165649414,173.3699951171875,351.77740478515625,126.6404800415039,67.15801239013672
2021-01-14,48.802764892578125,173.27999877929688,350.54541015625,125.45413970947266,67.5537338256836
2021-01-15,48.112281799316406,171.1300048828125,347.98907470703125,125.95194244384766,68.3289794921875
2021-01-19,48.90898895263672,172.5800018310547,350.7214050292969,126.35845184326172,68.1351547241211
2021-01-20,49.76765823364258,175.38999938964844,355.5749206542969,126.48285675048828,69.43537902832031
2021-01-21,49.85618209838867,175.27999877929688,355.8990783691406,125.59524536132812,69.10425567626953
2021-01-22,49.422420501708984,173.89999389648438,354.6394348144531,126.00175476074219,69.2657699584961
2021-01-25,49.79421615600586,174.0500030517578,356.0380859375,127.4867172241211,69.79070281982422
2021-01-26,49.43128204345703,173.6199951171875,355.48236083984375,127.24616241455078,70.28334045410156
2021-01-27,48.05916213989258,172.52000427246094,346.794189453125,127.56962585449219,69.03965759277344
2021-01-28,48.39554977416992,172.67999267578125,349.77667236328125,126.86451721191406,69.41112518310547
2021-01-29,47.1916389465332,172.61000061035156,342.7742614746094,126.10121154785156,68.61164855957031
2021-02-01,48.466373443603516,174.22999572753906,348.4798889160156,126.24737548828125,70.17832946777344
2021-02-02,49.09488296508789,172.11000061035156,353.4075012207031,125.43354034423828,70.59828186035156
2021-02-03,49.342750549316406,171.85000610351562,353.6854248046875,124.3205337524414,70.42060089111328
2021-02-04,49.36044692993164,168.14999389648438,357.7052917480469,123.98828125,70.9051513671875
2021-02-05,49.78536605834961,169.80999755859375,359.1131896972656,122.95005798339844,71.15550994873047
2021-02-08,49.87388610839844,171.52000427246094,361.7066955566406,123.48991394042969,71.54313659667969
2021-02-09,50.40502166748047,172.0800018310547,361.4658203125,123.581298828125,71.79349517822266
2021-02-10,50.582069396972656,172.7100067138672,361.3084411621094,124.40359497070312,72.18112182617188
2021-02-11,51.1220588684082,171.2100067138672,361.8918762207031,123.72250366210938,72.33454895019531
2021-02-12,51.16632843017578,170.69000244140625,363.6795654296875,122.18594360351562,72.35072326660156
2021-02-16,51.290252685546875,168.24000549316406,363.3646240234375,120.32545471191406,71.79349517822266
2021-02-17,51.30796432495117,166.3300018310547,363.44805908203125,121.08956146240234,71.70464324951172
2021-02-18,50.59977722167969,166.32000732421875,361.9012451171875,120.59947967529297,71.39778137207031
2021-02-19,50.92731857299805,167.00999450683594,361.2621154785156,118.9964828491211,71.80963134765625
2021-02-22,49.43128204345703,169.50999450683594,358.48333740234375,118.09122467041016,72.40726470947266
2021-02-23,49.6525764465332,169.1199951171875,358.9186706542969,117.75067138671875,72.8594970703125
2021-02-24,49.333892822265625,169.0,362.87371826171875,116.97824096679688,73.41671752929688
2021-02-25,48.209659576416016,165.82000732421875,354.1300048828125,115.06784057617188,72.01152801513672
2021-02-26,47.56344223022461,161.80999755859375,352.3053283691406,118.87187957763672,70.96167755126953
2021-03-01,48.838165283203125,161.52999877929688,360.8452453613281,117.30189514160156,71.27665710449219
2021-03-02,48.360145568847656,162.41000366210938,358.0295104980469,117.3102798461914,70.5902099609375
2021-03-03,48.26276779174805,160.6199951171875,353.287109375,116.03792572021484,70.1864242553711
2021-03-04,47.13853454589844,159.0399932861328,348.915283203125,115.28950500488281,69.38691711425781
2021-03-05,47.6519660949707,159.13999938964844,355.3341369628906,115.5140609741211,70.14602661132812
2021-03-08,46.368377685546875,157.49000549316406,353.56500244140625,114.61595916748047,70.751708984375
2021-03-09,47.38638687133789,160.83999633789062,358.613037109375,116.2042236328125,71.22010803222656
2021-03-10,47.17393493652344,161.66000366210938,360.8452453613281,116.43710327148438,71.93077087402344
2021-03-11,48.661128997802734,161.52000427246094,364.50390625,115.59722900390625,72.77066040039062
2021-03-12,47.79359817504883,161.49000549316406,364.9949035644531,113.14403533935547,73.99010467529297
2021-03-15,47.90867614746094,162.1999969482422,367.17156982421875,113.80931091308594,75.08839416503906
2021-03-16,48.112281799316406,162.35000610351562,366.7084045410156,113.3519058227539,74.78152465820312
2021-03-17,48.17424392700195,163.50999450683594,367.9588317871094,112.50374603271484,74.84612274169922
2021-03-18,47.28902053833008,162.55999755859375,362.605224609375,111.36444091796875,74.08699798583984
2021-03-19,47.87327194213867,163.24000549316406,361.9342346191406,112.05470275878906,73.07752227783203
2021-03-22,47.73162841796875,163.0,364.8241882324219,113.31036376953125,73.5943832397461
2021-03-23,46.81983947753906,161.80999755859375,361.95269775390625,114.33317565917969,73.48939514160156
2021-03-24,45.748714447021484,162.3699951171875,360.1128234863281,114.94855499267578,73.07752227783203
2021-03-25,45.96117401123047,161.77999877929688,362.1385803222656,114.04219055175781,73.82159423828125
2021-03-26,47.15623474121094,162.24000549316406,367.9744567871094,113.6429672241211,75.41370391845703
2021-03-29,46.828697204589844,160.30999755859375,367.7886962890625,112.67838287353516,74.97506713867188
2021-03-30,46.979183197021484,157.57000732421875,366.8128356933594,113.268798828125,75.07254028320312
2021-03-31,47.218196868896484,159.9600067138672,368.29974365234375,112.6368179321289,74.61764526367188
2021-04-01,47.67851257324219,161.97999572753906,372.27703857421875,114.50619506835938,75.97418975830078
2021-04-05,47.86440658569336,161.9199981689453,377.6203308105469,114.00660705566406,76.2666015625
2021-04-06,48.12998580932617,163.22000122070312,377.3973388671875,114.78105926513672,76.46156311035156
2021-04-07,47.42179870605469,162.75999450683594,377.8340759277344,113.98162078857422,76.5184326171875
2021-04-08,47.81130599975586,164.50999450683594,379.6275939941406,114.92256927490234,76.23411560058594
2021-04-09,47.40409851074219,163.27000427246094,382.38751220703125,114.50619506835938,76.14476013183594
2021-04-12,47.120826721191406,162.27999877929688,382.5268859863281,114.45623016357422,76.59154510498047
2021-04-13,47.31557846069336,163.42999267578125,383.6606140136719,115.31393432617188,76.97332000732422
2021-04-14,47.55458068847656,162.72000122070312,382.3504333496094,114.94754028320312,76.56716918945312
2021-04-15,47.98834991455078,165.35000610351562,386.4577941894531,116.87114715576172,77.90745544433594
2021-04-16,48.112281799316406,166.35000610351562,387.7494201660156,115.96346282958984,78.07804107666016
2021-04-19,47.93523406982422,165.88999938964844,385.8444519042969,115.63034057617188,78.23240661621094
2021-04-20,47.54573059082031,166.47999572753906,383.0194091796875,116.16337585449219,78.87408447265625
2021-04-21,47.837860107421875,168.1300048828125,386.6436462402344,116.39649963378906,79.39395904541016
2021-04-22,47.66967010498047,167.0399932861328,383.11236572265625,116.90445709228516,78.96345520019531
2021-04-23,48.360145568847656,166.39999389648438,387.2662353515625,116.62964630126953,79.42645263671875
2021-04-26,48.4221076965332,166.83999633789062,388.07470703125,116.46305084228516,79.66201782226562
2021-04-27,48.39554977416992,166.4199981689453,387.9910583496094,115.44718933105469,79.65389251708984
2021-04-28,48.75850296020508,166.91000366210938,387.87957763671875,115.52213287353516,79.48332214355469
2021-04-29,48.64341735839844,166.22000122070312,390.3514099121094,115.18073272705078,80.16566467285156
2021-04-30,47.78474044799805,165.66000366210938,387.7866516113281,115.44718933105469,80.48245239257812
2021-05-03,47.78474044799805,167.80999755859375,388.6229553222656,115.51641845703125,80.32810974121094
2021-05-04,47.2447509765625,166.5800018310547,386.2254333496094,116.3003158569336,79.8082275390625
2021-05-05,47.466060638427734,167.27000427246094,386.34625244140625,116.49208068847656,78.48419189453125
2021-05-06,47.91753005981445,170.05999755859375,389.43145751953125,116.68388366699219,78.92283630371094
2021-05-07,48.41325378417969,171.58999633789062,392.26568603515625,116.10846710205078,79.96258544921875
2021-05-10,47.54573059082031,172.11000061035156,388.38140869140625,114.93268585205078,79.93819427490234
2021-05-11,47.41294860839844,172.13999938964844,384.91522216796875,114.28219604492188,78.93094635009766
2021-05-12,46.102806091308594,170.42999267578125,376.7375793457031,113.08133697509766,76.93268585205078
2021-05-13,46.04084014892578,171.1300048828125,381.2630615234375,113.25640869140625,77.93183898925781
2021-05-14,46.87295150756836,172.69000244140625,387.11749267578125,114.31555938720703,78.85784149169922
2021-05-17,46.828697204589844,174.6999969482422,386.13250732421875,114.07368469238281,78.93907928466797
2021-05-18,47.457210540771484,175.0399932861328,382.8056945800781,113.78182983398438,78.95532989501953
2021-05-19,47.31557846069336,175.16000366210938,381.8020324707031,113.50659942626953,78.70350646972656
2021-05-20,47.589996337890625,175.9600067138672,385.90960693359375,114.44062042236328,79.58891296386719
2021-05-21,47.0411491394043,176.0399932861328,385.5935363769531,114.80757904052734,79.50768280029297
2021-05-24,47.430660247802734,176.35000610351562,389.5244445800781,115.23286437988281,80.49868774414062
2021-05-25,47.89982223510742,177.9499969482422,388.6601257324219,116.3003158569336,80.47431945800781
2021-05-26,48.25392150878906,177.63999938964844,389.43145751953125,116.10016632080078,80.83173370361328
2021-05-27,48.26276779174805,177.7100067138672,389.6358947753906,115.63317108154297,80.64490509033203
2021-05-28,48.572593688964844,178.3800048828125,390.33282470703125,115.44969177246094,81.13229370117188
2021-06-01,49.572914123535156,177.89999389648438,389.9891052246094,115.42383575439453,82.59441375732422
2021-06-02,49.6525764465332,178.77000427246094,390.60235595703125,115.69104766845703,83.56105041503906
2021-06-03,49.12144470214844,175.27000427246094,389.1526794433594,115.25674438476562,83.25235748291016
2021-06-04,49.56406021118164,177.16000366210938,392.7117919921875,116.83517456054688,83.29299926757812
2021-06-07,49.31618881225586,177.8699951171875,392.33074951171875,116.4760971069336,84.27588653564453
2021-06-08,49.077178955078125,177.32000732421875,392.4144287109375,117.29449462890625,84.97447204589844
2021-06-09,48.935543060302734,176.97999572753906,391.8289794921875,118.33009338378906,85.08816528320312
2021-06-10,49.327640533447266,177.74000549316406,393.65032958984375,119.03995513916016,85.69739532470703
2021-06-11,49.15871047973633,175.74000549316406,394.3009338378906,118.84783172607422,85.35621643066406
2021-06-14,49.292076110839844,174.7100067138672,395.18365478515625,117.93753814697266,85.68926239013672
2021-06-15,48.95421600341797,174.0500030517578,394.4587707519531,117.79560089111328,84.77137756347656
2021-06-16,48.28738784790039,171.11000061035156,392.2563781738281,117.69540405273438,84.21900939941406
2021-06-17,48.554115295410156,165.85000610351562,392.1263122558594,119.45752716064453,84.11341094970703
2021-06-18,48.21625518798828,164.92999267578125,386.8363952636719,121.70394134521484,82.68376159667969
2021-06-21,48.42074966430664,166.9499969482422,392.3742980957031,119.666259765625,84.38958740234375
2021-06-22,48.19847106933594,166.25,394.47210693359375,119.95855712890625,83.95095825195312
2021-06-23,48.491878509521484,166.13999938964844,393.99658203125,119.64962005615234,83.80474853515625
2021-06-24,48.93643569946289,166.0399932861328,396.32733154296875,119.8416519165039,83.62395477294922
2021-06-25,49.345420837402344,166.58999633789062,397.7352294921875,118.59732818603516,84.18842315673828
2021-06-28,49.38987731933594,166.5800018310547,398.53692626953125,119.81658935546875,83.94298553466797
2021-06-29,49.354312896728516,164.8300018310547,398.7514343261719,120.01708984375,83.71393585205078
2021-06-30,49.03424072265625,165.6300048828125,399.08697509765625,120.55152893066406,83.27217102050781
2021-07-01,48.75860595703125,166.1999969482422,401.2966003417969,120.55821990966797,83.63214111328125
2021-07-02,48.70526123046875,167.2899932861328,404.36395263671875,121.28570556640625,83.88572692871094
2021-07-06,47.85172653198242,168.1199951171875,403.6273498535156,122.70732116699219,84.4992904663086
2021-07-07,47.79838180541992,168.75999450683594,405.0538024902344,123.79438781738281,84.79376983642578
2021-07-08,46.80257797241211,168.64999389648438,401.7533874511719,124.27942657470703,84.55654907226562
2021-07-09,47.61166763305664,169.2100067138672,406.0420837402344,122.53164672851562,85.9472885131836
2021-07-12,47.65612030029297,169.0,407.4964904785156,122.3728256225586,86.68355560302734
2021-07-13,47.70056915283203,169.22000122070312,406.1073913574219,121.43626403808594,85.47280883789062
2021-07-14,47.90506362915039,171.0399932861328,406.71331787109375,122.81605529785156,86.07000732421875
2021-07-15,48.020652770996094,171.07000732421875,405.32421875,124.17066192626953,86.20907592773438
2021-07-16,47.64722442626953,169.41000366210938,402.14501953125,123.93653869628906,86.15180206298828
2021-07-19,46.84702682495117,169.61000061035156,396.2061767578125,126.65432739257812,84.58108520507812
2021-07-20,46.9981803894043,169.38999938964844,401.88397216796875,125.43331909179688,86.57721710205078
2021-07-21,47.300479888916016,168.75999450683594,405.1377258300781,123.84454345703125,86.56900787353516
2021-07-22,47.38938903808594,169.08999633789062,405.9861145019531,125.01528930664062,85.88182830810547
2021-07-23,46.686988830566406,168.55999755859375,410.1629638671875,124.17902374267578,86.59357452392578
2021-07-26,45.79788589477539,168.16000366210938,411.16986083984375,123.81111145019531,86.63447570800781
2021-07-27,44.87321472167969,168.44000244140625,409.2958679199219,125.13228607177734,87.12531280517578
2021-07-28,46.0912971496582,169.2899932861328,409.1280212402344,125.14067840576172,86.82261657714844
2021-07-29,46.32245635986328,171.1699981689453,410.8248596191406,124.44664001464844,86.83900451660156
2021-07-30,45.877906799316406,169.82000732421875,408.8297424316406,125.03202056884766,86.95352172851562
2021-08-02,46.20688247680664,169.61000061035156,407.97198486328125,126.14722442626953,86.7653579711914
2021-08-03,46.4024772644043,169.49000549316406,411.29107666015625,126.21417999267578,86.8717041015625
2021-08-04,46.64253234863281,169.52999877929688,409.2679138183594,126.47369384765625,86.60173797607422
2021-08-05,46.5714111328125,168.86000061035156,411.8597412109375,125.82907104492188,87.61615753173828
2021-08-06,46.180198669433594,164.63999938964844,412.5404052734375,123.72759246826172,87.46073150634766
2021-08-09,46.33134841918945,161.72000122070312,412.2046813964844,123.28382110595703,86.99442291259766
2021-08-10,46.39358139038086,161.77000427246094,412.7174377441406,122.71450805664062,86.16816711425781
2021-08-11,46.518062591552734,164.0,413.74310302734375,122.63919067382812,86.67537689208984
2021-08-12,46.10906982421875,164.0399932861328,414.9830627441406,122.43821716308594,86.86353302001953
2021-08-13,45.993492126464844,166.38999938964844,415.7382507324219,124.37224578857422,87.3380126953125
2021-08-16,45.57561111450195,167.22000122070312,416.717041015625,124.67367553710938,87.23167419433594
2021-08-17,44.739845275878906,166.97000122070312,413.9854431152344,124.62345886230469,87.1417007446289
2021-08-18,44.810977935791016,167.10000610351562,409.4543762207031,125.04202270507812,86.34813690185547
2021-08-19,44.04634475708008,166.61000061035156,410.0883483886719,125.9629898071289,86.7653579711914
2021-08-20,44.010780334472656,166.6999969482422,413.3514099121094,126.04671478271484,87.19892883300781
2021-08-23,44.677616119384766,168.72999572753906,416.98748779296875,125.9629898071289,87.03531646728516
2021-08-24,45.69118881225586,168.64999389648438,417.6495056152344,124.98336791992188,86.65081787109375
2021-08-25,45.74454116821289,167.47999572753906,418.52587890625,123.94526672363281,86.59357452392578
2021-08-26,45.308876037597656,167.6699981689453,416.05517578125,124.28852844238281,86.62629699707031
2021-08-27,45.8690185546875,170.19000244140625,419.7751159667969,125.13417053222656,87.53435516357422
2021-08-30,45.96681594848633,169.35000610351562,421.62109375,125.460693359375,88.40970611572266
2021-08-31,46.59808349609375,169.69000244140625,420.9964294433594,124.60669708251953,88.82693481445312
2021-09-01,47.193782806396484,169.6999969482422,421.2201843261719,124.81544494628906,90.2503890991211
2021-09-02,46.980403900146484,169.25,422.5160827636719,125.36032104492188,90.72486877441406
2021-09-03,47.229347229003906,171.05999755859375,422.41357421875,124.22025299072266,90.7412338256836
2021-09-07,47.50497055053711,167.7100067138672,420.9031677246094,123.17236328125,89.71863555908203
2021-09-08,46.811466217041016,167.2899932861328,420.39044189453125,124.0105972290039,90.1685791015625
2021-09-09,46.72256088256836,168.02999877929688,418.59100341796875,125.51116180419922,88.33609008789062
2021-09-10,46.669219970703125,167.17999267578125,415.2906494140625,124.4046630859375,87.04353332519531
2021-09-13,46.79368591308594,167.74000549316406,416.353515625,125.15911102294922,87.63250732421875
2021-09-14,46.4024772644043,168.82000732421875,414.1066589355469,126.67650604248047,87.47708129882812
2021-09-15,46.39358139038086,167.8300018310547,417.56549072265625,126.23211669921875,87.75521850585938
2021-09-16,45.8690185546875,164.02999877929688,416.9035949707031,125.65377807617188,87.8288803100586
2021-09-17,45.67341232299805,163.77000427246094,412.842529296875,125.05015563964844,87.04353332519531
2021-09-20,44.446441650390625,164.94000244140625,405.95867919921875,126.6010513305664,86.51176452636719
2021-09-21,44.775413513183594,166.0399932861328,405.57513427734375,126.49202728271484,86.55265045166016
2021-09-22,45.33554458618164,165.4199981689453,409.5314636230469,127.24651336669922,87.39529418945312
2021-09-23,45.69118881225586,163.50999450683594,414.5073547363281,124.37110137939453,87.2235107421875
2021-09-24,45.148841857910156,163.3000030517578,415.1900939941406,123.15554809570312,86.29085540771484
2021-09-27,45.44224166870117,163.63999938964844,414.0023498535156,122.70284271240234,85.13021850585938
2021-09-28,44.85543441772461,162.0500030517578,405.6593322753906,120.79150390625,84.55401611328125
2021-09-29,44.43755340576172,161.32000732421875,406.3421630859375,121.00114440917969,85.18783569335938
2021-09-30,44.7932014465332,164.22000122070312,401.37567138671875,120.98439025878906,83.78025817871094
2021-10-01,44.74873733520508,164.58999633789062,406.14569091796875,122.0024642944336,84.965576171875
2021-10-04,44.09080123901367,165.36000061035156,400.9080505371094,121.69195556640625,84.9820327758789
2021-10-05,44.4019889831543,164.58999633789062,405.0794372558594,120.5168228149414,84.39761352539062
2021-10-06,44.15303039550781,165.02999877929688,406.76300048828125,121.19673919677734,85.20429229736328
2021-10-07,45.015472412109375,164.16000366210938,410.27972412109375,119.92929077148438,85.43478393554688
2021-10-08,45.18440246582031,164.22999572753906,409.5314636230469,119.08992004394531,84.62808227539062
2021-10-11,45.095489501953125,163.9199981689453,406.56658935546875,118.78773498535156,84.84210205078125
2021-10-12,44.86432647705078,164.66000366210938,405.5657958984375,120.81896209716797,85.95336151123047
2021-10-13,45.486698150634766,167.58999633789062,407.0248718261719,121.9941177368164,86.57894897460938
2021-10-14,45.62895202636719,168.0,413.8713684082031,122.4474105834961,87.63257598876953
2021-10-15,46.180198669433594,165.3300018310547,417.0233154296875,121.73388671875,87.56673431396484
2021-10-18,46.06462097167969,164.9199981689453,418.25787353515625,122.3046875,87.78898620605469
2021-10-19,46.6781005859375,165.4499969482422,421.4847106933594,120.61752319335938,87.83013153076172
2021-10-20,46.669219970703125,166.89999389648438,423.1401672363281,119.80339050292969,89.2130355834961
2021-10-21,46.36691665649414,166.75,424.2438659667969,119.66072845458984,89.33650207519531
2021-10-22,46.26911544799805,167.77000427246094,423.80426025390625,120.97846984863281,89.75633239746094
2021-10-25,46.509178161621094,168.92999267578125,426.0770568847656,120.79387664794922,90.04441833496094
2021-10-26,46.26911544799805,167.67999267578125,426.4604797363281,121.79266357421875,90.29136657714844
2021-10-27,45.89569091796875,168.1199951171875,424.5711669921875,124.00865173339844,89.52583312988281
2021-10-28,45.94014358520508,168.0800018310547,428.66790771484375,123.5888900756836,90.77702331542969
2021-10-29,45.273311614990234,166.64999389648438,429.53765869140625,123.96666717529297,89.75633239746094
2021-11-01,45.62895202636719,167.52000427246094,430.27655029296875,123.07405853271484,90.20082092285156
2021-11-02,45.219970703125,167.16000366210938,432.0162048339844,123.620361328125,90.62886047363281
2021-11-03,45.433353424072266,165.77000427246094,434.6537170410156,122.34292602539062,90.93344116210938
2021-11-04,45.326656341552734,167.64999389648438,436.70208740234375,123.6287841796875,90.06912231445312
2021-11-05,45.273311614990234,169.83999633789062,438.21728515625,125.47774505615234,90.53009033203125
2021-11-08,45.69118881225586,170.4499969482422,438.5914001464844,125.242431640625,90.45599365234375
2021-11-09,45.51337432861328,171.2899932861328,437.14166259765625,126.87289428710938,90.61239624023438
2021-11-10,45.326656341552734,173.14999389648438,433.6249084472656,124.55327606201172,90.19258117675781
2021-11-11,46.10906982421875,174.1199951171875,433.7651672363281,124.36841583251953,90.34075164794922
2021-11-12,46.233551025390625,174.4499969482422,437.03875732421875,123.8220443725586,90.27491760253906
2021-11-15,46.082401275634766,174.17999267578125,437.1883850097656,122.26724243164062,90.90873718261719
2021-11-16,46.1446418762207,172.9199981689453,438.918701171875,121.95631408691406,90.30782318115234
2021-11-17,45.904579162597656,174.5,437.8525695800781,122.9228286743164,90.58769226074219
2021-11-18,45.344444274902344,173.94000244140625,439.33966064453125,123.38501739501953,90.60416412353516
2021-11-19,45.273311614990234,172.61000061035156,438.553955078125,124.687744140625,90.06912231445312
2021-11-22,44.90877914428711,168.74000549316406,437.31939697265625,123.22535705566406,89.62462615966797
2021-11-23,44.86432647705078,167.27999877929688,437.8992919921875,121.44369506835938,90.34899139404297
2021-11-24,44.80208206176758,167.1199951171875,439.068359375,123.39347839355469,91.44377899169922
2021-11-26,43.29948806762695,166.85000610351562,429.2757263183594,126.51152801513672,88.9002456665039
2021-11-29,43.46842575073242,166.6199951171875,434.5415954589844,125.49455261230469,89.55876159667969
2021-11-30,43.423973083496094,165.5,426.08636474609375,127.4023208618164,87.8630599975586
2021-12-01,43.58401107788086,166.16000366210938,421.353759765625,128.18826293945312,86.41431427001953
2021-12-02,44.11747360229492,165.24000549316406,427.8072814941406,128.3481903076172,89.00725555419922
2021-12-03,43.495094299316406,166.6300048828125,424.0848693847656,129.87962341308594,88.71092987060547
2021-12-06,43.83295822143555,166.22000122070312,429.1073913574219,128.09571838378906,90.26668548583984
2021-12-07,44.52646255493164,166.80999755859375,437.98345947265625,127.06070709228516,91.56723022460938
2021-12-08,44.70428466796875,166.89999389648438,439.14324951171875,124.86448669433594,92.22576904296875
2021-12-09,44.49089813232422,165.8800048828125,436.17828369140625,125.56295013427734,90.89226531982422
2021-12-10,44.52646255493164,166.5800018310547,440.28424072265625,125.25997924804688,91.17214965820312
2021-12-13,43.82032775878906,167.0,436.38409423828125,127.11116790771484,92.0282211303711
2021-12-14,43.72112274169922,165.44000244140625,433.38177490234375,126.80829620361328,90.85111236572266
2021-12-15,43.59486389160156,166.14999389648438,440.1533203125,125.58818817138672,92.12699890136719
2021-12-16,43.64897537231445,168.16000366210938,436.2717590332031,125.6370620727539,92.09405517578125
2021-12-17,43.43252944946289,167.8000030517578,431.6286315917969,127.0606918334961,91.97882080078125
2021-12-20,42.78321075439453,167.08999633789062,427.0389709472656,126.1087646484375,91.26268005371094
2021-12-21,43.50468444824219,167.02000427246094,434.62274169921875,125.62863159179688,92.2916259765625
2021-12-22,43.71210479736328,168.58999633789062,438.9683837890625,126.2098388671875,93.23825073242188
2021-12-23,43.937564849853516,168.97000122070312,441.69964599609375,125.11478424072266,93.13948059082031
2021-12-27,44.13596725463867,169.3699951171875,447.9507141113281,125.41798400878906,94.72063446044922
2021-12-28,43.99167251586914,168.63999938964844,447.5846252441406,124.92097473144531,95.06961059570312
2021-12-29,43.79327392578125,168.58999633789062,448.1571350097656,123.55628967285156,95.70939636230469
2021-12-30,44.29495620727539,169.8000030517578,446.9181823730469,124.59239959716797,96.12483215332031
2021-12-31,44.078399658203125,170.9600067138672,445.79193115234375,124.83674621582031,96.39071655273438
2022-01-03,44.39421463012695,168.3300018310547,448.3730163574219,121.55975341796875,95.63460540771484
2022-01-04,44.240814208984375,169.57000732421875,448.2229309082031,121.05426788330078,95.51830291748047
2022-01-05,43.51897048950195,169.05999755859375,439.6160583496094,120.39726257324219,92.78468322753906
2022-01-06,43.717472076416016,166.99000549316406,439.20306396484375,120.70893096923828,92.8677749633789
2022-01-07,44.11449432373047,167.75,437.4666442871094,119.84123992919922,92.2529296875
2022-01-10,44.11449432373047,168.25999450683594,436.9223327636719,120.1360855102539,91.72115325927734
2022-01-11,45.134117126464844,170.2899932861328,440.90185546875,120.93637084960938,91.8624038696289
2022-01-12,45.8830451965332,170.74000549316406,442.0939025878906,120.4730453491211,91.97041320800781
2022-01-13,45.23337936401367,170.16000366210938,436.00244140625,121.54287719726562,91.78762817382812
2022-01-14,45.21533203125,169.6699981689453,436.1807556152344,119.70647430419922,90.95673370361328
2022-01-18,44.41225814819336,169.38999938964844,428.45623779296875,118.02164459228516,90.00123596191406
2022-01-19,44.60174560546875,172.0800018310547,424.0072937011719,118.83882904052734,88.78815460205078
2022-01-20,44.86342239379883,171.64999389648438,419.31439208984375,119.57166290283203,87.64983367919922
2022-01-21,44.21375274658203,171.08999633789062,411.08294677734375,120.995361328125,87.43380737304688
2022-01-24,43.59115219116211,172.02999877929688,412.8287353515625,120.00128173828125,87.59996795654297
2022-01-25,43.50994110107422,172.5800018310547,407.78851318359375,119.80754089355469,87.25101470947266
2022-01-26,42.95952224731445,169.7899932861328,406.7654724121094,118.35858154296875,85.88835906982422
2022-01-27,42.46324920654297,167.60000610351562,404.7568054199219,120.53205871582031,84.4675521850586
2022-01-28,42.6707878112793,167.10000610351562,414.80908203125,120.57415008544922,87.20115661621094
2022-01-31,44.06938552856445,168.08999633789062,422.2802734375,119.95074462890625,88.27299499511719
2022-02-01,44.3400764465332,168.22999572753906,425.1336669921875,119.5526123046875,87.9572525024414
2022-02-02,44.26789093017578,168.83999633789062,429.26336669921875,119.95748138427734,89.07894897460938
2022-02-03,43.79868698120117,168.60000610351562,419.1736145019531,119.02115631103516,88.13175201416016
2022-02-04,43.90695571899414,168.86000061035156,421.14459228515625,117.26644897460938,87.25931549072266
2022-02-07,43.816734313964844,170.11000061035156,419.79302978515625,117.34236145019531,87.13468933105469
2022-02-08,44.240814208984375,170.6300048828125,423.2470703125,116.55784606933594,86.72753143310547
2022-02-09,44.935611724853516,171.2100067138672,429.44171142578125,116.77718353271484,88.68840026855469
2022-02-10,44.63784408569336,170.55999755859375,421.7265625,114.92133331298828,86.59461212158203
2022-02-11,43.96110153198242,173.80999755859375,413.41064453125,116.6253433227539,85.80526733398438
2022-02-14,43.65431213378906,174.74000549316406,412.0590515136719,115.17439270019531,85.02425384521484
2022-02-15,44.60174560546875,173.0800018310547,418.70428466796875,113.86688995361328,85.78865814208984
2022-02-16,44.92658615112305,174.86000061035156,419.1736145019531,114.54169464111328,86.18746948242188
2022-02-17,44.403236389160156,177.25,410.2193603515625,115.39373779296875,85.27349853515625
2022-02-18,43.96110153198242,177.1199951171875,407.56317138671875,116.6084976196289,84.75835418701172
2022-02-22,43.3385009765625,177.49000549316406,403.1893615722656,116.91215515136719,84.45092010498047
2022-02-23,42.83320236206055,178.2899932861328,396.0374450683594,115.30094909667969,83.0550308227539
2022-02-24,41.94892883300781,177.13999938964844,401.99737548828125,115.37686920166016,84.45092010498047
2022-02-25,42.72492218017578,176.5500030517578,410.86712646484375,115.46123504638672,86.48657989501953
2022-02-28,42.16548538208008,178.3800048828125,409.81591796875,117.9919662475586,85.19872283935547
2022-03-01,41.60604476928711,181.6199951171875,403.57427978515625,119.35610961914062,84.75004577636719
2022-03-02,41.678226470947266,179.72999572753906,410.99847412109375,115.27625274658203,86.33702087402344
2022-03-03,41.09172058105469,180.8000030517578,408.952392578125,116.4504165649414,87.04328918457031
2022-03-04,40.26158142089844,183.67999267578125,405.6297607421875,118.46078491210938,87.44210815429688
2022-03-07,38.75471115112305,186.41000366210938,393.672119140625,117.55693054199219,85.71387481689453
2022-03-08,38.88103485107422,191.50999450683594,390.6873779296875,116.37435150146484,85.29843139648438
2022-03-09,39.981868743896484,185.82000732421875,401.16204833984375,115.23399353027344,86.61124420166016
2022-03-10,39.232933044433594,186.39999389648438,399.3505554199219,113.57838439941406,86.82726287841797
2022-03-11,38.411827087402344,185.08999633789062,394.2728271484375,113.95851135253906,86.13763427734375
2022-03-14,37.48243713378906,182.3000030517578,391.3913269042969,111.2977066040039,85.46461486816406
2022-03-15,37.53657150268555,178.88999938964844,399.9982604980469,111.10343933105469,86.03790283203125
2022-03-16,40.559356689453125,180.00999450683594,408.86785888671875,112.19310760498047,87.05989837646484
2022-03-17,40.3518180847168,180.88999938964844,413.9832763671875,111.35686492919922,88.40592956542969
2022-03-18,40.929298400878906,179.3000030517578,418.51751708984375,112.71683502197266,88.40592956542969
2022-03-21,40.297672271728516,180.6699981689453,418.39508056640625,110.10667419433594,87.86583709716797
2022-03-22,41.02855682373047,179.36000061035156,423.2908630371094,108.69605255126953,88.09017944335938
2022-03-23,40.75785827636719,181.80999755859375,417.8395690917969,111.07807922363281,87.10189056396484
2022-03-24,40.974422454833984,183.1300048828125,424.13824462890625,110.20806121826172,87.65327453613281
2022-03-25,40.64958190917969,182.3800048828125,426.2095642089844,108.67913818359375,88.74766540527344
2022-03-28,40.78493118286133,179.05999755859375,429.2411804199219,109.60829162597656,89.69171142578125
2022-03-29,41.47971725463867,179.13999938964844,434.5513000488281,110.43614196777344,92.32331848144531
2022-03-30,41.36241149902344,180.5800018310547,431.86798095703125,111.2977066040039,91.65497589111328
2022-03-31,40.73981475830078,180.64999389648438,425.220947265625,111.56803894042969,90.53549194335938
2022-04-01,41.41655731201172,179.5,426.4261474609375,111.9926986694336,92.29826354980469
2022-04-04,42.147438049316406,180.3699951171875,430.0791320800781,111.21440124511719,91.84713745117188
2022-04-05,41.37144088745117,179.24000549316406,424.6466064453125,108.70179748535156,91.39598846435547
2022-04-06,40.830047607421875,179.66000366210938,420.4004821777344,107.82194519042969,92.4820327758789
2022-04-07,40.505210876464844,180.33999633789062,422.5188903808594,107.00981903076172,91.56307220458984
2022-04-08,40.54130172729492,181.47000122070312,421.3890380859375,105.85078430175781,91.71345520019531
2022-04-11,40.036006927490234,182.3699951171875,414.18658447265625,104.17570495605469,90.72765350341797
2022-04-12,39.90967559814453,183.77000427246094,412.6519470214844,104.03190612792969,90.59398651123047
2022-04-13,40.43302536010742,184.64999389648438,417.3782043457031,104.24339294433594,91.23725128173828
2022-04-14,39.90967559814453,184.0399932861328,412.1811218261719,102.15377044677734,90.84461212158203
2022-04-18,39.774330139160156,184.61000061035156,412.3506164550781,101.64619445800781,90.47702026367188
2022-04-19,39.5758171081543,181.82000732421875,419.0070495605469,100.88479614257812,92.44862365722656
2022-04-20,39.34121322631836,182.7100067138672,418.6963195800781,102.91521453857422,93.98583221435547
2022-04-21,38.58326721191406,182.05999755859375,412.4353332519531,102.15377044677734,93.33418273925781
2022-04-22,38.24038314819336,180.2899932861328,401.1184997558594,101.5108413696289,91.69673919677734
2022-04-25,37.960662841796875,177.0500030517578,403.4439392089844,102.52603912353516,91.46281433105469
2022-04-26,37.130531311035156,177.32000732421875,391.75994873046875,103.55815887451172,89.95904541015625
2022-04-27,37.56364440917969,175.97999572753906,392.8614501953125,102.22992706298828,89.36591339111328
2022-04-28,38.10503387451172,176.92999267578125,402.7848815917969,102.3822250366211,91.01168823242188
2022-04-29,38.24038314819336,176.91000366210938,387.89971923828125,101.05402374267578,86.83454895019531
2022-05-02,38.186241149902344,173.6300048828125,390.23468017578125,99.30236053466797,84.73761749267578
2022-05-03,38.46596908569336,174.08999633789062,392.02349853515625,99.9718017578125,85.79025268554688
2022-05-04,38.88103485107422,175.8000030517578,403.96185302734375,100.52265930175781,86.77607727050781
2022-05-05,37.44633865356445,175.1300048828125,389.6039123535156,97.76849365234375,84.4619140625
2022-05-06,36.9320182800293,175.4199981689453,387.2783508300781,96.32787322998047,83.45941162109375
2022-05-09,35.86727523803711,172.8800048828125,374.87872314453125,97.17530059814453,79.78351593017578
2022-05-10,36.03871536254883,171.4199981689453,375.74493408203125,98.05662536621094,78.32986450195312
2022-05-11,35.786067962646484,172.82000732421875,369.7757263183594,99.94642639160156,78.16278839111328
2022-05-12,35.55146789550781,170.1699981689453,369.38970947265625,99.75997924804688,78.77264404296875
2022-05-13,36.535003662109375,168.7899932861328,378.2210998535156,98.28543853759766,80.8528823852539
2022-05-16,36.390628814697266,170.39999389648438,376.6864013671875,98.18372344970703,80.34326171875
2022-05-17,37.2839241027832,169.3300018310547,384.4349670410156,96.99732208251953,81.43766784667969
2022-05-18,36.390628814697266,169.4199981689453,368.93780517578125,99.06507110595703,79.07339477539062
2022-05-19,36.968109130859375,171.91000366210938,366.67816162109375,99.30236053466797,78.7225341796875
2022-05-20,37.121498107910156,172.02999877929688,366.83831787109375,100.42945098876953,79.22377014160156
2022-05-23,37.401222229003906,172.8300018310547,373.7018737792969,98.77693176269531,80.14274597167969
2022-05-24,36.751556396484375,174.1300048828125,370.84912109375,100.72604370117188,80.8194580078125
2022-05-25,36.9320182800293,173.0800018310547,374.1255798339844,101.12434387207031,81.50450897216797
2022-05-26,37.50950622558594,172.75999450683594,381.6011047363281,100.66670227050781,81.60474395751953
2022-05-27,37.9426155090332,172.85000610351562,390.9691162109375,100.91248321533203,83.79358673095703
2022-05-31,38.4749870300293,171.13999938964844,388.7753601074219,98.77693176269531,82.76600646972656
2022-06-01,38.20429229736328,172.22999572753906,385.6306457519531,98.66401672363281,82.0809326171875
2022-06-02,38.86299133300781,174.35000610351562,392.9744567871094,98.7149658203125,83.20877838134766
2022-06-03,38.23135757446289,172.5800018310547,386.5251770019531,98.50275421142578,82.09765625
2022-06-06,38.43889617919922,171.82000732421875,387.7020263671875,96.68600463867188,81.83867645263672
2022-06-07,38.55619812011719,172.94000244140625,391.4209899902344,97.73020935058594,82.96649932861328
2022-06-08,38.763729095458984,172.77999877929688,387.1653747558594,96.86427307128906,81.0533676147461
2022-06-09,37.846458435058594,172.22999572753906,377.9574279785156,97.1868667602539,79.13188171386719
2022-06-10,37.4278678894043,174.5399932861328,366.9983215332031,96.58414459228516,77.37748718261719
2022-06-13,36.11747741699219,169.92999267578125,353.0640869140625,93.55341339111328,73.50943756103516
2022-06-14,36.617977142333984,168.57000732421875,352.00018310546875,92.37335968017578,72.94969177246094
2022-06-15,37.10026931762695,170.77000427246094,357.0184020996094,94.09673309326172,74.67903900146484
2022-06-16,35.96278381347656,172.69000244140625,345.2025146484375,94.84378051757812,72.71578216552734
2022-06-17,36.099273681640625,171.27000427246094,345.9466247558594,95.14942169189453,73.26716613769531
2022-06-21,36.68167495727539,170.6300048828125,354.65545654296875,93.53641510009766,74.2863998413086
2022-06-22,36.0264778137207,171.30999755859375,354.012451171875,96.10869598388672,75.23043060302734
2022-06-23,36.135684967041016,170.25999450683594,357.4826965332031,96.89822387695312,76.65971374511719
2022-06-24,36.99107360839844,170.08999633789062,368.84832763671875,95.55690002441406,78.29076385498047
2022-06-27,37.03657150268555,169.89999389648438,367.4394836425781,94.74195861816406,78.17306518554688
2022-06-28,36.8090705871582,169.6199951171875,359.9317321777344,95.1833724975586,77.2229995727539
2022-06-29,36.663475036621094,169.49000549316406,359.63861083984375,96.66899871826172,76.7437744140625
2022-06-30,36.49056625366211,168.4600067138672,356.7167053222656,97.5179672241211,76.60086059570312
2022-07-01,36.2630729675293,168.32000732421875,360.4896240234375,98.51914978027344,77.97969055175781
2022-07-05,35.98098373413086,164.75,361.1703796386719,99.293212890625,77.7610855102539
2022-07-06,35.762577056884766,162.13999938964844,362.3901672363281,97.62600708007812,77.61817169189453
2022-07-07,36.48147964477539,162.22999572753906,367.81768798828125,96.76686096191406,77.82835388183594
2022-07-08,36.48147964477539,162.3000030517578,367.51519775390625,95.69507598876953,77.41637420654297
2022-07-11,35.507789611816406,161.42999267578125,363.31683349609375,97.34529113769531,77.24823760986328
2022-07-12,35.37129211425781,160.8300018310547,360.1019592285156,97.92369842529297,76.945556640625
2022-07-13,35.28938674926758,161.60000610351562,358.2107238769531,99.04651641845703,76.57563781738281
2022-07-14,34.97088623046875,159.3300018310547,357.3408203125,98.23843383789062,75.88621520996094
2022-07-15,35.152889251708984,159.00999450683594,364.16790771484375,98.7913589477539,77.17256927490234
2022-07-18,35.398590087890625,159.16000366210938,361.16094970703125,97.7621078491211,76.62608337402344
2022-07-19,35.98098373413086,159.5399932861328,370.9192199707031,97.23468780517578,78.6102523803711
2022-07-20,35.82627868652344,158.0399932861328,373.283203125,97.48986053466797,78.42528533935547
2022-07-21,36.235774993896484,160.27000427246094,377.0843505859375,99.17414855957031,79.04744720458984
2022-07-22,35.87178421020508,160.6699981689453,373.58575439453125,100.84132385253906,79.45940399169922
2022-07-25,35.99918746948242,160.22999572753906,374.0395202636719,99.85462188720703,79.59392547607422
2022-07-26,35.71709060668945,160.0399932861328,369.6143798828125,99.93115234375,79.67798614501953
2022-07-27,36.381378173828125,161.6699981689453,379.2118835449219,99.3697738647461,80.1572265625
2022-07-28,36.53607940673828,163.63999938964844,383.9681701660156,100.16085052490234,82.75516510009766
2022-07-29,36.363182067871094,164.10000610351562,389.56585693359375,99.88863372802734,83.20075225830078
2022-08-01,36.05377960205078,165.02999877929688,388.4123229980469,102.2943115234375,82.52815246582031
2022-08-02,35.880882263183594,164.0500030517578,385.8498229980469,100.12979888916016,81.46879577636719
2022-08-03,36.16297912597656,164.4499969482422,391.89202880859375,101.70632934570312,81.72942352294922
2022-08-04,36.41777801513672,167.1699981689453,391.6272277832031,101.67221069335938,81.60333251953125
2022-08-05,36.45417785644531,165.2899932861328,390.9653015136719,99.2520751953125,81.830322265625
2022-08-08,36.49967956542969,166.69000244140625,390.5114440917969,100.85415649414062,82.56178283691406
2022-08-09,36.363182067871094,167.1999969482422,388.9607238769531,100.46214294433594,83.01577758789062
2022-08-10,36.818172454833984,166.77999877929688,397.1304626464844,99.80599212646484,84.27690887451172
2022-08-11,36.963775634765625,166.33999633789062,397.1304626464844,97.47955322265625,84.07513427734375
2022-08-12,37.35506820678711,167.8699951171875,403.8534240722656,98.46807861328125,85.52120971679688
2022-08-15,37.18217086791992,165.7100067138672,405.5177307128906,98.38286590576172,85.86593627929688
2022-08-16,37.173065185546875,165.4199981689453,406.31201171875,98.79190063476562,85.6389389038086
2022-08-17,37.018367767333984,164.35000610351562,403.42791748046875,97.76079559326172,85.12608337402344
2022-08-18,36.8090705871582,163.9199981689453,404.6004943847656,97.9056625366211,84.5627670288086
2022-08-19,36.30857849121094,162.72000122070312,399.1634826660156,96.32914733886719,83.67159271240234
2022-08-22,35.990081787109375,161.63999938964844,390.8518981933594,96.00531005859375,81.84715270996094
2022-08-23,36.181175231933594,162.77000427246094,389.9063415527344,95.47696685791016,80.79620361328125
2022-08-24,36.172080993652344,163.25,391.15447998046875,94.77821350097656,81.25861358642578
2022-08-25,36.95466995239258,163.75,396.67657470703125,96.09903717041016,82.46928405761719
2022-08-26,36.40867233276367,161.75999450683594,383.24945068359375,96.82341766357422,80.39265441894531
2022-08-29,36.181175231933594,161.86000061035156,380.71533203125,96.02236938476562,79.66958618164062
2022-08-30,35.753482818603516,160.50999450683594,376.5360107421875,96.26097869873047,78.56822967529297
2022-08-31,35.880882263183594,159.27000427246094,373.6708068847656,95.3405990600586,78.19827270507812
2022-09-01,35.59878158569336,157.8699951171875,374.84332275390625,93.59510803222656,78.34121704101562
2022-09-02,35.271183013916016,159.25999450683594,370.8908996582031,94.12458801269531,77.24823760986328
2022-09-06,34.85259246826172,158.3300018310547,369.4914245605469,91.79325103759766,77.94606018066406
2022-09-07,35.1619873046875,159.94000244140625,376.12933349609375,93.24498748779297,79.46781158447266
2022-09-08,34.97088623046875,158.97999572753906,378.5878601074219,92.28851318359375,79.68641662597656
2022-09-09,35.489585876464844,159.82000732421875,384.4692687988281,92.49348449707031,80.55237579345703
2022-09-12,36.01738357543945,160.6300048828125,388.6014709472656,91.73347473144531,81.33429718017578
2022-09-13,34.907188415527344,158.5399932861328,371.7040710449219,91.94695281982422,78.22349548339844
2022-09-14,35.0800895690918,157.92999267578125,373.1224365234375,92.26290893554688,77.33231353759766
2022-09-15,34.70699691772461,154.97999572753906,368.8862609863281,92.2031478881836,75.90301513671875
2022-09-16,34.38850784301758,155.83999633789062,366.0720520019531,91.43457794189453,75.91143798828125
2022-09-19,34.49769973754883,155.9600067138672,368.9109191894531,91.64804077148438,75.8021469116211
2022-09-20,34.30660629272461,155.07000732421875,364.67633056640625,90.73430633544922,73.9609146118164
2022-09-21,33.733306884765625,155.7899932861328,358.3150329589844,92.2543716430664,72.79224395751953
2022-09-22,33.56950759887695,155.6999969482422,355.30523681640625,89.89743041992188,71.86744689941406
2022-09-23,32.74141311645508,153.00999450683594,349.3521423339844,90.26461791992188,70.91218566894531
2022-09-26,32.341026306152344,151.22999572753906,345.8961486816406,88.53959655761719,68.92351531982422
2022-09-27,32.30462646484375,151.5399932861328,345.0131530761719,86.20825958251953,68.00567626953125
2022-09-28,32.58672332763672,154.69000244140625,351.80169677734375,89.09468841552734,69.41643524169922
2022-09-29,31.858734130859375,154.66000366210938,344.4530334472656,88.63352966308594,67.37678527832031
2022-09-30,31.74043846130371,154.6699981689453,339.12652587890625,87.48925018310547,68.1331558227539
2022-10-03,32.259124755859375,158.42999267578125,348.0798645019531,88.87938690185547,69.34843444824219
2022-10-04,33.31471252441406,160.6999969482422,358.8656311035156,88.63114929199219,70.75071716308594
2022-10-05,33.33291244506836,159.80999755859375,358.03021240234375,87.78369140625,69.36544036865234
2022-10-06,33.13271713256836,159.6300048828125,354.33685302734375,87.29579162597656,67.43626403808594
2022-10-07,32.441123962402344,157.8800048828125,344.4530334472656,86.44830322265625,65.81303405761719
2022-10-10,31.986127853393555,155.47999572753906,341.8229675292969,85.10438537597656,65.192626953125
2022-10-11,31.476533889770508,155.16000366210938,339.6581726074219,85.48101043701172,65.85552978515625
2022-10-12,31.5129337310791,155.99000549316406,338.53778076171875,85.90047454833984,65.16715240478516
2022-10-13,31.603931427001953,154.91000366210938,347.4722595214844,85.07868957519531,66.35694885253906
2022-10-14,31.1307373046875,152.97999572753906,339.5537414550781,84.37677001953125,64.70822143554688
2022-10-17,31.986127853393555,153.4199981689453,348.2793273925781,83.96588897705078,67.14730834960938
2022-10-18,31.995229721069336,153.75,352.3713684082031,84.16281127929688,67.87818145751953
2022-10-19,31.41283416748047,151.69000244140625,349.8743896484375,82.63050079345703,66.1869888305664
2022-10-20,31.6130313873291,151.4499969482422,346.94049072265625,81.21808624267578,65.89802551269531
2022-10-21,32.0953254699707,154.14999389648438,355.3717346191406,79.75432586669922,66.41644287109375
2022-10-24,30.875938415527344,153.64999389648438,359.72021484375,79.09520721435547,66.4079360961914
2022-10-25,31.1307373046875,154.0,365.4644470214844,81.39787292480469,69.01698303222656
2022-10-26,31.640329360961914,154.97999572753906,362.7109375,82.57060241699219,68.97452545166016
2022-10-27,31.394636154174805,154.74000549316406,360.7741394042969,83.43514251708984,69.07646942138672
2022-10-28,31.20353889465332,153.16000366210938,369.35711669921875,82.86164855957031,70.59772491455078
2022-10-31,31.112537384033203,151.91000366210938,366.6891784667969,82.27099609375,70.52127075195312
2022-11-01,31.685829162597656,153.4600067138672,365.0846862792969,83.03984832763672,70.4957504272461
2022-11-02,31.421934127807617,152.38999938964844,355.92242431640625,82.679443359375,68.5580825805664
2022-11-03,31.603931427001953,151.80999755859375,352.25750732421875,82.23323059082031,68.46459197998047
2022-11-04,32.94161605834961,156.47000122070312,357.3276062011719,80.8516616821289,69.39942932128906
2022-11-07,32.95981979370117,155.85000610351562,360.74566650390625,80.0450210571289,69.39942932128906
2022-11-08,33.1964111328125,159.4499969482422,362.6919860839844,80.92033386230469,69.61190032958984
2022-11-09,32.62311935424805,158.64999389648438,355.2198181152344,81.18633270263672,68.89802551269531
2022-11-10,33.80610656738281,163.47999572753906,374.7406005859375,84.30986785888672,73.93767547607422
2022-11-11,34.725196838378906,164.55999755859375,378.3675537109375,84.00096893310547,73.9291763305664
2022-11-14,34.51589584350586,164.9199981689453,375.1488342285156,83.79501342773438,72.12748718261719
2022-11-15,35.30759048461914,165.5,378.34857177734375,85.15084838867188,72.90933990478516
2022-11-16,34.74339294433594,165.1199951171875,375.462158203125,87.012939453125,72.24646759033203
2022-11-17,34.80709457397461,163.9199981689453,374.3133239746094,86.09477233886719,71.75353240966797
2022-11-18,34.606895446777344,162.7899932861328,376.0128479003906,85.5026626586914,72.66289520263672
2022-11-21,34.17009735107422,161.8800048828125,374.64569091796875,85.8630599975586,73.04531860351562
2022-11-22,34.25200653076172,162.07000732421875,379.687255859375,87.08161163330078,73.44475555419922
2022-11-23,34.53409957885742,163.0800018310547,382.0799255371094,88.60044860839844,73.5042495727539
2022-11-25,34.37030029296875,163.22000122070312,381.9944152832031,88.30010223388672,73.9716796875
2022-11-28,34.21560287475586,161.92999267578125,375.8989562988281,88.5489730834961,71.99150085449219
2022-11-29,34.952693939208984,162.72999572753906,375.2533264160156,87.51065063476562,73.1812973022461
2022-11-30,35.96278381347656,164.80999755859375,387.0740661621094,88.15425872802734,74.85552215576172
2022-12-01,35.844478607177734,167.83999633789062,386.7891540527344,90.97039031982422,74.69404602050781
2022-12-02,35.98098373413086,167.25999450683594,386.3428649902344,92.11439514160156,74.47309112548828
2022-12-05,35.57148361206055,164.38999938964844,379.3929138183594,90.8241958618164,73.1133041381836
2022-12-06,35.5259895324707,164.83999633789062,373.9240417480469,91.99400329589844,72.4249267578125
2022-12-07,35.31669235229492,166.3300018310547,373.2879638671875,94.16160583496094,72.56941223144531
2022-12-08,35.744384765625,166.47000122070312,376.2122497558594,93.90350341796875,73.0793228149414
2022-12-09,35.507789611816406,167.05999755859375,373.4018249511719,91.460693359375,72.94335174560547
2022-12-12,35.398590087890625,165.67999267578125,378.7852478027344,91.7531509399414,73.5042495727539
2022-12-13,35.65172576904297,168.50999450683594,381.6526184082031,92.63911437988281,74.86402130126953
2022-12-14,35.670204162597656,168.10000610351562,379.2125244140625,93.03479766845703,74.3541259765625
2022-12-15,34.84796905517578,165.35000610351562,369.9363708496094,93.39778900146484,73.35977172851562
2022-12-16,34.9495964050293,166.7899932861328,365.56884765625,92.35448455810547,71.46459197998047
2022-12-19,34.9773063659668,166.32000732421875,362.4688720703125,90.80243682861328,70.55524444580078
2022-12-20,34.96807098388672,169.0800018310547,362.9648742675781,89.19004821777344,70.37676239013672
2022-12-21,35.28217697143555,168.8000030517578,368.3921203613281,89.41425323486328,70.98017120361328
2022-12-22,34.96807098388672,166.75999450683594,363.1366271972656,89.39698791503906,70.68196105957031
2022-12-23,34.921875,167.25999450683594,365.2254638671875,88.08638763427734,71.3111343383789
2022-12-27,35.43924331665039,168.6699981689453,363.7851867675781,86.34467315673828,71.2852783203125
2022-12-28,34.921875,167.91000366210938,359.2641296386719,85.8359603881836,70.0700454711914
2022-12-29,35.503902435302734,168.85000610351562,365.73095703125,86.81029510498047,71.60415649414062
2022-12-30,35.01426696777344,169.63999938964844,364.7676086425781,85.8445816040039,71.08704376220703
2023-01-03,35.309898376464844,171.05999755859375,363.2319641113281,87.48283386230469,71.15599060058594
2023-01-04,36.37232971191406,172.6699981689453,366.0361633300781,88.68131256103516,72.76768493652344
2023-01-05,36.26146697998047,170.52000427246094,361.8584899902344,89.05210876464844,70.81123352050781
2023-01-06,37.01903533935547,173.7100067138672,370.1566467285156,90.69036102294922,72.71599578857422
2023-01-09,37.29619598388672,174.10000610351562,369.94683837890625,91.17320251464844,72.74182891845703
2023-01-10,37.564117431640625,174.74000549316406,372.54119873046875,89.66429901123047,72.90558624267578
2023-01-11,37.721168518066406,174.6199951171875,377.2530517578125,91.12147521972656,75.5170669555664
2023-01-12,37.90594482421875,176.63999938964844,378.6266174316406,92.9149398803711,76.4737319946289
2023-01-13,38.15538787841797,178.75999450683594,380.0954895019531,92.04402160644531,75.99968719482422
2023-01-17,37.94289779663086,177.58999633789062,379.39910888671875,91.4491195678711,76.21517944335938
2023-01-18,37.684207916259766,177.0800018310547,373.4091796875,93.66504669189453,75.10336303710938
2023-01-19,37.97060775756836,179.88999938964844,370.6908874511719,93.0787582397461,74.68965911865234
2023-01-20,38.552642822265625,179.2899932861328,377.59637451171875,91.56983947753906,75.577392578125
2023-01-23,38.82979965209961,179.6300048828125,382.1270751953125,91.13873291015625,75.92213439941406
2023-01-24,38.85751724243164,180.27999877929688,381.7169494628906,92.44931030273438,76.11174011230469
2023-01-25,38.894466400146484,181.11000061035156,381.8600158691406,92.67349243164062,76.1462173461914
2023-01-26,39.26401901245117,179.47000122070312,386.05682373046875,92.24237060546875,76.99947357177734
2023-01-27,39.07924270629883,179.22000122070312,386.9438781738281,92.00960540771484,77.86133575439453
2023-01-30,38.29396438598633,178.75999450683594,382.0888977050781,91.67332458496094,76.87019348144531
2023-01-31,38.210819244384766,179.41000366210938,387.7069396972656,92.40623474121094,78.48188781738281
2023-02-01,38.68198013305664,181.6699981689453,391.82733154296875,93.51704406738281,78.96454620361328
2023-02-02,38.45101547241211,177.89999389648438,397.5311584472656,93.6380844116211,80.75723266601562
2023-02-03,37.767364501953125,173.4600067138672,393.30572509765625,92.23763275146484,79.2403335571289
2023-02-06,37.21304702758789,173.82000732421875,390.90216064453125,91.55471801757812,78.6628646850586
2023-02-07,37.36086654663086,173.97999572753906,396.0146484375,90.81993103027344,78.49051666259766
2023-02-08,37.314674377441406,174.41000366210938,391.68426513671875,91.25216674804688,78.11990356445312
2023-02-09,37.490203857421875,173.02999877929688,388.28863525390625,90.38768768310547,77.26666259765625
2023-02-10,37.12989807128906,173.36000061035156,389.1948547363281,89.37628936767578,77.53384399414062
2023-02-13,37.434776306152344,172.47999572753906,393.76361083984375,90.12840270996094,78.22332000732422
2023-02-14,37.3701057434082,172.61000061035156,393.5823669433594,89.9208984375,77.60279083251953
2023-02-15,37.055992126464844,170.88999938964844,394.8604736328125,89.08235931396484,77.91303253173828
2023-02-16,37.06522750854492,170.75,389.4237976074219,87.82027435302734,77.15460968017578
2023-02-17,36.658729553222656,171.25999450683594,388.4509582519531,88.50316619873047,76.85295104980469
2023-02-21,36.196800231933594,170.6199951171875,380.6581726074219,86.78291320800781,75.3102035522461
2023-02-22,36.02127456665039,169.66000366210938,380.1335754394531,87.5782241821289,74.62931060791016
2023-02-23,36.196800231933594,169.57000732421875,382.15570068359375,88.43404388427734,75.18954467773438
2023-02-24,35.38380432128906,168.35000610351562,378.0733947753906,87.28430938720703,73.8708724975586
2023-02-27,35.56857681274414,169.00999450683594,379.3609619140625,87.52638244628906,73.98291015625
2023-02-28,35.31913375854492,169.77999877929688,377.9588928222656,87.92400360107422,73.87950897216797
2023-03-01,36.076698303222656,170.75999450683594,376.5090637207031,86.97941589355469,72.94868469238281
2023-03-02,36.2060432434082,170.66000366210938,379.43731689453125,86.2081527709961,73.80192565917969
2023-03-03,36.52939224243164,172.49000549316406,385.52264404296875,88.2966537475586,74.92236328125
2023-03-06,36.400054931640625,171.6199951171875,385.7897033691406,87.61204528808594,74.62931060791016
2023-03-07,35.790306091308594,168.6199951171875,379.8760681152344,88.1493148803711,72.88835144042969
2023-03-08,35.93812561035156,168.5399932861328,380.4959716796875,88.23595428466797,73.72438049316406
2023-03-09,35.14360427856445,170.1999969482422,373.4759826660156,88.45263671875,72.03510284423828
2023-03-10,34.958831787109375,173.8699951171875,368.0869140625,91.5030288696289,69.64771270751953
2023-03-13,35.01426696777344,177.86000061035156,367.56231689453125,91.71100616455078,70.56129455566406
2023-03-14,35.03274154663086,176.8300018310547,373.63812255859375,90.203125,71.24217987060547
2023-03-15,34.43223190307617,178.2100067138672,371.3012390136719,91.94496154785156,71.19047546386719
2023-03-16,34.958831787109375,178.57000732421875,377.8158264160156,91.22569274902344,71.03533935546875
2023-03-17,34.74634552001953,183.77000427246094,373.3981628417969,92.59489440917969,69.42362976074219
2023-03-20,34.87568283081055,183.83999633789062,376.988525390625,91.78030395507812,70.216552734375
2023-03-21,35.18980026245117,180.3699951171875,381.9385986328125,90.99171447753906,69.90628051757812
2023-03-22,35.3283805847168,183.44000244140625,375.42791748046875,92.20494842529297,67.2948226928711
2023-03-23,35.81801986694336,185.74000549316406,376.44287109375,92.20494842529297,66.87249755859375
2023-03-24,35.72563171386719,183.64999389648438,378.9130554199219,92.59489440917969,68.58740234375
2023-03-27,35.53162384033203,181.9499969482422,379.6216125488281,90.41976928710938,68.50906372070312
2023-03-28,36.03974151611328,183.44000244140625,378.76947021484375,90.58442687988281,68.3436508178711
2023-03-29,36.1413688659668,182.52999877929688,384.2748107910156,90.40245819091797,69.85834503173828
2023-03-30,36.50167465209961,184.17999267578125,386.52490234375,90.81839752197266,70.77237701416016
2023-03-31,36.45548629760742,183.22000122070312,391.97271728515625,92.17893981933594,72.28707122802734
2023-04-03,36.52939224243164,184.5399932861328,393.4664306640625,92.61248016357422,71.7125244140625
2023-04-04,36.52939224243164,187.97999572753906,391.2834777832031,93.0728988647461,71.61676025390625
2023-04-05,36.24299621582031,187.8300018310547,390.2589111328125,94.04593658447266,71.23374938964844
2023-04-06,36.390811920166016,186.49000549316406,391.7812805175781,94.2892074584961,71.72122955322266
2023-04-10,36.42776870727539,185.11000061035156,392.18341064453125,92.76885986328125,72.05203247070312
2023-04-11,36.64949417114258,186.27999877929688,392.2886962890625,92.95996856689453,72.35671997070312
2023-04-12,36.390811920166016,187.19000244140625,390.68975830078125,92.86443328857422,72.00849914550781
2023-04-13,36.88970184326172,189.72000122070312,395.8791809082031,92.13462829589844,71.7908706665039
2023-04-14,36.69568634033203,186.36000061035156,394.91217041015625,91.29190826416016,70.67662811279297
2023-04-17,36.852745056152344,185.52999877929688,396.32916259765625,90.2059326171875,72.14777374267578
2023-04-18,36.80655288696289,186.25,396.587646484375,90.52738189697266,71.98239135742188
2023-04-19,36.437007904052734,185.36000061035156,396.5206298828125,90.44049072265625,72.40894317626953
2023-04-20,36.38157653808594,186.08999633789062,394.3569030761719,91.21373748779297,71.69511413574219
2023-04-21,36.03974151611328,184.25,394.66326904296875,90.7011489868164,71.70382690429688
2023-04-24,35.95659637451172,184.80999755859375,395.07489013671875,91.57859802246094,71.43397521972656
2023-04-25,35.28217697143555,185.75,388.8035583496094,92.92523956298828,70.72885131835938
2023-04-26,35.48543167114258,184.74000549316406,387.15673828125,91.93482971191406,70.04985046386719
2023-04-27,35.96583557128906,184.75,394.8642883300781,91.02259826660156,71.6341781616211
2023-04-28,36.150611877441406,184.8000030517578,398.2344970703125,92.4908447265625,72.51341247558594
2023-05-01,36.03050994873047,183.97000122070312,397.8323974609375,89.82391357421875,71.97367858886719
2023-05-02,35.679439544677734,187.52000427246094,393.361083984375,92.06233215332031,70.7549819946289
2023-05-03,35.6240119934082,189.11000061035156,390.66107177734375,92.57621002197266,70.47640228271484
2023-05-04,35.9104118347168,190.44000244140625,387.89404296875,91.66166687011719,71.05965423583984
2023-05-05,36.390811920166016,187.4600067138672,395.07489013671875,91.3568115234375,72.24351501464844
2023-05-08,36.40928649902344,187.69000244140625,395.18023681640625,90.07649993896484,71.82569885253906
2023-05-09,36.187564849853516,189.02000427246094,393.4472351074219,89.75422668457031,71.52103424072266
2023-05-10,36.16909408569336,188.75,395.2856140136719,90.62519836425781,72.20870971679688
2023-05-11,36.03974151611328,187.1300048828125,394.59619140625,91.583251953125,71.41654968261719
2023-05-12,35.614768981933594,186.80999755859375,394.0791931152344,90.81680297851562,71.4078369140625
2023-05-15,36.27070999145508,187.2100067138672,395.4386901855469,89.87615966796875,71.28598022460938
2023-05-16,36.01203155517578,184.8699951171875,392.79620361328125,89.60617065429688,69.5014419555664
2023-05-17,36.178321838378906,184.22999572753906,397.5643005371094,89.34487915039062,70.44158172607422
2023-05-18,35.98431396484375,181.83999633789062,401.3941345214844,88.68290710449219,70.10206604003906
2023-05-19,36.01203155517578,183.63999938964844,400.81005859375,88.0558090209961,69.9889144897461
2023-05-22,36.30766677856445,183.2100067138672,400.97283935546875,87.74227142333984,70.41546630859375
2023-05-23,35.74411392211914,183.42999267578125,396.4728088378906,87.99485778808594,69.7538833618164
2023-05-24,35.476192474365234,181.9499969482422,393.6004638671875,87.55934143066406,68.25660705566406
2023-05-25,35.40228271484375,180.1999969482422,397.00897216796875,87.34162139892578,68.2479019165039
2023-05-26,36.03050994873047,180.9199981689453,402.1505126953125,88.04710388183594,69.03135681152344
2023-05-30,35.614768981933594,182.0399932861328,402.3037109375,88.92680358886719,69.29249572753906
2023-05-31,35.28217697143555,182.32000732421875,400.07281494140625,89.70194244384766,69.64071655273438
2023-06-01,35.9104118347168,183.75999450683594,403.8739318847656,90.05392456054688,69.64942932128906
2023-06-02,36.52939224243164,181.0500030517578,409.71441650390625,89.06707763671875,71.34691619873047
2023-06-05,36.52014923095703,182.13999938964844,408.9293212890625,88.90116882324219,70.85072326660156
2023-06-06,36.843505859375,182.33999633789062,409.8197021484375,89.42513275146484,71.52972412109375
2023-06-07,36.685218811035156,180.14999389648438,408.4026794433594,88.09773254394531,72.84417724609375
2023-06-08,36.9459228515625,182.52999877929688,410.8729248046875,89.12821197509766,72.39151763916016
2023-06-09,37.113521575927734,182.0399932861328,411.6101379394531,89.00594329833984,71.97367858886719
2023-06-12,37.188011169433594,181.8800048828125,415.3442687988281,89.26792907714844,71.99108123779297
2023-06-13,37.56044387817383,180.5399932861328,418.0825500488281,88.38593292236328,72.45246887207031
2023-06-14,37.83977508544922,180.63999938964844,418.5804138183594,89.09327697753906,72.7223129272461
2023-06-15,38.193599700927734,181.91000366210938,423.7698059082031,89.9491195678711,73.10533905029297
2023-06-16,38.0632438659668,181.6300048828125,422.326416015625,89.59978485107422,73.0531005859375
2023-06-20,37.31836700439453,179.75,420.13531494140625,90.2198257446289,72.19129943847656
2023-06-21,37.14145278930664,179.49000549316406,417.9826354980469,90.43815612792969,71.75605773925781
2023-06-22,37.011104583740234,177.7100067138672,419.491455078125,89.34654235839844,70.72885131835938
2023-06-23,36.471065521240234,178.1999969482422,416.3200988769531,90.23726654052734,69.7538833618164
2023-06-26,36.59210968017578,178.50999450683594,414.619140625,90.3333511352539,71.36432647705078
2023-06-27,36.96454620361328,177.69000244140625,419.1646423339844,90.09757995605469,72.24351501464844
2023-06-28,36.74108123779297,177.27999877929688,419.3761291503906,90.4818344116211,72.3479995727539
2023-06-29,36.54555130004883,177.08999633789062,421.0290222167969,88.84876251220703,73.15613555908203
2023-06-30,36.83419418334961,178.27000427246094,425.99749755859375,89.89666748046875,73.56109619140625
2023-07-03,37.24387741088867,178.47000122070312,426.48760986328125,89.38710021972656,74.28296661376953
2023-07-05,37.020408630371094,177.83999633789062,425.8533020019531,88.5377197265625,74.45024871826172
2023-07-06,36.26622009277344,177.30999755859375,422.51861572265625,87.2855224609375,73.87802124023438
2023-07-07,36.675907135009766,178.63999938964844,421.4518737792969,86.7601089477539,73.71077728271484
2023-07-10,36.70383834838867,178.77999877929688,422.51861572265625,86.87394714355469,74.02767944335938
2023-07-11,37.07627868652344,179.4499969482422,425.2094421386719,87.3205337524414,75.08409118652344
2023-07-12,37.90496063232422,181.8800048828125,428.630615234375,88.29252624511719,75.48905181884766
2023-07-13,38.3984375,182.00999450683594,432.0326232910156,89.22071075439453,75.97322845458984
2023-07-14,38.18428039550781,181.42999267578125,431.7636413574219,88.69530487060547,75.82357025146484
2023-07-17,38.230838775634766,181.55999755859375,433.2626953125,88.73909759521484,75.33059692382812
2023-07-18,37.951507568359375,183.63999938964844,436.4821472167969,89.14189910888672,74.91682434082031
2023-07-19,37.87702178955078,183.6699981689453,437.4527893066406,90.14891052246094,75.76195526123047
2023-07-20,37.59769821166992,182.74000549316406,434.5505065917969,89.0543441772461,75.51544952392578
2023-07-21,37.54182815551758,182.17999267578125,434.5505065917969,89.08059692382812,75.86758422851562
2023-07-24,38.05392837524414,181.39999389648438,436.4917297363281,88.75660705566406,76.49263000488281
2023-07-25,38.37050247192383,182.41000366210938,437.6833801269531,88.59022521972656,75.94682312011719
2023-07-26,38.593971252441406,183.3000030517578,437.7507019042969,88.67778015136719,76.29016876220703
2023-07-27,38.119110107421875,180.4199981689453,434.848388671875,86.9527587890625,74.63510131835938
2023-07-28,39.0408935546875,181.86000061035156,439.1057434082031,87.39935302734375,74.57349395751953
2023-07-31,39.05951690673828,182.35000610351562,439.94183349609375,87.60948944091797,75.05767822265625
2023-08-01,38.56603240966797,180.4600067138672,438.6828308105469,86.1738510131836,74.9344482421875
2023-08-02,37.644248962402344,179.60000610351562,432.58038330078125,85.25186157226562,74.50305938720703
2023-08-03,37.7932243347168,179.5399932861328,431.3406982421875,83.28498077392578,73.69314575195312
2023-08-04,37.746673583984375,180.19000244140625,429.38983154296875,84.76016235351562,73.09452056884766
2023-08-07,37.690799713134766,179.77999877929688,433.1378173828125,83.92601013183594,74.01007080078125
2023-08-08,37.23456573486328,178.63999938964844,431.25421142578125,84.90065002441406,73.5346908569336
2023-08-09,37.32767868041992,177.7899932861328,428.3712463378906,85.3396987915039,73.52588653564453
2023-08-10,37.383548736572266,177.60000610351562,428.5249328613281,83.93474578857422,73.24417877197266
2023-08-11,36.83419418334961,177.60000610351562,428.2751159667969,83.74159240722656,73.35862731933594
2023-08-14,36.65727996826172,177.05999755859375,430.63916015625,83.55722045898438,72.87444305419922
2023-08-15,36.23828887939453,176.58999633789062,425.6226806640625,83.04793548583984,72.05573272705078
2023-08-16,35.91240692138672,175.57000732421875,422.49945068359375,82.39813995361328,71.16657257080078
2023-08-17,35.99620819091797,175.3000030517578,419.2800598144531,82.04694366455078,70.59437561035156
2023-08-18,35.75412368774414,175.3300018310547,419.4818115234375,82.336669921875,70.814453125
2023-08-21,35.83791732788086,175.80999755859375,422.2110595703125,81.23908233642578,70.16300964355469
2023-08-22,35.763431549072266,176.10000610351562,421.0674743652344,81.86251831054688,70.365478515625
2023-08-23,36.33140563964844,177.88999938964844,425.75726318359375,83.89087677001953,71.47470092773438
2023-08-24,36.19173812866211,177.85000610351562,419.85662841796875,83.33768463134766,71.2018051147461
2023-08-25,36.228981018066406,177.6199951171875,422.81646728515625,83.60987854003906,71.2546157836914
2023-08-28,36.582801818847656,178.1300048828125,425.49774169921875,83.69768524169922,71.92366790771484
2023-08-29,37.04834747314453,179.8699951171875,431.64825439453125,84.56697082519531,72.79520416259766
2023-08-30,36.92729949951172,180.32000732421875,433.4261169433594,84.47917938232422,73.0593032836914
2023-08-31,36.471065521240234,180.02000427246094,432.7918395996094,84.85674285888672,72.52230834960938
2023-09-01,36.89937210083008,180.11000061035156,433.59912109375,83.53482055664062,72.64556121826172
2023-09-05,36.60142517089844,178.63999938964844,431.7250671386719,82.36344909667969,71.8004150390625
2023-09-06,36.39657974243164,177.8300018310547,428.8228454589844,82.56603240966797,71.6507797241211
2023-09-07,35.96827697753906,178.02000427246094,427.5063171386719,82.7950210571289,72.09974670410156
2023-09-08,36.042762756347656,178.0800018310547,428.1501159667969,83.11209106445312,71.81803131103516
2023-09-11,36.489688873291016,178.41000366210938,430.96588134765625,82.51317596435547,71.82682800292969
2023-09-12,36.377952575683594,177.49000549316406,428.601806640625,82.98876953125,71.7916259765625
2023-09-13,36.33140563964844,177.0800018310547,429.1015930175781,82.97116088867188,71.00812530517578
2023-09-14,36.573486328125,177.1699981689453,432.80145263671875,82.3722915649414,72.29341125488281
2023-09-15,36.43382263183594,178.33999633789062,427.5869445800781,81.87030029296875,72.0205078125
2023-09-18,36.387271881103516,179.38999938964844,427.8376770019531,82.3370590209961,71.37786865234375
2023-09-19,36.173118591308594,179.22000122070312,426.9504089355469,81.72936248779297,71.05213928222656
2023-09-20,36.024139404296875,179.35000610351562,423.0253601074219,81.98475646972656,71.11376190185547
2023-09-21,35.400306701660156,178.0500030517578,416.03338623046875,79.87989044189453,68.69283294677734
2023-09-22,35.819297790527344,178.6199951171875,415.0979309082031,80.52278137207031,68.17343139648438
2023-09-25,35.6610107421875,177.6999969482422,416.843505859375,78.54120635986328,68.11180114746094
2023-09-26,35.15821838378906,176.27999877929688,410.71954345703125,78.2682113647461,66.87052917480469
2023-09-27,35.21408462524414,174.10000610351562,410.8834228515625,77.86307525634766,66.42153930664062
2023-09-28,35.307193756103516,173.22999572753906,413.26556396484375,78.1008529663086,67.05890655517578
2023-09-29,35.33512878417969,171.4499969482422,412.2626037597656,78.10968780517578,67.25446319580078
2023-10-02,35.15821838378906,169.64999389648438,412.09857177734375,76.8021011352539,66.01886749267578
2023-10-03,34.692665100097656,169.16000366210938,406.58221435546875,75.14995574951172,64.72997283935547
2023-10-04,34.59025573730469,169.13999938964844,409.5429992675781,76.21015167236328,65.52108764648438
2023-10-05,34.720603942871094,168.8300018310547,409.3887023925781,75.83026123046875,65.88554382324219
2023-10-06,35.22339630126953,169.6999969482422,414.249267578125,74.91143798828125,66.06331634521484
2023-10-09,35.0557975769043,172.82000732421875,416.9013366699219,76.66954803466797,66.7833480834961
2023-10-10,35.558589935302734,172.52999877929688,419.07122802734375,76.56355285644531,67.10334777832031
2023-10-11,35.78205108642578,173.7899932861328,420.78790283203125,78.16268157958984,68.26781463623047
2023-10-12,35.381683349609375,173.25999450683594,418.22259521484375,76.04230499267578,67.2722396850586
2023-10-13,35.25132751464844,178.8300018310547,416.1395263671875,77.40287780761719,67.10334777832031
2023-10-16,35.51203536987305,177.9600067138672,420.51788330078125,76.15716552734375,67.9033432006836
2023-10-17,35.41893005371094,178.2899932861328,420.49859619140625,75.31783294677734,67.80558013916016
2023-10-18,34.87888717651367,180.8699951171875,414.8953857421875,74.65522766113281,66.36556243896484
2023-10-19,34.67404556274414,183.08999633789062,411.24993896484375,73.12676239013672,64.79220581054688
2023-10-20,34.255062103271484,183.58999633789062,406.1965026855469,73.54198455810547,64.35662841796875
2023-10-23,34.227115631103516,182.97000122070312,405.492431640625,74.42549896240234,63.72550964355469
2023-10-24,34.664737701416016,182.9499969482422,408.54962158203125,75.40615844726562,64.54329681396484
2023-10-25,34.20850372314453,183.72000122070312,402.68603515625,73.7275390625,63.156612396240234
2023-10-26,34.0409049987793,184.00999450683594,397.8640441894531,74.85842895507812,64.36553955078125
2023-10-27,34.01296615600586,186.14999389648438,396.06060791015625,74.54033660888672,63.33437728881836
2023-10-30,34.366790771484375,185.10000610351562,400.79583740234375,74.20463562011719,63.734397888183594
2023-10-31,34.17125701904297,184.08999633789062,403.3129577636719,73.8424072265625,64.81885528564453
2023-11-01,34.48782730102539,183.50999450683594,407.61419677734375,75.44347381591797,65.21886444091797
2023-11-02,35.093040466308594,184.1199951171875,415.4258117675781,77.16334533691406,67.36111450195312
2023-11-03,35.80998611450195,184.7899932861328,419.2159118652344,77.68638610839844,68.97004699707031
2023-11-06,36.098628997802734,183.35000610351562,420.1803283691406,76.93282318115234,67.97447204589844
2023-11-07,36.033451080322266,182.58999633789062,421.3761901855469,78.06755065917969,67.4144515991211
2023-11-08,35.79136276245117,180.77000427246094,421.68475341796875,79.39739227294922,67.63667297363281
2023-11-09,35.456172943115234,181.49000549316406,418.3961486816406,77.57112884521484,66.56999969482422
2023-11-10,35.70756912231445,179.50999450683594,424.9252014160156,78.0055160522461,67.19223022460938
2023-11-13,35.6982536315918,180.50999450683594,424.5201416015625,77.82823181152344,66.6322250366211
2023-11-14,36.647979736328125,182.1199951171875,432.7561340332031,79.5924072265625,70.33007049560547
2023-11-15,36.95523452758789,181.63999938964844,433.67230224609375,78.47539520263672,70.53451538085938
2023-11-16,36.60142517089844,183.69000244140625,434.2027282714844,79.45056915283203,70.38341522216797
2023-11-17,36.647979736328125,183.6699981689453,434.7427673339844,79.82291412353516,70.33007049560547
2023-11-20,37.104209899902344,183.3699951171875,438.0893249511719,80.31048583984375,70.84563446044922
2023-11-21,36.871437072753906,185.35000610351562,437.13446044921875,80.27505493164062,70.34783935546875
2023-11-22,36.79695129394531,184.55999755859375,438.82220458984375,80.55870819091797,70.69451904296875
2023-11-24,36.815574645996094,185.52000427246094,439.0922546386719,79.61015319824219,70.89897918701172
2023-11-27,36.666595458984375,186.77000427246094,438.30145263671875,80.93994903564453,71.15675354003906
2023-11-28,36.973854064941406,189.25999450683594,438.7353820800781,81.0994873046875,71.62785339355469
2023-11-29,36.759708404541016,189.5399932861328,438.4267883300781,82.11901092529297,72.12565612792969
2023-11-30,36.83419418334961,188.75,440.153076171875,81.1704330444336,72.65010833740234
2023-12-01,36.99248123168945,192.00999450683594,442.757080078125,82.69918823242188,74.4367904663086
2023-12-04,36.573486328125,187.86000061035156,440.4327697753906,82.37012481689453,74.9790267944336
2023-12-05,36.35002517700195,187.14999389648438,440.3459777832031,84.13990783691406,74.48123931884766
2023-12-06,36.30347442626953,187.83999633789062,438.57147216796875,85.26048278808594,74.2590103149414
2023-12-07,36.48037338256836,188.14999389648438,441.9179382324219,84.77133178710938,74.47235870361328
2023-12-08,36.322086334228516,185.63999938964844,443.8178405761719,84.07766723632812,74.34790802001953
2023-12-11,36.5362434387207,183.58999633789062,445.5440673828125,83.89978790283203,74.55236053466797
2023-12-12,36.54555130004883,183.49000549316406,447.57904052734375,84.14881134033203,74.50791931152344
2023-12-13,36.90868377685547,187.6300048828125,453.7511901855469,86.12313079833984,77.36128997802734
2023-12-14,37.4487190246582,188.72999572753906,455.2073974609375,88.36345672607422,79.59244537353516
2023-12-15,37.225257873535156,187.0,454.4578857421875,88.46160125732422,78.47242736816406
2023-12-18,37.206634521484375,187.85000610351562,457.0142822265625,87.75676727294922,78.29464721679688
2023-12-19,37.5232048034668,189.1300048828125,459.7933044433594,88.22962188720703,78.89021301269531
2023-12-20,36.84772491455078,188.10000610351562,453.42181396484375,88.82742309570312,77.93017578125
2023-12-21,37.540283203125,189.42999267578125,457.7211608886719,88.26530456542969,78.62129974365234
2023-12-22,37.36002731323242,190.27000427246094,458.6410827636719,87.86380004882812,78.92724609375
2023-12-26,37.65412902832031,191.72000122070312,460.57763671875,88.11363983154297,79.51216125488281
2023-12-27,37.8723258972168,192.58999633789062,461.410400390625,89.67498016357422,79.89910125732422
2023-12-28,38.16643142700195,191.47000122070312,461.584716796875,89.023681640625,80.46601104736328
2023-12-29,38.147457122802734,191.1699981689453,460.2484436035156,88.22069549560547,79.51216125488281
2024-01-02,37.70156478881836,190.72000122070312,457.6727294921875,87.7121353149414,80.1960678100586
2024-01-03,37.49284744262695,189.1300048828125,453.93505859375,88.07793426513672,78.27934265136719
2024-01-04,37.369510650634766,189.32000732421875,452.472900390625,86.7396469116211,78.13536834716797
2024-01-05,37.41695022583008,189.35000610351562,453.0925598144531,85.90989685058594,77.93739318847656
2024-01-08,37.521305084228516,187.8699951171875,459.5609130859375,86.75748443603516,79.05323791503906
2024-01-09,36.99003601074219,187.92999267578125,458.86370849609375,86.20431518554688,78.5223159790039
2024-01-10,36.9046516418457,187.5,461.45880126953125,85.8028335571289,78.6122817993164
2024-01-11,37.05644607543945,187.8699951171875,461.2554931640625,86.28462219238281,77.8833999633789
2024-01-12,37.18925857543945,189.7100067138672,461.57501220703125,86.11509704589844,78.35133361816406
2024-01-16,36.28799057006836,187.91000366210938,459.88043212890625,84.59837341308594,77.7754135131836
2024-01-17,35.74722671508789,185.83999633789062,457.3241271972656,84.46455383300781,76.35363006591797
2024-01-18,36.041324615478516,187.3699951171875,461.3910217285156,83.67938995361328,75.9396743774414
2024-01-19,36.420814514160156,187.92999267578125,467.14276123046875,83.94705963134766,76.84854888916016
2024-01-22,36.09825134277344,187.22000122070312,468.13043212890625,84.44669342041016,77.30748748779297
2024-01-23,36.41132354736328,187.9499969482422,469.49578857421875,83.77754211425781,76.77656555175781
2024-01-24,36.81926727294922,186.39999389648438,470.0090637207031,83.28683471679688,75.6787338256836
2024-01-25,36.86669921875,187.13999938964844,472.5653991699219,83.83106994628906,76.65057373046875
2024-01-26,36.89516067504883,187.00999450683594,471.9649963378906,83.67050170898438,76.43462371826172
2024-01-29,36.91413497924805,188.3300018310547,475.70269775390625,84.63407897949219,76.93854522705078
2024-01-30,36.62003707885742,188.58999633789062,475.334716796875,85.4013442993164,76.21865844726562
2024-01-31,36.420814514160156,188.4499969482422,467.5785827636719,86.2400131225586,75.48975372314453
2024-02-01,36.77182388305664,190.41000366210938,473.69830322265625,87.93169403076172,76.85755157470703
2024-02-02,36.66747283935547,188.61000061035156,478.6851501464844,85.98939514160156,75.90370178222656
2024-02-05,36.714908599853516,187.57000732421875,476.942138671875,84.2529296875,74.31092834472656
2024-02-06,37.549774169921875,188.5500030517578,478.32684326171875,85.07642364501953,75.30979919433594
2024-02-07,37.597206115722656,188.5,482.3163146972656,84.66468048095703,75.2017822265625
2024-02-08,37.388484954833984,188.3300018310547,482.529296875,84.17240142822266,75.81371307373047
2024-02-09,37.549774169921875,187.60000610351562,485.31805419921875,84.00233459472656,75.9306869506836
2024-02-12,37.843868255615234,187.11000061035156,485.10504150390625,84.10079956054688,75.94869995117188
2024-02-13,37.13233947753906,184.52999877929688,478.42364501953125,82.65972900390625,74.38292694091797
2024-02-14,37.66360855102539,184.4199981689453,482.77142333984375,83.0804214477539,74.96782684326172
2024-02-15,37.843868255615234,185.66000366210938,486.1023864746094,83.51006317138672,76.71356964111328
2024-02-16,38.02412414550781,186.33999633789062,483.6816101074219,83.02671813964844,75.92169952392578
2024-02-20,38.08103942871094,187.47000122070312,481.0187072753906,83.09830474853516,75.78671264648438
2024-02-21,38.147457122802734,187.47999572753906,481.4544677734375,82.50757598876953,76.20964813232422
2024-02-22,38.53641891479492,187.55999755859375,491.41839599609375,82.91033935546875,76.35363006591797
2024-02-23,38.5174446105957,188.6199951171875,491.75732421875,84.020263671875,76.317626953125
2024-02-26,38.346683502197266,188.1999969482422,489.9562072753906,83.76960754394531,75.48076629638672
2024-02-27,38.42258071899414,188.0,490.866455078125,83.1788558959961,75.57074737548828
2024-02-28,37.91976547241211,188.33999633789062,490.2176818847656,83.70697784423828,76.33562469482422
2024-02-29,37.93873977661133,189.30999755859375,491.9800109863281,84.2977066040039,76.98353576660156
2024-03-01,38.403602600097656,192.88999938964844,496.59881591796875,84.82299041748047,77.9013900756836
2024-03-04,38.31822204589844,196.00999450683594,496.0663146972656,84.4817886352539,78.63028717041016
2024-03-05,37.9766845703125,197.19000244140625,491.1085205078125,85.6849365234375,77.67642211914062
2024-03-06,38.52693557739258,198.80999755859375,493.59710693359375,86.18778228759766,78.06336975097656
2024-03-07,38.76411437988281,199.94000244140625,498.4967956542969,86.10696411132812,78.04537200927734
2024-03-08,38.72616195678711,201.6300048828125,495.50469970703125,85.95430755615234,78.94524383544922
2024-03-11,38.811546325683594,202.0,495.07861328125,85.90940856933594,78.56729125976562
2024-03-12,39.238468170166016,199.7899932861328,500.40435791015625,85.19109344482422,78.39633178710938
2024-03-13,39.11513137817383,201.19000244140625,499.6200256347656,84.77806854248047,78.00038146972656
2024-03-14,38.9159049987793,200.35000610351562,498.6322937011719,83.47614288330078,76.83055877685547
2024-03-15,38.67872619628906,199.7100067138672,495.2083740234375,83.44922637939453,76.65959167480469
2024-03-18,38.745140075683594,200.02999877929688,498.15155029296875,83.19779205322266,76.69557189941406
2024-03-19,38.55539321899414,199.8000030517578,500.9197692871094,83.43124389648438,76.66858673095703
2024-03-20,38.99179458618164,202.17999267578125,505.5530090332031,83.40432739257812,77.1725082397461
2024-03-21,39.039241790771484,201.97000122070312,507.2236022949219,83.58387756347656,77.73042297363281
2024-03-22,38.76411437988281,200.35000610351562,506.2620544433594,84.3830337524414,76.75208282470703
2024-03-25,38.79256820678711,200.99000549316406,504.86334228515625,83.96102905273438,76.28015899658203
2024-03-26,38.76411437988281,201.63999938964844,503.93084716796875,84.19444274902344,75.97157287597656
2024-03-27,38.83052062988281,203.10000610351562,508.16583251953125,85.02947998046875,77.93189239501953
2024-03-28,38.97282791137695,205.72000122070312,508.0686950683594,84.95765686035156,78.48551177978516
2024-04-01,39.039241790771484,207.82000732421875,507.1847839355469,83.37396240234375,77.16954803466797
2024-04-02,39.162567138671875,210.88999938964844,503.9600830078125,82.91451263427734,76.19847869873047
2024-04-03,39.19103240966797,212.74000549316406,504.513671875,82.89649963378906,76.28015899658203
2024-04-04,39.04872131347656,211.52000427246094,498.35546875,83.4910659790039,75.79007720947266
2024-04-05,39.13410186767578,215.13999938964844,503.5617980957031,82.32894897460938,76.1803207397461
2024-04-08,39.390254974365234,216.47999572753906,503.84344482421875,82.31996154785156,76.99711608886719
2024-04-09,39.6558952331543,217.6699981689453,504.4262390136719,83.08567810058594,78.02265167236328
2024-04-10,39.11513137817383,215.61000061035156,499.3753662109375,81.27496337890625,74.791748046875
2024-04-11,39.35231399536133,219.8000030517578,503.14410400390625,80.90560913085938,75.0458755493164
2024-04-12,38.4510383605957,216.88999938964844,496.1991882324219,81.33802795410156,74.1564712524414
2024-04-15,38.20438003540039,220.9499969482422,489.98272705078125,80.07683563232422,72.89495849609375
2024-04-16,37.70156478881836,221.22000122070312,489.089111328125,79.54533386230469,71.86941528320312
2024-04-17,37.673095703125,219.58999633789062,486.194580078125,80.42816162109375,71.3430404663086
2024-04-18,37.82489013671875,220.33999633789062,485.1941223144531,80.02278137207031,71.35211944580078
2024-04-19,37.673095703125,221.02999877929688,480.95916748046875,80.31105041503906,71.69699096679688
2024-04-22,38.08103942871094,215.57000732421875,485.3884582519531,80.17591857910156,72.33226776123047
2024-04-23,38.39411544799805,215.0399932861328,491.1483154296875,80.20296478271484,72.99478149414062
2024-04-24,38.52693557739258,214.63999938964844,490.9151916503906,79.63542938232422,73.13092803955078
2024-04-25,38.6123161315918,215.9199981689453,489.05029296875,79.07686614990234,72.71345520019531
2024-04-26,39.05821228027344,216.6199951171875,493.6835021972656,79.49126434326172,72.749755859375
2024-04-29,39.43769073486328,216.17999267578125,495.4317932128906,80.15792083740234,73.49394989013672
2024-04-30,38.88744354248047,211.8699951171875,487.58355712890625,79.47325134277344,72.25057983398438
2024-05-01,38.925392150878906,213.7899932861328,486.0002746582031,80.0590591430664,72.27782440185547
2024-05-02,39.93102264404297,213.1300048828125,490.5461120605469,80.402587890625,73.29429626464844
2024-05-03,40.29153060913086,212.9600067138672,496.6265563964844,81.2161865234375,73.78437042236328
2024-05-06,40.32947540283203,215.1999969482422,501.7551574707031,81.53262329101562,73.84788513183594
2024-05-07,40.10178756713867,214.2100067138672,502.3088073730469,82.0298080444336,74.54671478271484
2024-05-08,40.11127471923828,213.5800018310547,502.3572998046875,81.53262329101562,73.92049407958984
2024-05-09,40.23460388183594,216.9499969482422,505.25189208984375,81.93035125732422,75.43612670898438
2024-05-10,40.31999206542969,218.7100067138672,505.9027099609375,81.46931457519531,75.22737121582031
2024-05-13,40.62357711791992,216.25999450683594,505.9705810546875,81.67723083496094,75.47241973876953
2024-05-14,40.84177780151367,218.08999633789062,508.2920227050781,82.1382827758789,76.05326080322266
2024-05-15,41.27818298339844,220.88999938964844,514.5863037109375,83.25924682617188,77.10601806640625
2024-05-16,41.363563537597656,220.02999877929688,513.5275268554688,83.1778793334961,77.05157470703125
2024-05-17,41.543819427490234,223.66000366210938,514.2656860351562,82.61740112304688,77.04248809814453
2024-05-20,41.39202880859375,224.55999755859375,514.8582763671875,82.37333679199219,76.5887222290039
2024-05-21,41.13587951660156,224.22999572753906,516.1209106445312,82.79821014404297,76.56149291992188
2024-05-22,41.00305938720703,220.11000061035156,514.6348266601562,82.89765930175781,75.87174987792969
2024-05-23,40.6994743347168,215.72000122070312,510.8758544921875,82.36426544189453,74.23814392089844
2024-05-24,40.813316345214844,215.9199981689453,514.256103515625,82.60836791992188,74.29259490966797
2024-05-28,40.75639343261719,218.19000244140625,514.615478515625,81.42411041259766,73.80252075195312
2024-05-29,40.14921951293945,216.16000366210938,511.01177978515625,80.43875122070312,73.08554077148438
2024-05-30,40.035377502441406,216.57000732421875,507.6219177246094,81.2161865234375,74.1564712524414
2024-05-31,39.64640426635742,215.3000030517578,512.245361328125,81.76765441894531,75.5450210571289
2024-06-03,40.063838958740234,217.22000122070312,512.6630859375,83.0901870727539,75.37259674072266
2024-06-04,39.50409698486328,215.27000427246094,513.2361450195312,84.060791015625,75.95343017578125
2024-06-05,40.139732360839844,217.82000732421875,519.3359985351562,84.6776123046875,75.86266326904297
2024-06-06,40.33896255493164,219.42999267578125,519.3262329101562,84.55062103271484,76.00788116455078
2024-06-07,39.88358688354492,211.60000610351562,518.6949462890625,82.99947357177734,75.29090881347656
2024-06-10,40.120758056640625,213.5399932861328,520.2976684570312,82.44615936279297,75.5450210571289
2024-06-11,39.98702621459961,214.14999389648438,521.5506591796875,83.2988052368164,75.27275848388672
2024-06-12,40.38822937011719,214.72000122070312,525.8341674804688,83.92471313476562,75.94435119628906
2024-06-13,40.29270935058594,212.97000122070312,526.8930053710938,85.15838623046875,76.25291442871094
2024-06-14,40.34046936035156,215.72999572753906,527.2135620117188,85.87499237060547,76.23477172851562
2024-06-17,40.598388671875,214.61000061035156,531.4095458984375,85.02232360839844,75.93527221679688
2024-06-18,40.9709358215332,215.47000122070312,532.7595825195312,85.80242156982422,76.23477172851562
2024-06-20,40.90406799316406,218.16000366210938,531.3123779296875,85.2309341430664,76.01695251464844
2024-06-21,40.760780334472656,214.77999877929688,530.6001586914062,85.2309341430664,76.20753479003906
2024-06-24,40.760780334472656,215.6300048828125,528.8753662109375,85.57563781738281,76.7974624633789
2024-06-25,40.665260314941406,214.55999755859375,530.9119873046875,85.72077178955078,75.85360717773438
2024-06-26,40.579280853271484,212.5800018310547,531.5745849609375,84.4961929321289,75.61762237548828
2024-06-27,40.607940673828125,214.99000549316406,532.41259765625,84.8318099975586,76.3527603149414
2024-06-28,40.68436050415039,215.00999450683594,530.3175048828125,83.25345611572266,76.96192932128906
2024-07-01,40.77988815307617,215.57000732421875,531.4089965820312,81.81658935546875,76.23606872558594
2024-07-02,40.90406799316406,215.55999755859375,534.9850463867188,82.45359802246094,76.59440612792969
2024-07-03,41.50588607788086,217.99000549316406,537.3726196289062,83.5364761352539,76.5208969116211
2024-07-05,41.677825927734375,220.92999267578125,540.4713134765625,84.22805786132812,76.73223876953125
2024-07-08,41.6873779296875,218.19000244140625,541.0949096679688,84.4100570678711,76.98033142089844
2024-07-09,41.85932540893555,218.55999755859375,541.6211547851562,84.0369644165039,76.96192932128906
2024-07-10,42.098140716552734,219.36000061035156,546.9806518554688,84.30085754394531,77.53160858154297
2024-07-11,42.34650802612305,223.25,542.2642822265625,85.11984252929688,79.75521850585938
2024-07-12,42.51845169067383,223.11000061035156,545.6845703125,85.48382568359375,80.36163330078125
2024-07-15,42.06948471069336,223.8300018310547,547.1854248046875,84.50104522705078,80.90376281738281
2024-07-16,42.30829620361328,228.2899932861328,550.4302978515625,85.6931381225586,81.89611053466797
2024-07-17,41.620513916015625,227.22999572753906,542.7125244140625,85.71134948730469,82.45659637451172
2024-07-18,41.22885513305664,225.77999877929688,538.5419311523438,85.05613708496094,81.730712890625
2024-07-19,40.82765197753906,221.72999572753906,534.965576171875,84.5556411743164,81.58369445800781
2024-07-22,41.171539306640625,221.8000030517578,540.4810791015625,84.30996704101562,82.42903137207031
2024-07-23,40.80854797363281,222.5800018310547,539.6332397460938,84.19165802001953,82.36471557617188
2024-07-24,40.21628189086914,221.8000030517578,527.40380859375,83.28167724609375,81.15184783935547
2024-07-25,40.053890228271484,218.3300018310547,524.6558837890625,83.96415710449219,80.88539123535156
2024-07-26,40.464656829833984,220.6300048828125,530.5317993164062,84.61935424804688,82.3003921508789
2024-07-29,40.33091735839844,220.32000732421875,530.84375,85.07433319091797,82.72306060791016
2024-07-30,40.14942169189453,222.52000427246094,528.1541748046875,85.40193939208984,83.36625671386719
2024-07-31,41.028255462646484,226.5500030517578,536.7391357421875,86.27552032470703,83.07222747802734
2024-08-01,40.31180953979492,225.77000427246094,529.138427734375,87.01962280273438,83.90835571289062
2024-08-02,39.73865509033203,225.33999633789062,519.2868041992188,89.73129272460938,83.86241149902344
2024-08-05,38.611454010009766,222.47999572753906,504.1632385253906,90.20606231689453,81.46424102783203
2024-08-06,38.8311653137207,220.6999969482422,508.8113098144531,88.18829345703125,83.07222747802734
2024-08-07,39.06998062133789,220.5500030517578,505.4103698730469,87.56746673583984,82.5025405883789
2024-08-08,39.95836639404297,224.00999450683594,517.0941162109375,87.02874755859375,83.31111907958984
2024-08-09,40.178077697753906,224.55999755859375,519.3743896484375,87.88700103759766,83.69702911376953
2024-08-12,40.31180953979492,228.41000366210938,519.6472778320312,88.20653533935547,83.0813980102539
2024-08-13,40.760780334472656,228.05999755859375,528.1932373046875,88.81824493408203,83.80728912353516
2024-08-14,40.54106903076172,226.1999969482422,529.8594360351562,89.37520599365234,84.0278091430664
2024-08-15,40.99004364013672,226.91000366210938,538.9413452148438,88.65393829345703,83.96348571777344
2024-08-16,41.46767044067383,231.99000549316406,540.1497192382812,88.96436309814453,83.91756439208984
2024-08-19,41.86888122558594,231.61000061035156,545.3143920898438,89.37520599365234,84.61585998535156
2024-08-20,41.54409408569336,232.4600067138672,544.4276123046875,90.08736419677734,84.51480102539062
2024-08-21,41.706485748291016,232.14999389648438,546.2986450195312,90.14215087890625,84.96503448486328
2024-08-22,41.19064712524414,229.3699951171875,542.0108642578125,89.24737548828125,85.21310424804688
2024-08-23,41.87843322753906,232.02000427246094,547.77001953125,89.83171844482422,87.08755493164062
2024-08-26,41.524986267089844,232.75999450683594,546.4642333984375,89.60346221923828,87.05079650878906
2024-08-27,41.58230209350586,233.38999938964844,547.2146606445312,89.4482650756836,87.179443359375
2024-08-28,41.32438278198242,231.75,544.037841796875,89.33867645263672,86.8394546508789
2024-08-29,41.34348678588867,232.9499969482422,544.0865478515625,89.04652404785156,86.57300567626953
2024-08-30,41.42945861816406,231.2899932861328,549.2804565429688,88.09697723388672,87.40914916992188
2024-09-03,40.607940673828125,230.2899932861328,537.9766845703125,89.53783416748047,87.36321258544922
2024-09-04,40.598388671875,230.42999267578125,536.8756713867188,90.69197845458984,87.61128234863281
2024-09-05,40.655704498291016,232.35000610351562,535.56982421875,91.20494079589844,87.32644653320312
2024-09-06,39.91060256958008,230.6300048828125,526.5560302734375,91.1957778930664,87.2437515258789
2024-09-09,40.24494552612305,231.60000610351562,532.4515380859375,91.58964538574219,88.21772766113281
2024-09-10,40.092105865478516,232.6199951171875,534.770751953125,92.23084259033203,89.49491119384766
2024-09-11,40.38822937011719,232.25,540.2568969726562,92.15754699707031,89.32032775878906
2024-09-12,40.72257614135742,236.3300018310547,544.8076171875,91.72706604003906,89.6970443725586
2024-09-13,40.91362380981445,238.67999267578125,547.6530151367188,91.974365234375,90.63426971435547
2024-09-16,41.04735565185547,238.66000366210938,548.4617919921875,92.81707763671875,90.9374771118164
2024-09-17,41.09511947631836,237.33999633789062,548.6859130859375,92.36823272705078,90.303466796875
2024-09-18,40.95183181762695,235.50999450683594,547.0586547851562,91.2232437133789,90.19322967529297
2024-09-19,41.82111740112305,239.1699981689453,556.3938598632812,90.92098999023438,90.21159362792969
2024-09-20,41.73514175415039,242.2100067138672,555.4320068359375,90.5728988647461,89.8532485961914
2024-09-23,42.059932708740234,242.67999267578125,556.8200073242188,90.38055419921875,90.74452209472656
2024-09-24,43.49281311035156,246.07000732421875,558.4132690429688,90.36222076416016,90.8731689453125
2024-09-25,43.03428649902344,245.72999572753906,557.1817016601562,89.61112213134766,90.26673889160156
2024-09-26,44.6104621887207,246.97999572753906,559.3906860351562,89.8218002319336,89.44895935058594
2024-09-27,44.52449035644531,245.02000427246094,558.5792846679688,90.28893280029297,89.56293487548828
2024-09-30,43.808048248291016,243.05999755859375,560.8178100585938,89.85843658447266,90.26713562011719
2024-10-01,44.1232795715332,245.61000061035156,555.7937622070312,90.50720977783203,89.6833724975586
2024-10-02,44.9925651550293,245.66000366210938,556.0283203125,89.7444839477539,89.36835479736328
2024-10-03,44.45762634277344,245.49000549316406,555.0119018554688,88.8990478515625,88.5529556274414
2024-10-04,44.86838150024414,245.0,560.0553588867188,87.8055191040039,88.1267318725586
2024-10-07,45.240936279296875,244.1699981689453,554.9923095703125,87.14385986328125,87.34841918945312
2024-10-08,44.1232795715332,242.3699951171875,560.2410888671875,87.29087829589844,87.52445983886719
2024-10-09,43.884464263916016,241.0500030517578,564.1215209960938,86.7946548461914,87.61711120605469
2024-10-10,43.970436096191406,242.82000732421875,563.1343383789062,86.45467376708984,86.83879089355469
2024-10-11,44.28567886352539,245.47000122070312,566.506591796875,86.10543823242188,87.82097625732422
2024-10-14,44.10417556762695,245.07000732421875,571.1395874023438,86.16976928710938,88.34911346435547
2024-10-15,43.168025970458984,245.9199981689453,566.7020263671875,87.21736907958984,89.41468811035156
2024-10-16,43.50236892700195,247.14999389648438,569.1651611328125,87.58494567871094,90.39684295654297
2024-10-17,43.43550491333008,248.6300048828125,569.2140502929688,86.19734191894531,89.6833724975586
2024-10-18,43.865360260009766,251.27000427246094,571.403564453125,86.26166534423828,90.35051727294922
2024-10-21,43.5596809387207,251.22000122070312,570.4652099609375,84.75460815429688,88.58076477050781
2024-10-22,43.46415710449219,253.92999267578125,570.1621704101562,84.83728790283203,88.71048736572266
2024-10-23,43.20623779296875,250.8699951171875,564.9523315429688,84.60757446289062,89.35907745361328
2024-10-24,43.13936996459961,252.8000030517578,566.1741943359375,85.14974975585938,89.55366516113281
2024-10-25,43.10116195678711,253.32000732421875,565.9786987304688,84.67188262939453,88.71048736572266
2024-10-28,43.292205810546875,253.3300018310547,567.7283935546875,84.44215393066406,88.98845672607422
2024-10-29,43.158477783203125,256.0899963378906,568.6471557617188,84.57079315185547,88.34911346435547
2024-10-30,42.738162994384766,257.5,566.9268188476562,84.81891632080078,88.73827362060547
2024-10-31,42.46113967895508,253.50999450683594,555.8132934570312,84.95677185058594,87.23722076416016
2024-11-01,42.499351501464844,252.47000122070312,558.1591186523438,83.75900268554688,86.2735824584961
2024-11-04,42.738162994384766,252.8300018310547,556.9569702148438,85.05912017822266,87.21868133544922
2024-11-05,43.32086944580078,253.39999389648438,563.6914672851562,85.51091003417969,88.37692260742188
2024-11-06,42.78592300415039,245.6999969482422,577.7079467773438,83.16890716552734,86.4959716796875
2024-11-07,43.73162841796875,249.64999389648438,582.1749267578125,84.2108383178711,87.53373718261719
2024-11-08,42.652191162109375,247.9600067138672,584.69677734375,85.28038787841797,88.84019470214844
2024-11-11,42.3274040222168,242.13999938964844,585.25390625,84.86547088623047,88.39545440673828
2024-11-12,41.524986267089844,240.0500030517578,583.4358520507812,83.59304809570312,87.17236328125
2024-11-13,41.257511138916016,237.6300048828125,583.7194213867188,82.80008697509766,87.65418243408203
2024-11-14,41.028255462646484,237.00999450683594,579.9657592773438,83.27957153320312,86.86660766601562
2024-11-15,41.028255462646484,236.58999633789062,572.537353515625,83.05826568603516,86.91292572021484
2024-11-18,41.4963264465332,241.08999633789062,574.88330078125,83.20578002929688,87.54299926757812
2024-11-19,41.46767044067383,243.25,576.9847412109375,83.62993621826172,87.96923065185547
2024-11-20,41.4199104309082,244.6199951171875,577.18017578125,83.362548828125,87.85802459716797
2024-11-21,41.33393859863281,246.66000366210938,580.2786865234375,83.2979965209961,88.50662994384766
2024-11-22,41.34348678588867,249.83999633789062,582.0772094726562,83.3440933227539,89.17376708984375
2024-11-25,41.37214660644531,242.47999572753906,584.0516967773438,85.501708984375,90.4153823852539
2024-11-26,41.200199127197266,242.9499969482422,587.101318359375,85.16974639892578,90.77674102783203
2024-11-27,41.257511138916016,243.49000549316406,585.322265625,85.75985717773438,91.36048889160156
2024-11-29,41.32438278198242,245.58999633789062,588.9583129882812,86.64505004882812,90.95280456542969
2024-12-02,41.48677444458008,243.44000244140625,590.0140991210938,86.85322570800781,89.62779998779297
2024-12-03,41.57274627685547,243.92999267578125,590.2876586914062,86.10376739501953,89.17376708984375
2024-12-04,41.677825927734375,244.6699981689453,593.9531860351562,87.02902221679688,88.932861328125
2024-12-05,41.95484924316406,242.86000061035156,592.9755859375,87.20480346679688,88.7197494506836
2024-12-06,41.88798141479492,242.9499969482422,594.0997314453125,87.33435821533203,88.59001922607422
2024-12-09,42.74771499633789,245.36000061035156,591.0403442382812,86.52938842773438,88.84019470214844
2024-12-10,42.059932708740234,248.58999633789062,589.2026977539062,86.12227630615234,87.55225372314453
2024-12-11,42.231876373291016,250.9600067138672,593.7576904296875,85.30803680419922,87.34841918945312
2024-12-12,42.021724700927734,247.27999877929688,590.6983032226562,84.27176666259766,87.20944213867188
2024-12-13,42.059932708740234,244.2899932861328,590.5810546875,83.41129302978516,86.95924377441406
2024-12-16,41.830665588378906,244.8800048828125,593.102783203125,83.66108703613281,86.65348052978516
2024-12-17,41.730613708496094,243.94000244140625,590.6592407226562,83.86466217041016,86.23652648925781
2024-12-18,40.75923538208008,239.25999450683594,573.0554809570312,82.81600952148438,82.67847442626953
2024-12-19,40.89522933959961,239.60000610351562,572.8795166015625,81.56204223632812,81.39979553222656
2024-12-20,41.060359954833984,242.10000610351562,579.7603759765625,82.0264663696289,82.77112579345703
2024-12-23,41.29349136352539,240.9600067138672,583.2320556640625,81.27410125732422,83.09481811523438
2024-12-24,41.419776916503906,241.44000244140625,589.7147216796875,81.6177749633789,83.64679718017578
2024-12-26,41.274070739746094,243.07000732421875,589.7540283203125,81.57134246826172,83.87132263183594
2024-12-27,41.08950424194336,241.39999389648438,583.5459594726562,80.90254974365234,83.02934265136719
2024-12-30,40.75923538208008,240.6300048828125,576.88671875,81.55276489257812,82.6176986694336
2024-12-31,40.62323760986328,242.1300048828125,574.7880249023438,81.11620330810547,83.33805847167969
2025-01-02,40.56495666503906,245.4199981689453,573.375732421875,81.33912658691406,82.59899139404297
2025-01-03,40.94379806518555,243.49000549316406,580.544921875,81.07904815673828,83.6842041015625
2025-01-06,41.08950424194336,243.19000244140625,583.88916015625,80.716796875,82.60834503173828
2025-01-07,40.79808807373047,244.55999755859375,577.288818359375,79.8065185546875,81.82247924804688
2025-01-08,40.60380935668945,245.86000061035156,578.1322631835938,79.90870666503906,82.03765869140625
2025-01-10,39.91413116455078,248.2100067138672,569.3055419921875,79.37924194335938,80.03559875488281
2025-01-13,39.64214324951172,245.74000549316406,570.1884155273438,79.35140228271484,81.0179214477539
2025-01-14,40.08898162841797,247.02999877929688,570.972900390625,79.22135162353516,81.75699615478516
2025-01-15,40.613529205322266,248.8800048828125,581.3589477539062,80.5867691040039,82.22476196289062
2025-01-16,40.56495666503906,250.60000610351562,580.2408447265625,80.84683227539062,83.92745971679688
2025-01-17,40.8855094909668,249.27000427246094,586.0664672851562,80.98616790771484,83.87132263183594
2025-01-21,41.322635650634766,253.1300048828125,591.4309692382812,81.71066284179688,85.44303131103516
2025-01-22,41.351776123046875,254.42999267578125,594.7557983398438,81.28341674804688,83.95552825927734
2025-01-23,41.44891357421875,254.07000732421875,598.0018920898438,80.65179443359375,84.5729751586914
2025-01-24,41.72090530395508,255.64999389648438,596.2561645507812,81.0140380859375,84.86299133300781
2025-01-27,40.96322250366211,252.99000549316406,587.8218383789062,81.97074127197266,85.99500274658203
2025-01-28,41.26435089111328,255.17999267578125,592.8727416992188,81.91500854492188,84.95655059814453
2025-01-29,41.274070739746094,254.1999969482422,590.2149047851562,81.74783325195312,83.83390045166016
2025-01-30,41.97346115112305,258.04998779296875,593.3826293945312,82.0543441772461,84.9004135131836
2025-01-31,41.49748229980469,258.55999755859375,590.224609375,81.51560974121094,84.71331024169922
2025-02-03,41.19635772705078,259.94000244140625,586.2527465820312,82.17933654785156,84.53555297851562
2025-02-04,41.93460464477539,262.5,590.1854248046875,82.43099212646484,84.60105895996094
2025-02-05,41.827754974365234,264.1300048828125,592.578369140625,83.79191589355469,85.78916931152344
2025-02-06,42.00260543823242,263.42999267578125,594.6380004882812,83.75464630126953,86.00435638427734
2025-02-07,41.963748931884766,263.8999938964844,589.1949462890625,83.21399688720703,85.72367858886719
2025-02-10,42.468868255615234,268.3699951171875,593.1962890625,82.96232604980469,85.68627166748047
2025-02-11,42.303733825683594,267.3900146484375,593.6474609375,82.43099212646484,86.06049346923828
2025-02-12,42.536865234375,267.6700134277344,591.7349853515625,81.3124008178711,85.2652816772461
2025-02-13,42.8088493347168,270.30999755859375,597.9822387695312,82.66403198242188,86.11663055419922
2025-02-14,43.139122009277344,266.2900085449219,597.9529418945312,83.10214233398438,85.72367858886719
2025-02-18,43.411109924316406,270.70001220703125,599.7083129882812,82.12337493896484,86.10726165771484
2025-02-19,43.34311294555664,270.8500061035156,601.12060546875,82.22591400146484,86.1727523803711
2025-02-20,43.74137878417969,270.989990234375,598.6198120117188,82.53353118896484,86.58438873291016
2025-02-21,43.6151008605957,270.739990234375,588.3809204101562,83.53094482421875,85.73306274414062
2025-02-24,42.944847106933594,272.2099914550781,585.70361328125,83.77330017089844,86.06983947753906
2025-02-25,42.97399139404297,268.6199951171875,582.790771484375,85.21814727783203,87.12700653076172
2025-02-26,43.401397705078125,269.0299987792969,583.0848999023438,85.72151947021484,86.76213836669922
2025-02-27,42.55629348754883,264.92999267578125,573.7777099609375,85.1156005859375,87.1082992553711
2025-02-28,41.97346115112305,263.2699890136719,582.73193359375,86.15962982177734,87.84737396240234
2025-03-03,41.604339599609375,266.739990234375,572.5224609375,86.56172180175781,88.2590103149414
2025-03-04,41.95403289794922,269.05999755859375,565.74560546875,85.49571990966797,87.23927307128906
2025-03-05,43.207122802734375,269.6199951171875,571.826171875,84.81309509277344,88.21224212646484
2025-03-06,42.93513107299805,268.25,561.6755981445312,84.53257751464844,85.94822692871094
2025-03-07,43.148834228515625,268.3900146484375,564.82373046875,84.26139831542969,86.46277618408203
2025-03-10,42.119171142578125,266.0400085449219,549.779296875,85.1404037475586,85.63013458251953
2025-03-11,42.468868255615234,269.1600036621094,545.2091064453125,84.53257751464844,84.62911224365234
2025-03-12,42.70199966430664,270.3299865722656,548.1021728515625,84.0276107788086,84.36715698242188
2025-03-13,42.52714920043945,275.1300048828125,540.7957153320312,84.766357421875,82.70188903808594
2025-03-14,43.30426025390625,275.239990234375,551.96630859375,84.31748962402344,84.35780334472656
2025-03-17,44.04250717163086,276.7300109863281,556.2227172851562,84.73829650878906,85.79853057861328
2025-03-18,43.819091796875,279.9599914550781,550.2108764648438,84.82244110107422,85.34947204589844
2025-03-19,43.92594528198242,281.1099853515625,556.203125,85.26194763183594,85.45238494873047
2025-03-20,43.51795959472656,280.75,554.5946655273438,85.31805419921875,85.39625549316406
2025-03-21,43.30426025390625,278.489990234375,554.777587890625,84.81309509277344,84.45134735107422
2025-03-24,43.49853515625,277.25,564.712890625,83.94346618652344,85.75177001953125
2025-03-25,43.37225341796875,278.4700012207031,566.0703125,83.93411254882812,84.78959655761719
2025-03-26,43.109981536865234,278.239990234375,559.3124389648438,83.38241577148438,85.12039184570312
2025-03-27,43.32368469238281,281.9700012207031,557.8270263671875,83.1393051147461,84.90302276611328
2025-03-28,42.51743698120117,284.05999755859375,546.5933837890625,84.28944396972656,84.78959655761719
2025-03-31,42.44944381713867,288.1400146484375,550.2626342773438,85.12168884277344,85.5740737915039
2025-04-01,42.58543014526367,287.57000732421875,551.8167724609375,85.85930633544922,85.61188507080078
2025-04-02,42.64371871948242,288.1600036621094,555.3088989257812,85.80299377441406,86.13170623779297
2025-04-03,41.740333557128906,286.4200134277344,527.9428100585938,86.1971435546875,83.1922836303711
2025-04-04,39.418724060058594,279.7200012207031,497.0354309082031,87.1355972290039,79.58180236816406
2025-04-07,37.951934814453125,273.7099914550781,496.150146484375,84.5079345703125,77.4930191040039
2025-04-08,37.41767883300781,275.20001220703125,488.3790283203125,82.91256713867188,75.41368865966797
2025-04-09,40.011268615722656,285.3800048828125,539.6682739257812,83.40055847167969,79.91261291503906
2025-04-10,39.32158660888672,292.3500061035156,516.0205688476562,81.10133361816406,78.0884780883789
2025-04-11,40.555240631103516,297.92999267578125,525.2278442382812,81.54242706298828,79.0430679321289
2025-04-14,40.92436981201172,296.2300109863281,530.3233032226562,82.12425231933594,80.67819213867188
2025-04-15,40.8855094909668,297.7799987792969,528.837890625,82.41517639160156,80.9239273071289
2025-04-16,40.4095344543457,307.4700012207031,517.0828857421875,82.87501525878906,80.86721801757812
2025-04-17,40.72037887573242,306.1199951171875,517.8206176757812,82.14302062988281,82.0770034790039
2025-04-21,40.710662841796875,315.5899963378906,505.4951477050781,80.7071762084961,80.36627960205078
2025-04-22,41.322635650634766,311.1099853515625,518.64697265625,81.15763854980469,81.92578125
2025-04-23,41.798614501953125,303.6499938964844,526.6836547851562,81.94593048095703,82.0770034790039
2025-04-24,42.2843017578125,308.07000732421875,537.769775390625,82.809326171875,82.37946319580078
2025-04-25,42.20659255981445,304.7300109863281,541.6553344726562,83.41932678222656,82.23768615722656
2025-04-28,42.2843017578125,309.07000732421875,541.8617553710938,83.94485473632812,82.7480697631836
2025-04-29,42.400875091552734,306.05999755859375,545.2752685546875,84.64869689941406,83.1922836303711
2025-04-30,42.50772476196289,303.7699890136719,545.49169921875,83.9636459350586,83.48528289794922
2025-05-01,42.498008728027344,297.4599914550781,549.3575439453125,83.53787231445312,83.75938415527344
2025-05-02,43.71223831176758,297.9800109863281,557.5123901367188,82.6336441040039,84.78959655761719
2025-05-05,44.04250717163086,306.8800048828125,554.3153076171875,82.17211151123047,84.6005630493164
2025-05-06,43.86766052246094,315.4800109863281,549.6821899414062,82.44526672363281,83.94841003417969
2025-05-07,43.36254119873047,310.75,551.9937744140625,82.79376983642578,84.04292297363281
2025-05-08,43.333396911621094,304.6300048828125,555.8399658203125,81.87069702148438,83.71212768554688
2025-05-09,43.62481689453125,306.8399963378906,555.1317749023438,81.99315643310547,84.26978302001953
2025-05-12,44.56705856323242,298.19000244140625,573.4774780273438,81.2302017211914,84.68563079833984
2025-05-13,44.64476776123047,299.4599914550781,577.2646484375,80.90052795410156,83.608154296875
2025-05-14,44.98474884033203,293.1600036621094,578.0023193359375,80.36363983154297,82.78587341308594
2025-05-15,44.96532440185547,297.8399963378906,580.8256225585938,81.07007598876953,84.2981185913086
2025-05-16,44.936180114746094,294.239990234375,584.5045776367188,81.28672790527344,85.34724426269531
2025-05-19,45.03331756591797,298.0299987792969,585.1439208984375,81.05125427246094,85.36613464355469
2025-05-20,44.98474884033203,303.5799865722656,583.1765747070312,80.46724700927734,84.8652114868164
2025-05-21,44.86818313598633,305.82000732421875,573.3495483398438,79.09207916259766,82.6063003540039
2025-05-22,44.722476959228516,303.1099853515625,573.5758666992188,79.50651550292969,82.22822570800781
2025-05-23,44.90704345703125,309.75,569.6607055664062,79.63838958740234,82.31330108642578
2025-05-27,44.80018615722656,304.5,581.50439453125,80.74982452392578,83.74993133544922
2025-05-28,44.596195220947266,303.80999755859375,578.14013671875,80.40132904052734,83.66485595703125
2025-05-29,44.76133728027344,305.6099853515625,580.4222412109375,81.14544677734375,84.42098236083984
2025-05-30,44.21735763549805,303.6000061035156,579.7730102539062,81.26787567138672,84.42098236083984
2025-06-02,44.53791427612305,311.6700134277344,583.038818359375,80.51155090332031,84.53440856933594
2025-06-03,44.64476776123047,308.9100036621094,586.3637084960938,80.36973571777344,84.3642807006836
2025-06-04,45.198455810546875,310.8999938964844,586.206298828125,81.67440032958984,84.6005630493164
2025-06-05,45.43158721923828,309.3299865722656,583.3733520507812,81.73112487792969,84.53440856933594
2025-06-06,45.57728958129883,305.17999267578125,589.3639526367188,80.69116973876953,84.94082641601562
2025-06-09,45.96584701538086,306.6199951171875,589.8951416015625,80.77627563476562,85.05423736572266
2025-06-10,46.22812271118164,306.7099914550781,593.23974609375,81.19225311279297,85.7820053100586
2025-06-11,46.42239761352539,308.3699951171875,591.5476684570312,81.43804931640625,85.3188705444336
2025-06-12,46.50010681152344,312.20001220703125,593.8987426757812,82.41183471679688,85.73474884033203
2025-06-13,45.76185989379883,316.2900085449219,587.2588500976562,81.61770629882812,84.90302276611328
2025-06-16,46.32286834716797,311.7799987792969,592.84619140625,80.795166015625,84.96919250488281
2025-06-17,45.714778900146484,311.94000244140625,587.7802734375,81.77840423583984,84.6667251586914
2025-06-18,45.7049674987793,310.260009765625,587.6917114257812,81.92021942138672,84.95972442626953
2025-06-20,45.44015884399414,310.1300048828125,586.3115234375,81.76895141601562,84.90302276611328
2025-06-23,45.81285858154297,311.0799865722656,592.102783203125,82.03368377685547,86.17896270751953
2025-06-24,46.99961853027344,306.19000244140625,598.6438598632812,82.6292724609375,86.40580749511719
2025-06-25,47.03884506225586,307.1199951171875,598.9793090820312,82.73326873779297,84.32647705078125
2025-06-26,47.35270309448242,306.7799987792969,603.66552734375,83.14924621582031,84.24820709228516
2025-06-27,47.166351318359375,301.2200012207031,606.664794921875,82.61981964111328,84.45818328857422
2025-06-30,47.313472747802734,304.8299865722656,609.5653686523438,83.43286895751953,85.00221252441406
2025-07-01,47.4017448425293,307.54998779296875,609.3681030273438,83.63976287841797,85.62259674072266
2025-07-02,47.60770797729492,309.25,612.1305541992188,83.10834503173828,85.82303619384766
2025-07-03,47.823482513427734,307.1400146484375,616.9550170898438,82.52948760986328,85.91845703125
2025-07-07,47.14673614501953,307.3699951171875,612.3573608398438,81.74187469482422,85.18356323242188
2025-07-08,47.440975189208984,304.1600036621094,612.0220947265625,81.63748168945312,85.05948638916016
2025-07-09,47.362510681152344,305.5199890136719,615.6920776367188,82.49153137207031,85.12629699707031
2025-07-10,47.490013122558594,306.20001220703125,617.4285278320312,82.54846954345703,85.66077423095703
2025-07-11,47.33308792114258,309.1400146484375,615.2579956054688,81.40972900390625,85.67032623291016
2025-07-14,47.4017448425293,308.010009765625,616.43212890625,81.23892974853516,86.22389221191406
2025-07-15,47.745018005371094,306.7300109863281,613.7978515625,80.66956329345703,84.9544906616211
2025-07-16,47.970603942871094,308.260009765625,615.8499755859375,80.78343963623047,85.7562255859375
2025-07-17,48.24522399902344,307.5899963378906,619.6187744140625,80.76445770263672,85.66077423095703
2025-07-18,48.13733673095703,308.3900146484375,619.1649169921875,80.8878173828125,85.84211730957031
2025-07-21,48.451194763183594,313.1300048828125,620.3390502929688,81.60902404785156,86.19526672363281
2025-07-22,48.48061752319336,316.1000061035156,620.4277954101562,82.10246276855469,87.67464447021484
2025-07-23,48.971012115478516,312.17999267578125,625.7060546875,81.64698028564453,87.84644317626953
2025-07-24,48.70619583129883,310.2699890136719,625.9132690429688,81.504638671875,87.54102325439453
2025-07-25,48.55907440185547,307.3999938964844,628.5572509765625,82.01705932617188,87.55056762695312
2025-07-28,48.23542022705078,305.4100036621094,628.3993530273438,81.48565673828125,86.14755249023438
2025-07-29,48.255035400390625,306.25,626.741943359375,82.86162567138672,87.53148651123047
2025-07-30,47.90195083618164,300.9599914550781,625.9527587890625,82.4345932006836,86.29071044921875
2025-07-31,47.62732696533203,302.9599914550781,623.6046142578125,82.4820327758789,85.07855987548828
2025-08-01,47.27423858642578,309.1099853515625,613.3834228515625,83.6546630859375,84.86859893798828
2025-08-04,47.7646369934082,310.9100036621094,622.706787109375,83.88326263427734,85.73712921142578
2025-08-05,47.90195083618164,311.1600036621094,619.5496215820312,84.14044952392578,86.12845611572266
2025-08-06,48.12752914428711,310.5,624.295166015625,83.6546630859375,85.46034240722656
2025-08-07,48.52965545654297,313.1199951171875,623.7722778320312,83.51176452636719,85.70850372314453
2025-08-08,48.490421295166016,313.04998779296875,628.63623046875,83.14979553222656,85.00221252441406
2025-08-11,48.353111267089844,308.54998779296875,627.3931274414062,83.24504852294922,84.43909454345703
2025-08-12,48.94158935546875,308.2699890136719,634.072265625,82.8259048461914,84.91632080078125
2025-08-13,49.53006362915039,309.2099914550781,636.2427978515625,83.51176452636719,85.70850372314453
2025-08-14,48.921974182128906,307.25,636.3020629882812,82.89259338378906,85.09766387939453
2025-08-15,48.98081970214844,307.42999267578125,634.812255859375,82.30201721191406,85.58441925048828
2025-08-18,49.2652473449707,306.95001220703125,634.6741333007812,82.0638656616211,84.85905456542969
2025-08-19,48.86312484741211,305.2699890136719,631.2310180664062,82.54015350341797,86.31934356689453
2025-08-20,48.79446792602539,308.3599853515625,629.5537719726562,82.72113037109375,86.56749725341797
2025-08-21,48.686580657958984,307.2900085449219,627.0280151367188,82.31153106689453,86.3097915649414
2025-08-22,49.65756607055664,310.5799865722656,636.6572265625,82.92118072509766,87.98006439208984
2025-08-25,49.37313461303711,309.8299865722656,633.8552856445312,82.68303680419922,87.47421264648438
2025-08-26,49.245635986328125,312.0799865722656,636.5091552734375,82.63540649414062,87.24514770507812
2025-08-27,48.95139694213867,312.7099914550781,637.9595336914062,82.54015350341797,87.7891845703125
2025-08-28,49.13774871826172,315.0299987792969,640.2186889648438,83.08311462402344,87.56010437011719
2025-08-29,48.90235900878906,318.07000732421875,636.400634765625,82.49250793457031,88.0373306274414
2025-09-02,48.86312484741211,325.5899963378906,631.6847534179688,81.8786392211914,86.57703399658203
2025-09-03,49.049476623535156,328.1400146484375,635.108154296875,82.7774658203125,86.624755859375
2025-09-04,48.892547607421875,326.69000244140625,640.4161376953125,83.40855407714844,87.27378845214844
2025-09-05,49.48102569580078,331.04998779296875,638.561279296875,84.68028259277344,88.25685119628906
2025-09-08,49.93218994140625,334.82000732421875,640.1300048828125,85.80857849121094,87.74144744873047
2025-09-09,50.206809997558594,334.05999755859375,641.60986328125,85.3209457397461,87.54102325439453
2025-09-10,50.55009078979492,335.260009765625,643.4646606445312,85.80857849121094,87.39786529541016
2025-09-11,51.28568649291992,334.760009765625,648.81201171875,86.3823013305664,88.99176025390625
2025-09-12,51.25625991821289,335.4200134277344,648.5950317382812,86.00939178466797,88.58135223388672
2025-09-15,51.628963470458984,338.9100036621094,652.0480346679688,86.21018981933594,88.43819427490234
2025-09-16,52.011470794677734,339.5899963378906,651.1502075195312,86.39186096191406,87.97051239013672
2025-09-17,52.23705291748047,336.9700012207031,650.34130859375,86.17195129394531,87.85599517822266
2025-09-18,52.10955047607422,335.6199951171875,653.3799438476562,85.28267669677734,88.046875
2025-09-19,51.991851806640625,339.17999267578125,656.615966796875,85.12013244628906,87.47421264648438
2025-09-22,52.246864318847656,345.04998779296875,659.7225341796875,84.81415557861328,87.49329376220703
2025-09-23,52.276283264160156,346.4599914550781,656.1312255859375,85.406982421875,87.97051239013672
2025-09-24,52.0997428894043,343.32000732421875,654.043701171875,85.08189392089844,87.1052474975586
2025-09-25,51.79569625854492,344.75,651.0263061523438,85.08189392089844,86.84508514404297
2025-09-26,51.69761657714844,346.739990234375,654.756103515625,85.0053939819336,87.70264434814453
2025-09-29,52.16839599609375,352.4599914550781,656.59619140625,85.70339965820312,87.73155975341797
2025-09-30,52.374366760253906,355.4700012207031,659.0695190429688,85.45479583740234,88.08806610107422
2025-10-01,52.78629684448242,356.0299987792969,661.3153686523438,85.67549896240234,88.22296905517578
2025-10-02,53.031494140625,354.7900085449219,662.0769653320312,85.92497253417969,87.76045989990234
2025-10-03,53.18842315673828,357.6400146484375,662.0671997070312,85.76184844970703,88.08806610107422
2025-10-06,53.433624267578125,364.3800048828125,664.4415283203125,85.08058166503906,87.25941467285156
2025-10-07,53.021690368652344,366.260009765625,661.9780883789062,85.56993103027344,86.94144439697266
2025-10-08,53.44343185424805,372.29998779296875,665.925537109375,85.6371078491211,86.48857879638672
2025-10-09,52.89418411254883,365.42999267578125,663.9963989257812,85.56993103027344,86.01642608642578
2025-10-10,50.942405700683594,369.1199951171875,646.0499877929688,86.95166015625,84.91797637939453
2025-10-13,52.42340850830078,378.0899963378906,655.9630126953125,86.90367889404297,85.45758056640625
2025-10-14,51.9526252746582,380.7900085449219,655.1616821289062,87.18193817138672,86.33440399169922
2025-10-15,52.80591583251953,387.3900146484375,658.0703125,86.99004364013672,87.58702850341797
2025-10-16,53.149192810058594,396.45001220703125,653.5886840820312,87.64250183105469,87.2786865234375
2025-10-17,53.13938522338867,388.989990234375,657.298583984375,87.50816345214844,87.8471908569336
2025-10-20,53.865169525146484,403.1499938964844,664.1348266601562,87.84400177001953,88.73365020751953
2025-10-21,53.26688766479492,377.239990234375,664.1249389648438,88.27579498291016,88.4831314086914
2025-10-22,53.21784591674805,377.2799987792969,660.6721801757812,88.33334350585938,88.85891723632812
2025-10-23,53.688629150390625,378.7900085449219,664.5899658203125,87.7288589477539,88.80109405517578
2025-10-24,54.04171371459961,377.5199890136719,670.0213623046875,87.76725769042969,89.06126403808594
2025-10-27,54.63999557495117,367.010009765625,677.926025390625,88.064697265625,89.31178283691406
2025-10-28,54.62038040161133,364.3800048828125,679.7266235351562,88.29498291015625,87.55812072753906
2025-10-29,54.934234619140625,363.0,680.0531616210938,87.40261840820312,85.30339813232422
2025-10-30,54.36537551879883,370.1300048828125,672.5739135742188,86.89407348632812,85.70809936523438
2025-10-31,54.23787307739258,368.1199951171875,674.7799682617188,86.635009765625,85.9297103881836
2025-11-03,54.581153869628906,368.7799987792969,676.04638671875,86.41834259033203,85.80445098876953
2025-11-04,53.58074188232422,362.32000732421875,668.0328369140625,86.61094665527344,85.94898223876953
2025-11-05,54.06132888793945,366.510009765625,670.3478393554688,85.66720581054688,86.02606201171875
2025-11-06,53.65920639038086,366.07000732421875,663.1553955078125,86.43758392333984,85.61174011230469
2025-11-07,53.50227737426758,368.30999755859375,663.808349609375,86.25463104248047,86.94144439697266
2025-11-10,54.4438362121582,378.3800048828125,674.1665649414062,86.2353744506836,86.89327239990234
2025-11-11,54.502685546875,379.8699951171875,675.7099609375,86.63019561767578,87.86646270751953
2025-11-12,54.51249313354492,385.989990234375,676.0859985351562,86.7842788696289,87.21124267578125
2025-11-13,53.87498092651367,382.8699951171875,664.8670043945312,86.07166290283203,86.14169311523438
2025-11-14,53.90440368652344,375.9599914550781,664.7581176757812,85.58055114746094,86.32476043701172
2025-11-17,53.26688766479492,371.6499938964844,658.56494140625,85.79239654541016,85.61174011230469
2025-11-18,53.0020751953125,374.3500061035156,653.03466796875,85.76350402832031,85.9586181640625
2025-11-19,52.81571960449219,374.9599914550781,655.5574340820312,85.59016418457031,85.28413391113281
2025-11-20,52.08993911743164,374.8500061035156,645.5652465820312,85.9272232055664,84.9276123046875
2025-11-21,52.08012390136719,374.2699890136719,651.9959106445312,86.18721771240234,86.30549621582031
2025-11-24,52.629371643066406,380.20001220703125,661.59228515625,86.67835235595703,86.5367431640625
2025-11-25,52.81571960449219,380.0799865722656,667.815185546875,86.89983367919922,87.33650207519531
2025-11-26,53.19823455810547,383.1199951171875,672.4254150390625,87.28502655029297,87.721923828125
2025-11-28,53.27669143676758,387.8800048828125,676.0958251953125,86.8709487915039,88.010986328125
2025-12-01,53.237464904785156,389.75,673.0090942382812,85.78949737548828,86.99925231933594
2025-12-02,53.257080078125,387.239990234375,674.2557373046875,85.82815551757812,86.69091796875
2025-12-03,53.29631042480469,386.8800048828125,676.5905151367188,86.06977081298828,86.91252899169922
2025-12-04,53.28650665283203,387.1300048828125,677.085205078125,85.60590362548828,86.70055389404297
2025-12-05,53.688629150390625,386.44000244140625,678.3712158203125,85.20964050292969,86.60419464111328
2025-12-08,53.5709342956543,385.4200134277344,676.3333740234375,84.92938232421875,85.9393539428711
2025-12-09,53.482662200927734,387.3999938964844,675.7495727539062,85.01637268066406,85.61174011230469
2025-12-10,54.0809440612793,389.04998779296875,680.2312622070312,85.34495544433594,85.92008209228516
2025-12-11,53.8259391784668,393.239990234375,681.8141479492188,85.22898864746094,86.29586029052734
2025-12-12,53.19823455810547,395.44000244140625,674.4832153320312,84.40751647949219,86.18986511230469
2025-12-15,53.04130935668945,395.79998779296875,673.4641723632812,84.46552276611328,86.45967102050781
2025-12-16,52.70604705810547,395.8900146484375,671.6240844726562,84.92938232421875,85.82372283935547
2025-12-17,52.32801055908203,399.2900085449219,664.2338256835938,84.85208129882812,86.14169311523438
2025-12-18,52.92491149902344,398.57000732421875,669.2495727539062,85.25797271728516,85.6888198852539
2025-12-19,53.442222595214844,399.0199890136719,675.3153686523438,84.93976593017578,85.36121368408203
2025-12-22,53.73072052001953,408.2300109863281,679.5225219726562,84.75540924072266,85.79974365234375
2025-12-23,54.029170989990234,413.6400146484375,682.6282348632812,84.89125061035156,85.74140930175781
2025-12-24,54.13859939575195,411.92999267578125,685.0294799804688,85.40544891357422,86.30537414550781
2025-12-26,54.51663589477539,416.739990234375,684.9600219726562,85.12409973144531,86.40259552001953
2025-12-29,54.37736129760742,398.6000061035156,682.51904296875,85.44425964355469,86.57762145996094
2025-12-30,54.596221923828125,398.8900146484375,681.685546875,85.24050903320312,86.75263977050781
2025-12-31,54.427101135253906,396.30999755859375,676.635009765625,84.56138610839844,86.04283142089844
2026-01-02,55.94919204711914,398.2799987792969,677.8753051757812,84.43526458740234,86.07200622558594
2026-01-05,56.565982818603516,408.760009765625,682.3900756835938,84.8524398803711,86.26647186279297
2026-01-06,56.98381042480469,413.17999267578125,686.4484252929688,84.67780303955078,86.89849090576172
2026-01-07,56.556034088134766,409.2300109863281,684.2356567382812,85.17259979248047,86.05255126953125
2026-01-08,56.575931549072266,411.489990234375,684.1661987304688,84.74571990966797,86.82070922851562
2026-01-09,56.84453582763672,414.4700012207031,688.69091796875,85.30841827392578,86.99573516845703
2026-01-12,57.64039611816406,422.2300109863281,689.7723999023438,85.05615997314453,87.1124038696289
2026-01-13,57.21261978149414,421.6300048828125,688.3931884765625,85.20170593261719,87.59857940673828
2026-01-14,57.45138168334961,425.94000244140625,685.009521484375,85.69650268554688,88.35701751708984
2026-01-15,57.78962326049805,423.3299865722656,686.875,85.6771011352539,88.96958923339844
2026-01-16,57.57075881958008,421.2900085449219,686.299560546875,85.18230438232422,90.05862426757812
2026-01-20,57.01365661621094,437.2300109863281,672.3286743164062,84.06659698486328,88.38618469238281
2026-01-21,57.958744049072266,443.6000061035156,680.088134765625,84.70690155029297,88.7362289428711
2026-01-22,58.39646911621094,451.7900085449219,683.6402587890625,85.0755844116211,87.86112213134766
2026-01-23,58.764556884765625,458.0,683.8883056640625,85.30841827392578,88.03614044189453
2026-01-26,58.864036560058594,464.70001220703125,687.3612060546875,85.71591186523438,87.91946411132812
2026-01-27,60.02798843383789,476.1000061035156,690.099853515625,85.18230438232422,87.89028930664062
2026-01-28,60.43586730957031,494.55999755859375,690.0303955078125,84.98826599121094,86.98600769042969
2026-01-29,60.127471923828125,495.8999938964844,688.6610717773438,85.00765991210938,88.20143127441406
2026-01-30,58.79439926147461,444.95001220703125,686.6071166992188,84.53227996826172,88.28895568847656
2026-02-02,58.97346878051758,427.1300048828125,690.0203857421875,84.2907485961914,87.37494659423828
2026-02-03,59.291812896728516,454.2900085449219,684.18603515625,84.49527740478516,87.18048095703125
2026-02-04,58.49595260620117,453.9700012207031,680.8719482421875,84.281005859375,88.43479919433594
2026-02-05,58.22734832763672,441.8800048828125,672.3682861328125,85.19647979736328,88.30839538574219
2026-02-06,59.75938415527344,455.4599914550781,685.2676391601562,85.25492858886719,89.6988525390625
2026-02-09,60.19710922241211,467.0299987792969,688.5718383789062,85.23543548583984,90.07806396484375
2026-02-10,60.286643981933594,462.3999938964844,686.7559814453125,86.21907043457031,91.28376770019531
2026-02-11,61.24168014526367,467.6300048828125,686.5972290039062,85.76133728027344,90.77816009521484
2026-02-12,60.5452995300293,451.3900146484375,675.9900512695312,86.90079498291016,90.67118835449219
2026-02-13,60.803955078125,462.6199951171875,676.4663696289062,87.37800598144531,91.97412872314453
2026-02-17,60.55524826049805,448.20001220703125,677.5578002929688,87.52410125732422,92.8492431640625
2026-02-18,60.873592376708984,458.2799987792969,680.9711303710938,87.19296264648438,91.76021575927734
2026-02-19,60.724369049072266,459.55999755859375,679.1751098632812,87.28062438964844,91.56575012207031
2026-02-20,62.01764678955078,468.6199951171875,684.0867919921875,87.07611083984375,92.25611114501953
2026-02-23,61.331214904785156,481.2799987792969,677.1013793945312,87.39747619628906,92.2658462524414
2026-02-24,62.296199798583984,474.6099853515625,682.02294921875,87.55331420898438,92.49919891357422
2026-02-25,62.98263168334961,473.4200134277344,687.7779541015625,87.56305694580078,92.24639892578125
2026-02-26,62.38573455810547,477.4800109863281,683.957763671875,87.91364288330078,92.87841033935547
2026-02-27,62.25640869140625,483.75,680.6734619140625,88.44928741455078,93.0437240600586
2026-03-02,61.18199157714844,490.0,681.0604858398438,87.56108093261719,93.27708435058594
2026-03-03,58.117916107177734,468.1400146484375,675.057373046875,87.38519287109375,92.78118133544922
2026-03-04,58.744659423828125,471.79998779296875,679.8201904296875,87.1115951538086,92.89785766601562
2026-03-05,57.33200454711914,466.1300048828125,676.0297241210938,86.75982666015625,91.96440887451172
2026-03-06,57.02360534667969,473.510009765625,667.1690063476562,86.43737030029297,90.96289825439453
2026-03-09,58.147762298583984,472.5299987792969,673.0133056640625,87.18976593017578,91.1670913696289
2026-03-10,58.37657165527344,477.8599853515625,671.9317016601562,86.26148223876953,91.03096008300781
2026-03-11,58.52579879760742,476.239990234375,671.08837890625,85.14754486083984,90.0877914428711
2026-03-12,56.655517578125,466.8800048828125,660.89794921875,84.98143768310547,89.46548461914062
2026-03-13,56.50629425048828,460.8399963378906,657.1571655273438,84.56126403808594,89.61133575439453
2026-03-16,58.078125,460.42999267578125,663.8449096679688,85.21595001220703,90.36004638671875
2026-03-17,58.44620895385742,459.2699890136719,665.5912475585938,85.4504623413086,90.75869750976562
2026-03-18,57.262367248535156,444.739990234375,656.3038330078125,84.97167205810547,89.4168701171875
2026-03-19,57.322052001953125,426.4100036621094,654.6864624023438,85.48954772949219,89.05709075927734
2026-03-20,55.352291107177734,413.3800048828125,645.3009643554688,83.86750793457031,86.29564666748047
2026-03-23,57.01365661621094,404.0400085449219,652.07666015625,84.41470336914062,86.96656036376953
2026-03-24,56.22774124145508,404.1300048828125,649.8877563476562,84.04338836669922,86.39263916015625
2026-03-25,57.123085021972656,416.2900085449219,653.5094604492188,84.85440826416016,86.32384490966797
2026-03-26,55.18317413330078,400.6400146484375,641.838623046875,84.14110565185547,86.20592498779297
2026-03-27,54.91456985473633,414.70001220703125,630.89404296875,83.68184661865234,85.49834442138672
2026-03-30,54.466896057128906,414.5799865722656,628.78466796875,84.79578399658203,85.82264709472656
2026-03-31,56.49634552001953,430.2900085449219,647.0621337890625,84.70783996582031,87.16899871826172
2026-04-01,56.9340705871582,437.82000732421875,651.9373779296875,84.62445831298828,87.48347473144531
2026-04-02,56.29737854003906,429.4100036621094,652.5244750976562,85.1444091796875,88.67259216308594
2026-04-06,56.814693450927734,427.6499938964844,655.6087646484375,85.0070571899414,88.80034637451172
2026-04-07,57.01365661621094,431.80999755859375,655.8972778320312,84.99724578857422,88.9281005859375
2026-04-08,60.127471923828125,434.5299987792969,672.6027221679688,85.27193450927734,90.52997589111328
2026-04-09,59.968299865722656,437.9100036621094,676.4830322265625,85.05609893798828,91.17858123779297
2026-04-10,60.24685287475586,437.1300048828125,676.0353393554688,84.85008239746094,91.37512969970703
2026-04-13,60.754215240478516,435.3599853515625,682.6417846679688,85.10516357421875,91.71908569335938
2026-04-14,61.91816711425781,445.0899963378906,690.959716796875,85.55643463134766,92.5937271118164
2026-04-15,61.87837219238281,440.4599914550781,696.412109375,85.18363952636719,92.66252136230469
2026-04-16,62.127079010009766,440.0799865722656,698.1234130859375,84.64407348632812,93.51750183105469
2026-04-17,63.3109245300293,445.92999267578125,706.5607299804688,85.41909790039062,95.01126861572266
2026-04-20,62.85330581665039,442.0899963378906,705.1477661132812,85.39946746826172,95.355224609375
2026-04-21,61.9281120300293,429.57000732421875,700.53125,84.92857360839844,93.66490936279297
2026-04-22,63.052268981933594,435.260009765625,707.6253051757812,85.09535217285156,92.88854217529297
2026-04-23,62.02759552001953,431.0400085449219,704.8792114257812,84.90895080566406,93.84180450439453
2026-04-24,63.41040802001953,433.25,710.3414916992188,85.06591796875,93.65508270263672
2026-04-27,63.3109245300293,429.8900146484375,711.5653686523438,84.64407348632812,93.14405822753906
2026-04-28,62.66428756713867,421.9100036621094,708.1029052734375,84.73236083984375,93.99903869628906
2026-04-29,62.36583709716797,417.4100036621094,707.993408203125,84.07506561279297,93.2619857788086
2026-04-30,63.65911865234375,423.6600036621094,715.0377197265625,83.99658966064453,94.66731262207031
2026-05-01,63.79838943481445,423.17999267578125,717.0177001953125,84.29691314697266,94.40196228027344
2026-05-04,63.7685432434082,414.7099914550781,714.3909912109375,83.65687561035156,93.81232452392578
2026-05-05,65.06182861328125,418.2699890136719,720.1220092773438,84.11967468261719,94.10713958740234
2026-05-06,67.1410140991211,430.9599914550781,730.1312866210938,84.75970458984375,95.4141845703125
2026-05-07,66.24566650390625,431.67999267578125,727.8926391601562,84.33629608154297,94.72627258300781
2026-05-08,67.58869171142578,433.7699890136719,733.9021606445312,84.75970458984375,94.95230102539062
2026-05-11,67.53894805908203,434.6499938964844,735.5736694335938,84.24767303466797,95.02108764648438
2026-05-12,65.47965240478516,432.92999267578125,734.4593505859375,83.68641662597656,95.02108764648438
2026-05-13,66.86246490478516,430.5,738.5685424804688,83.49934387207031,94.23489379882812
2026-05-14,67.03158569335938,427.2099914550781,744.3989868164062,83.61749267578125,93.67473602294922
2026-05-15,64.73352813720703,417.2900085449219,735.4443969726562,82.37682342529297,92.28907775878906
2026-05-18,64.63404846191406,418.42999267578125,734.927001953125,82.27835083007812,93.37008666992188
2026-05-19,63.9277229309082,411.5,730.03173828125,81.74662780761719,93.63542938232422
2026-05-20,65.12151336669922,417.3999938964844,737.5138549804688,82.62298583984375,94.82453918457031
2026-05-21,65.68856811523438,416.989990234375,738.9764404296875,82.92823028564453,95.00143432617188
2026-05-22,65.53933715820312,413.82000732421875,741.8817749023438,83.38116455078125,95.0997085571289
2026-05-26,68.04631042480469,414.0,746.8068237304688,83.79473114013672,95.54193878173828
2026-05-27,68.03636169433594,408.489990234375,746.6774291992188,83.99166107177734,95.24711608886719
2026-05-28,68.2552261352539,412.7699890136719,750.7965698242188,84.42491149902344,94.88351440429688
2026-05-29,68.24527740478516,417.1199951171875,752.6671142578125,84.44461059570312,94.04817199707031
2026-06-01,69.7176284790039,411.260009765625,754.7166748046875,84.49008178710938,92.4659652709961
2026-06-02,70.43390655517578,411.95001220703125,755.7415771484375,84.66802215576172,92.88854217529297
2026-06-03,69.5584487915039,407.8699951171875,750.4384155273438,84.33191680908203,92.78044891357422
2026-06-04,68.74269104003906,411.2699890136719,753.2740478515625,84.51973724365234,94.44127655029297
2026-06-05,64.25601196289062,396.239990234375,733.83251953125,84.08477783203125,95.11936950683594
2026-06-08,65.4100112915039,397.2699890136719,735.4940795898438,83.64982604980469,93.8221435546875
2026-06-09,65.47965240478516,390.7799987792969,733.3350830078125,84.14409637451172,95.98417663574219
2026-06-10,64.32565307617188,374.5799865722656,721.7736206054688,83.90684509277344,95.99400329589844
2026-06-11,67.15096282958984,386.32000732421875,734.04150390625,84.99423217773438,95.92521667480469
2026-06-12,67.52899932861328,386.5400085449219,738.0113525390625,84.7866439819336,96.80967712402344
2026-06-15,69.75,396.54998779296875,751.0254516601562,84.73722076416016,96.13158416748047
2026-06-16,68.63999938964844,397.6300048828125,746.5481567382812,85.20182800292969,96.36743927001953
2026-06-17,68.55999755859375,388.6000061035156,737.225341796875,85.34022521972656,93.95973205566406
2026-06-18,70.79000091552734,387.1199951171875,744.8902587890625,85.75540924072266,93.91059112548828
2026-06-22,71.20999908447266,384.5899963378906,742.546142578125,85.10297393798828,94.92281341552734
2026-06-23,67.16999816894531,377.32000732421875,731.7628784179688,85.21170806884766,96.17089080810547
2026-06-24,67.25,365.9200134277344,731.4237060546875,86.37818145751953,96.17585754394531
2026-06-25,67.95999908447266,369.4599914550781,732.4810791015625,86.34852600097656,96.35430908203125
2026-06-26,67.19000244140625,373.6300048828125,727.1842651367188,86.35841369628906,97.82157897949219
2026-06-29,67.43000030517578,368.5799865722656,739.1644897460938,86.44738006591797,97.3060531616211
2026-06-30,68.41000366210938,368.3800048828125,744.9202270507812,85.42918395996094,95.60083770751953
2026-07-01,66.4800033569336,370.6000061035156,743.9127197265625,84.85173034667969,95.98748779296875
2026-07-02,65.69999694824219,378.1300048828125,742.9351806640625,84.84181213378906,97.17716217041016
2026-07-06,67.56999969482422,382.1300048828125,749.4190673828125,84.78227996826172,96.40386962890625
2026-07-07,65.72000122070312,377.489990234375,745.85791015625,83.88932037353516,97.55390167236328
2026-07-08,66.2300033569336,374.45001220703125,743.5536499023438,83.7008056640625,95.96765899658203
2026-07-09,66.77999877929688,378.17999267578125,749.8480224609375,83.82978820800781,96.25516510009766
2026-07-10,66.9000015258789,377.010009765625,753.0799560546875,83.80994415283203,96.48318481445312
2026-07-13,64.5,367.1300048828125,747.3142700195312,83.31385040283203,96.98880767822266
2026-07-14,65.66999816894531,372.1499938964844,749.9677124023438,83.4229965209961,96.73104095458984
2026-07-15,65.56999969482422,372.3500061035156,752.9403076171875,83.58174133300781,97.01854705810547
2026-07-16,64.19000244140625,364.9599914550781,748.8604125976562,83.55197143554688,99.20954132080078
2026-07-17,63.290000915527344,368.4100036621094,741.4487915039062,83.85955047607422,99.15996551513672
2026-07-20,63.560001373291016,367.6000061035156,740.2518310546875,83.2344741821289,98.62461853027344
2026-07-21,65.33999633789062,374.80999755859375,746.426513671875,83.00627899169922,98.66426849365234
2026-07-22,64.98999786376953,379.1199951171875,745.55859375,82.78799438476562,98.16856384277344
2026-07-23,64.5999984741211,371.5199890136719,736.3515014648438,82.52009582519531,97.8414077758789
2026-07-24,63.33000183105469,371.8999938964844,737.099609375,82.59947204589844,99.94317626953125
2026-07-27,63.619998931884766,374.6300048828125,737.25927734375,83.09556579589844,99.67549896240234
2026-07-28,62.36000061035156,369.3699951171875,739.0248413085938,83.58174133300781,100.08197021484375
2026-07-29,61.06999969482422,371.0799865722656,727.6531372070312,82.20259857177734,99.79447174072266
2026-07-30,63.59000015258789,377.1600036621094,739.852783203125,82.15299224853516,98.63452911376953
2026-07-31,64.08999633789062,371.5400085449219,745.1796264648438,81.60728454589844,98.09916687011719
2026-08-03,64.31999969482422,371.7099914550781,755.793212890625,81.87625885009766,98.2181396484375
2026-08-04,66.0,374.1600036621094,769.4193725585938,82.50385284423828,98.06942749023438
2026-08-05,65.72000122070312,389.6400146484375,767.8831787109375,82.68316650390625,98.06942749023438
2026-08-06,65.0199966430664,389.6700134277344,766.65625,82.20499420166016,97.1969985961914
2026-08-07,65.63999938964844,398.4700012207031,771.3446044921875,82.44408416748047,97.5836410522461
2026-08-10,65.16999816894531,402.5400085449219,771.1151733398438,81.74674987792969,96.27499389648438
2026-08-11,65.43000030517578,400.9599914550781,768.6513061523438,81.87625885009766,95.55126953125
2026-08-12,66.45999908447266,404.9200134277344,770.5764770507812,81.79656219482422,96.47327423095703
2026-08-13,66.68000030517578,398.9599914550781,775.9531860351562,82.27472686767578,97.73235321044922
2026-08-14,66.61000061035156,401.4800109863281,774.4169921875,81.7268295288086,97.9802017211914
2026-08-17,67.31999969482422,405.489990234375,770.7560424804688,81.03946685791016,97.13751220703125
2026-08-18,65.33999633789062,398.54998779296875,765.5490112304688,81.3482894897461,96.78060913085938
2026-08-19,66.11000061035156,413.8399963378906,767.1549682617188,82.70308685302734,97.76209259033203
2026-08-20,66.62000274658203,415.260009765625,760.7109985351562,82.02568054199219,97.75218200683594
2026-08-21,67.12000274658203,423.3599853515625,763.8232421875,81.7367935180664,97.65303802490234
2026-08-24,66.11000061035156,426.69000244140625,761.5787963867188,82.24484252929688,98.24787902832031
2026-08-25,67.25,428.07000732421875,764.0127563476562,83.15137481689453,98.39659118652344
2026-08-26,67.16999816894531,421.32000732421875,764.182373046875,82.98202514648438,97.76209259033203
2026-08-27,67.61000061035156,422.6000061035156,769.18994140625,82.81266784667969,96.81034851074219
2026-08-28,67.13999938964844,408.8900146484375,767.4442749023438,82.5636215209961,96.40386962890625
2026-08-31,67.0199966430664,408.4200134277344,765.1499633789062,82.20499420166016,95.61075592041016
2026-09-01,66.7699966430664,396.75,759.89306640625,81.87000274658203,95.47196197509766
2026-09-02,67.1500015258789,402.7799987792969,763.2646484375,81.94999694824219,94.95642852783203
2026-09-03,67.47000122070312,410.2200012207031,771.2548217773438,82.06999969482422,95.82886505126953
2026-09-04,68.69999694824219,406.7699890136719,768.2822265625,82.20999908447266,95.1943588256836
2026-09-08,68.83000183105469,399.7200012207031,764.0626831054688,82.19999694824219,95.10514068603516
2026-09-09,68.4800033569336,403.3500061035156,760.5115356445312,81.7300033569336,94.1236572265625
2026-09-10,67.0,396.3599853515625,755.9528198242188,80.77999877929688,93.31070709228516
2026-09-11,67.83999633789062,398.7699890136719,762.3967895507812,80.87000274658203,93.98485565185547
2026-09-14,65.98999786376953,392.8399963378906,758.9952392578125,80.93000030517578,93.5188980102539
2026-09-15,65.76000213623047,394.1499938964844,755.513916015625,80.70999908447266,93.2908706665039
2026-09-16,65.72000122070312,391.739990234375,752.1821899414062,80.87999725341797,92.67620849609375
2026-09-17,66.91000366210938,398.3599853515625,760.7109985351562,81.77999877929688,93.00336456298828
2026-09-18,67.02999877929688,401.1700134277344,761.6900024414062,81.25,92.11111450195312
2026-09-21,68.83000183105469,398.3800048828125,773.5,81.80000305175781,93.00336456298828
2026-09-22,69.0999984741211,400.07000732421875,773.3800048828125,81.75,92.81500244140625
2026-09-23,67.70999908447266,392.8800048828125,767.8099975585938,80.45999908447266,91.44999694824219
2026-09-24,67.25,391.69000244140625,767.1799926757812,79.41999816894531,91.16999816894531
2026-09-25,67.9800033569336,393.4100036621094,771.3499755859375,79.31999969482422,90.98999786376953
2026-09-28,67.19999694824219,377.9100036621094,765.6099853515625,78.62000274658203,90.58999633789062
